[0.000000] (-) TimerEvent: {}
[0.010163] (duckietown_msgs) JobQueued: {'identifier': 'duckietown_msgs', 'dependencies': OrderedDict()}
[0.010254] (duckietown_msgs) JobStarted: {'identifier': 'duckietown_msgs'}
[0.051225] (duckietown_msgs) JobProgress: {'identifier': 'duckietown_msgs', 'progress': 'cmake'}
[0.053658] (duckietown_msgs) Command: {'cmd': ['/usr/bin/cmake', '/home/vboxuser/duckietown_ws/duckietown_msgs', '-DAMENT_CMAKE_SYMLINK_INSTALL=1', '-DCMAKE_INSTALL_PREFIX=/home/vboxuser/duckietown_ws/install/duckietown_msgs'], 'cwd': '/home/vboxuser/duckietown_ws/build/duckietown_msgs', 'env': OrderedDict([('LESSOPEN', '| /usr/bin/lesspipe %s'), ('USER', 'vboxuser'), ('XDG_SESSION_TYPE', 'wayland'), ('SHLVL', '1'), ('LD_LIBRARY_PATH', '/opt/ros/humble/lib/x86_64-linux-gnu:/opt/ros/humble/lib'), ('HOME', '/home/vboxuser'), ('OLDPWD', '/home/vboxuser/duckietown_ws'), ('DESKTOP_SESSION', 'ubuntu'), ('ROS_PYTHON_VERSION', '3'), ('GNOME_SHELL_SESSION_MODE', 'ubuntu'), ('GTK_MODULES', 'gail:atk-bridge'), ('SYSTEMD_EXEC_PID', '2071'), ('DBUS_SESSION_BUS_ADDRESS', 'unix:path=/run/user/1000/bus'), ('COLORTERM', 'truecolor'), ('IM_CONFIG_PHASE', '1'), ('WAYLAND_DISPLAY', 'wayland-0'), ('ROS_DISTRO', 'humble'), ('LOGNAME', 'vboxuser'), ('_', '/usr/bin/colcon'), ('ROS_VERSION', '2'), ('XDG_SESSION_CLASS', 'user'), ('USERNAME', 'vboxuser'), ('TERM', 'xterm-256color'), ('GNOME_DESKTOP_SESSION_ID', 'this-is-deprecated'), ('ROS_LOCALHOST_ONLY', '0'), ('PATH', '/opt/ros/humble/bin:/home/vboxuser/.local/bin:/usr/local/sbin:/usr/local/bin:/usr/sbin:/usr/bin:/sbin:/bin:/usr/games:/usr/local/games:/snap/bin:/snap/bin:/home/vboxuser/.local/bin:/home/vboxuser/.local/bin'), ('SESSION_MANAGER', 'local/ubuntu2204:@/tmp/.ICE-unix/1583,unix/ubuntu2204:/tmp/.ICE-unix/1583'), ('XDG_MENU_PREFIX', 'gnome-'), ('GNOME_TERMINAL_SCREEN', '/org/gnome/Terminal/screen/accff446_1ed2_4278_83cc_8344dd50a3d7'), ('GNOME_SETUP_DISPLAY', ':1'), ('XDG_RUNTIME_DIR', '/run/user/1000'), ('DISPLAY', ':0'), ('LANG', 'en_US.UTF-8'), ('XDG_CURRENT_DESKTOP', 'ubuntu:GNOME'), ('XMODIFIERS', '@im=ibus'), ('XDG_SESSION_DESKTOP', 'ubuntu'), ('XAUTHORITY', '/run/user/1000/.mutter-Xwaylandauth.WU9FN3'), ('LS_COLORS', 'rs=0:di=01;34:ln=01;36:mh=00:pi=40;33:so=01;35:do=01;35:bd=40;33;01:cd=40;33;01:or=40;31;01:mi=00:su=37;41:sg=30;43:ca=30;41:tw=30;42:ow=34;42:st=37;44:ex=01;32:*.tar=01;31:*.tgz=01;31:*.arc=01;31:*.arj=01;31:*.taz=01;31:*.lha=01;31:*.lz4=01;31:*.lzh=01;31:*.lzma=01;31:*.tlz=01;31:*.txz=01;31:*.tzo=01;31:*.t7z=01;31:*.zip=01;31:*.z=01;31:*.dz=01;31:*.gz=01;31:*.lrz=01;31:*.lz=01;31:*.lzo=01;31:*.xz=01;31:*.zst=01;31:*.tzst=01;31:*.bz2=01;31:*.bz=01;31:*.tbz=01;31:*.tbz2=01;31:*.tz=01;31:*.deb=01;31:*.rpm=01;31:*.jar=01;31:*.war=01;31:*.ear=01;31:*.sar=01;31:*.rar=01;31:*.alz=01;31:*.ace=01;31:*.zoo=01;31:*.cpio=01;31:*.7z=01;31:*.rz=01;31:*.cab=01;31:*.wim=01;31:*.swm=01;31:*.dwm=01;31:*.esd=01;31:*.jpg=01;35:*.jpeg=01;35:*.mjpg=01;35:*.mjpeg=01;35:*.gif=01;35:*.bmp=01;35:*.pbm=01;35:*.pgm=01;35:*.ppm=01;35:*.tga=01;35:*.xbm=01;35:*.xpm=01;35:*.tif=01;35:*.tiff=01;35:*.png=01;35:*.svg=01;35:*.svgz=01;35:*.mng=01;35:*.pcx=01;35:*.mov=01;35:*.mpg=01;35:*.mpeg=01;35:*.m2v=01;35:*.mkv=01;35:*.webm=01;35:*.webp=01;35:*.ogm=01;35:*.mp4=01;35:*.m4v=01;35:*.mp4v=01;35:*.vob=01;35:*.qt=01;35:*.nuv=01;35:*.wmv=01;35:*.asf=01;35:*.rm=01;35:*.rmvb=01;35:*.flc=01;35:*.avi=01;35:*.fli=01;35:*.flv=01;35:*.gl=01;35:*.dl=01;35:*.xcf=01;35:*.xwd=01;35:*.yuv=01;35:*.cgm=01;35:*.emf=01;35:*.ogv=01;35:*.ogx=01;35:*.aac=00;36:*.au=00;36:*.flac=00;36:*.m4a=00;36:*.mid=00;36:*.midi=00;36:*.mka=00;36:*.mp3=00;36:*.mpc=00;36:*.ogg=00;36:*.ra=00;36:*.wav=00;36:*.oga=00;36:*.opus=00;36:*.spx=00;36:*.xspf=00;36:'), ('GNOME_TERMINAL_SERVICE', ':1.92'), ('SSH_AGENT_LAUNCHER', 'gnome-keyring'), ('SSH_AUTH_SOCK', '/run/user/1000/keyring/ssh'), ('AMENT_PREFIX_PATH', '/opt/ros/humble'), ('SHELL', '/bin/bash'), ('QT_ACCESSIBILITY', '1'), ('GDMSESSION', 'ubuntu'), ('LESSCLOSE', '/usr/bin/lesspipe %s %s'), ('QT_IM_MODULE', 'ibus'), ('PWD', '/home/vboxuser/duckietown_ws/build/duckietown_msgs'), ('XDG_CONFIG_DIRS', '/etc/xdg/xdg-ubuntu:/etc/xdg'), ('XDG_DATA_DIRS', '/usr/share/ubuntu:/usr/local/share/:/usr/share/:/var/lib/snapd/desktop'), ('PYTHONPATH', '/opt/ros/humble/lib/python3.10/site-packages:/opt/ros/humble/local/lib/python3.10/dist-packages'), ('COLCON', '1'), ('VTE_VERSION', '6800'), ('CMAKE_PREFIX_PATH', '/opt/ros/humble')]), 'shell': False}
[0.092416] (duckietown_msgs) StdoutLine: {'line': b'-- Found rosidl_default_generators: 1.2.1 (/opt/ros/humble/share/rosidl_default_generators/cmake)\n'}
[0.093015] (duckietown_msgs) StdoutLine: {'line': b'-- Found ament_cmake_core: 1.3.14 (/opt/ros/humble/share/ament_cmake_core/cmake)\n'}
[0.104427] (-) TimerEvent: {}
[0.217124] (-) TimerEvent: {}
[0.330188] (-) TimerEvent: {}
[0.427555] (duckietown_msgs) StdoutLine: {'line': b'-- Found Python3: /usr/bin/python3 (found version "3.10.12") found components: Interpreter \n'}
[0.434223] (-) TimerEvent: {}
[0.536309] (-) TimerEvent: {}
[0.563565] (duckietown_msgs) StdoutLine: {'line': b'-- Override CMake install command with custom implementation using symlinks instead of copying resources\n'}
[0.583355] (duckietown_msgs) StdoutLine: {'line': b'-- Using all available rosidl_typesupport_c: rosidl_typesupport_fastrtps_c;rosidl_typesupport_introspection_c\n'}
[0.594630] (duckietown_msgs) StdoutLine: {'line': b'-- Found rosidl_adapter: 3.1.8 (/opt/ros/humble/share/rosidl_adapter/cmake)\n'}
[0.638248] (-) TimerEvent: {}
[0.744122] (duckietown_msgs) StdoutLine: {'line': b'-- Using all available rosidl_typesupport_cpp: rosidl_typesupport_fastrtps_cpp;rosidl_typesupport_introspection_cpp\n'}
[0.744368] (-) TimerEvent: {}
[0.817529] (duckietown_msgs) StdoutLine: {'line': b'-- Found std_msgs: 4.9.1 (/opt/ros/humble/share/std_msgs/cmake)\n'}
[0.848190] (-) TimerEvent: {}
[0.864364] (duckietown_msgs) StdoutLine: {'line': b'-- Found geometry_msgs: 4.9.1 (/opt/ros/humble/share/geometry_msgs/cmake)\n'}
[0.902919] (duckietown_msgs) StdoutLine: {'line': b'-- Found visualization_msgs: 4.9.1 (/opt/ros/humble/share/visualization_msgs/cmake)\n'}
[0.950265] (-) TimerEvent: {}
[1.053121] (-) TimerEvent: {}
[1.156182] (-) TimerEvent: {}
[1.262120] (-) TimerEvent: {}
[1.365145] (-) TimerEvent: {}
[1.467272] (-) TimerEvent: {}
[1.581267] (-) TimerEvent: {}
[1.687310] (-) TimerEvent: {}
[1.790360] (-) TimerEvent: {}
[1.892102] (-) TimerEvent: {}
[1.995219] (-) TimerEvent: {}
[2.098232] (-) TimerEvent: {}
[2.203738] (-) TimerEvent: {}
[2.305187] (-) TimerEvent: {}
[2.408181] (-) TimerEvent: {}
[2.421944] (duckietown_msgs) StdoutLine: {'line': b'-- Found ament_cmake_ros: 0.10.0 (/opt/ros/humble/share/ament_cmake_ros/cmake)\n'}
[2.510147] (-) TimerEvent: {}
[2.614207] (-) TimerEvent: {}
[2.719204] (-) TimerEvent: {}
[2.821096] (-) TimerEvent: {}
[2.926203] (-) TimerEvent: {}
[3.030135] (-) TimerEvent: {}
[3.083222] (duckietown_msgs) StdoutLine: {'line': b'-- Using all available rosidl_typesupport_c: rosidl_typesupport_fastrtps_c;rosidl_typesupport_introspection_c\n'}
[3.133178] (-) TimerEvent: {}
[3.237386] (-) TimerEvent: {}
[3.341352] (-) TimerEvent: {}
[3.445702] (-) TimerEvent: {}
[3.548177] (-) TimerEvent: {}
[3.654117] (-) TimerEvent: {}
[3.729496] (duckietown_msgs) StdoutLine: {'line': b'-- Using all available rosidl_typesupport_cpp: rosidl_typesupport_fastrtps_cpp;rosidl_typesupport_introspection_cpp\n'}
[3.749800] (duckietown_msgs) StdoutLine: {'line': b'-- Found PythonInterp: /usr/bin/python3 (found suitable version "3.10.12", minimum required is "3.6") \n'}
[3.751201] (duckietown_msgs) StdoutLine: {'line': b'-- Found python_cmake_module: 0.10.0 (/opt/ros/humble/share/python_cmake_module/cmake)\n'}
[3.756194] (-) TimerEvent: {}
[3.784283] (duckietown_msgs) StdoutLine: {'line': b'-- Found PythonLibs: /usr/lib/x86_64-linux-gnu/libpython3.10.so (found suitable version "3.10.12", minimum required is "3.5") \n'}
[3.784646] (duckietown_msgs) StdoutLine: {'line': b'-- Using PYTHON_EXECUTABLE: /usr/bin/python3\n'}
[3.784829] (duckietown_msgs) StdoutLine: {'line': b'-- Using PYTHON_INCLUDE_DIRS: /usr/include/python3.10\n'}
[3.784981] (duckietown_msgs) StdoutLine: {'line': b'-- Using PYTHON_LIBRARIES: /usr/lib/x86_64-linux-gnu/libpython3.10.so\n'}
[3.819555] (duckietown_msgs) StdoutLine: {'line': b'-- Found PythonExtra: .so  \n'}
[3.857116] (-) TimerEvent: {}
[3.962134] (-) TimerEvent: {}
[4.066209] (-) TimerEvent: {}
[4.160108] (duckietown_msgs) StdoutLine: {'line': b'-- Configuring done\n'}
[4.166393] (-) TimerEvent: {}
[4.271346] (-) TimerEvent: {}
[4.370729] (duckietown_msgs) StdoutLine: {'line': b'-- Generating done\n'}
[4.375094] (-) TimerEvent: {}
[4.400202] (duckietown_msgs) StdoutLine: {'line': b'-- Build files have been written to: /home/vboxuser/duckietown_ws/build/duckietown_msgs\n'}
[4.413705] (duckietown_msgs) CommandEnded: {'returncode': 0}
[4.427337] (duckietown_msgs) JobProgress: {'identifier': 'duckietown_msgs', 'progress': 'build'}
[4.427458] (duckietown_msgs) Command: {'cmd': ['/usr/bin/cmake', '--build', '/home/vboxuser/duckietown_ws/build/duckietown_msgs', '--', '-j1', '-l1'], 'cwd': '/home/vboxuser/duckietown_ws/build/duckietown_msgs', 'env': OrderedDict([('LESSOPEN', '| /usr/bin/lesspipe %s'), ('USER', 'vboxuser'), ('XDG_SESSION_TYPE', 'wayland'), ('SHLVL', '1'), ('LD_LIBRARY_PATH', '/opt/ros/humble/lib/x86_64-linux-gnu:/opt/ros/humble/lib'), ('HOME', '/home/vboxuser'), ('OLDPWD', '/home/vboxuser/duckietown_ws'), ('DESKTOP_SESSION', 'ubuntu'), ('ROS_PYTHON_VERSION', '3'), ('GNOME_SHELL_SESSION_MODE', 'ubuntu'), ('GTK_MODULES', 'gail:atk-bridge'), ('SYSTEMD_EXEC_PID', '2071'), ('DBUS_SESSION_BUS_ADDRESS', 'unix:path=/run/user/1000/bus'), ('COLORTERM', 'truecolor'), ('IM_CONFIG_PHASE', '1'), ('WAYLAND_DISPLAY', 'wayland-0'), ('ROS_DISTRO', 'humble'), ('LOGNAME', 'vboxuser'), ('_', '/usr/bin/colcon'), ('ROS_VERSION', '2'), ('XDG_SESSION_CLASS', 'user'), ('USERNAME', 'vboxuser'), ('TERM', 'xterm-256color'), ('GNOME_DESKTOP_SESSION_ID', 'this-is-deprecated'), ('ROS_LOCALHOST_ONLY', '0'), ('PATH', '/opt/ros/humble/bin:/home/vboxuser/.local/bin:/usr/local/sbin:/usr/local/bin:/usr/sbin:/usr/bin:/sbin:/bin:/usr/games:/usr/local/games:/snap/bin:/snap/bin:/home/vboxuser/.local/bin:/home/vboxuser/.local/bin'), ('SESSION_MANAGER', 'local/ubuntu2204:@/tmp/.ICE-unix/1583,unix/ubuntu2204:/tmp/.ICE-unix/1583'), ('XDG_MENU_PREFIX', 'gnome-'), ('GNOME_TERMINAL_SCREEN', '/org/gnome/Terminal/screen/accff446_1ed2_4278_83cc_8344dd50a3d7'), ('GNOME_SETUP_DISPLAY', ':1'), ('XDG_RUNTIME_DIR', '/run/user/1000'), ('DISPLAY', ':0'), ('LANG', 'en_US.UTF-8'), ('XDG_CURRENT_DESKTOP', 'ubuntu:GNOME'), ('XMODIFIERS', '@im=ibus'), ('XDG_SESSION_DESKTOP', 'ubuntu'), ('XAUTHORITY', '/run/user/1000/.mutter-Xwaylandauth.WU9FN3'), ('LS_COLORS', 'rs=0:di=01;34:ln=01;36:mh=00:pi=40;33:so=01;35:do=01;35:bd=40;33;01:cd=40;33;01:or=40;31;01:mi=00:su=37;41:sg=30;43:ca=30;41:tw=30;42:ow=34;42:st=37;44:ex=01;32:*.tar=01;31:*.tgz=01;31:*.arc=01;31:*.arj=01;31:*.taz=01;31:*.lha=01;31:*.lz4=01;31:*.lzh=01;31:*.lzma=01;31:*.tlz=01;31:*.txz=01;31:*.tzo=01;31:*.t7z=01;31:*.zip=01;31:*.z=01;31:*.dz=01;31:*.gz=01;31:*.lrz=01;31:*.lz=01;31:*.lzo=01;31:*.xz=01;31:*.zst=01;31:*.tzst=01;31:*.bz2=01;31:*.bz=01;31:*.tbz=01;31:*.tbz2=01;31:*.tz=01;31:*.deb=01;31:*.rpm=01;31:*.jar=01;31:*.war=01;31:*.ear=01;31:*.sar=01;31:*.rar=01;31:*.alz=01;31:*.ace=01;31:*.zoo=01;31:*.cpio=01;31:*.7z=01;31:*.rz=01;31:*.cab=01;31:*.wim=01;31:*.swm=01;31:*.dwm=01;31:*.esd=01;31:*.jpg=01;35:*.jpeg=01;35:*.mjpg=01;35:*.mjpeg=01;35:*.gif=01;35:*.bmp=01;35:*.pbm=01;35:*.pgm=01;35:*.ppm=01;35:*.tga=01;35:*.xbm=01;35:*.xpm=01;35:*.tif=01;35:*.tiff=01;35:*.png=01;35:*.svg=01;35:*.svgz=01;35:*.mng=01;35:*.pcx=01;35:*.mov=01;35:*.mpg=01;35:*.mpeg=01;35:*.m2v=01;35:*.mkv=01;35:*.webm=01;35:*.webp=01;35:*.ogm=01;35:*.mp4=01;35:*.m4v=01;35:*.mp4v=01;35:*.vob=01;35:*.qt=01;35:*.nuv=01;35:*.wmv=01;35:*.asf=01;35:*.rm=01;35:*.rmvb=01;35:*.flc=01;35:*.avi=01;35:*.fli=01;35:*.flv=01;35:*.gl=01;35:*.dl=01;35:*.xcf=01;35:*.xwd=01;35:*.yuv=01;35:*.cgm=01;35:*.emf=01;35:*.ogv=01;35:*.ogx=01;35:*.aac=00;36:*.au=00;36:*.flac=00;36:*.m4a=00;36:*.mid=00;36:*.midi=00;36:*.mka=00;36:*.mp3=00;36:*.mpc=00;36:*.ogg=00;36:*.ra=00;36:*.wav=00;36:*.oga=00;36:*.opus=00;36:*.spx=00;36:*.xspf=00;36:'), ('GNOME_TERMINAL_SERVICE', ':1.92'), ('SSH_AGENT_LAUNCHER', 'gnome-keyring'), ('SSH_AUTH_SOCK', '/run/user/1000/keyring/ssh'), ('AMENT_PREFIX_PATH', '/opt/ros/humble'), ('SHELL', '/bin/bash'), ('QT_ACCESSIBILITY', '1'), ('GDMSESSION', 'ubuntu'), ('LESSCLOSE', '/usr/bin/lesspipe %s %s'), ('QT_IM_MODULE', 'ibus'), ('PWD', '/home/vboxuser/duckietown_ws/build/duckietown_msgs'), ('XDG_CONFIG_DIRS', '/etc/xdg/xdg-ubuntu:/etc/xdg'), ('XDG_DATA_DIRS', '/usr/share/ubuntu:/usr/local/share/:/usr/share/:/var/lib/snapd/desktop'), ('PYTHONPATH', '/opt/ros/humble/lib/python3.10/site-packages:/opt/ros/humble/local/lib/python3.10/dist-packages'), ('COLCON', '1'), ('VTE_VERSION', '6800'), ('CMAKE_PREFIX_PATH', '/opt/ros/humble')]), 'shell': False}
[4.479156] (-) TimerEvent: {}
[4.580141] (-) TimerEvent: {}
[4.594758] (duckietown_msgs) StdoutLine: {'line': b'[  1%] \x1b[34m\x1b[1mGenerating Rust code for ROS interfaces\x1b[0m\n'}
[4.685058] (-) TimerEvent: {}
[4.789145] (-) TimerEvent: {}
[4.889581] (-) TimerEvent: {}
[4.995187] (-) TimerEvent: {}
[5.099142] (-) TimerEvent: {}
[5.201334] (-) TimerEvent: {}
[5.304156] (-) TimerEvent: {}
[5.407161] (-) TimerEvent: {}
[5.511080] (-) TimerEvent: {}
[5.613230] (-) TimerEvent: {}
[5.717096] (-) TimerEvent: {}
[5.822265] (-) TimerEvent: {}
[5.924297] (-) TimerEvent: {}
[6.027056] (-) TimerEvent: {}
[6.130103] (-) TimerEvent: {}
[6.233131] (-) TimerEvent: {}
[6.335605] (-) TimerEvent: {}
[6.437281] (-) TimerEvent: {}
[6.544093] (-) TimerEvent: {}
[6.647293] (-) TimerEvent: {}
[6.749518] (-) TimerEvent: {}
[6.852052] (-) TimerEvent: {}
[6.955323] (-) TimerEvent: {}
[7.059807] (-) TimerEvent: {}
[7.160304] (-) TimerEvent: {}
[7.261211] (-) TimerEvent: {}
[7.353709] (duckietown_msgs) StdoutLine: {'line': b'[  1%] Built target duckietown_msgs__rs\n'}
[7.367004] (-) TimerEvent: {}
[7.390611] (duckietown_msgs) StdoutLine: {'line': b'[  1%] \x1b[34m\x1b[1mGenerating C code for ROS interfaces\x1b[0m\n'}
[7.469482] (-) TimerEvent: {}
[7.576236] (-) TimerEvent: {}
[7.680442] (-) TimerEvent: {}
[7.783738] (-) TimerEvent: {}
[7.903227] (-) TimerEvent: {}
[8.007185] (-) TimerEvent: {}
[8.109485] (-) TimerEvent: {}
[8.213176] (-) TimerEvent: {}
[8.317799] (-) TimerEvent: {}
[8.421452] (-) TimerEvent: {}
[8.523113] (-) TimerEvent: {}
[8.625077] (-) TimerEvent: {}
[8.728696] (-) TimerEvent: {}
[8.831224] (-) TimerEvent: {}
[8.934051] (-) TimerEvent: {}
[9.038096] (-) TimerEvent: {}
[9.142330] (-) TimerEvent: {}
[9.244658] (-) TimerEvent: {}
[9.347235] (-) TimerEvent: {}
[9.450238] (-) TimerEvent: {}
[9.553280] (-) TimerEvent: {}
[9.657603] (-) TimerEvent: {}
[9.760096] (-) TimerEvent: {}
[9.862403] (-) TimerEvent: {}
[9.966040] (-) TimerEvent: {}
[10.070014] (-) TimerEvent: {}
[10.172350] (-) TimerEvent: {}
[10.275229] (-) TimerEvent: {}
[10.378382] (-) TimerEvent: {}
[10.483446] (-) TimerEvent: {}
[10.586418] (-) TimerEvent: {}
[10.687166] (-) TimerEvent: {}
[10.791306] (-) TimerEvent: {}
[10.895185] (-) TimerEvent: {}
[10.997245] (-) TimerEvent: {}
[11.100064] (-) TimerEvent: {}
[11.205334] (-) TimerEvent: {}
[11.307325] (-) TimerEvent: {}
[11.411125] (-) TimerEvent: {}
[11.523530] (-) TimerEvent: {}
[11.626101] (-) TimerEvent: {}
[11.728628] (-) TimerEvent: {}
[11.834350] (-) TimerEvent: {}
[11.937062] (-) TimerEvent: {}
[12.040136] (-) TimerEvent: {}
[12.143085] (-) TimerEvent: {}
[12.247137] (-) TimerEvent: {}
[12.350248] (-) TimerEvent: {}
[12.455244] (-) TimerEvent: {}
[12.562215] (-) TimerEvent: {}
[12.669355] (-) TimerEvent: {}
[12.783550] (-) TimerEvent: {}
[12.884627] (-) TimerEvent: {}
[12.987171] (-) TimerEvent: {}
[13.089093] (-) TimerEvent: {}
[13.193080] (-) TimerEvent: {}
[13.296137] (-) TimerEvent: {}
[13.400126] (-) TimerEvent: {}
[13.503134] (-) TimerEvent: {}
[13.606110] (-) TimerEvent: {}
[13.710789] (-) TimerEvent: {}
[13.814403] (-) TimerEvent: {}
[13.916073] (-) TimerEvent: {}
[14.017044] (-) TimerEvent: {}
[14.123071] (-) TimerEvent: {}
[14.224035] (-) TimerEvent: {}
[14.287911] (duckietown_msgs) StdoutLine: {'line': b'[  1%] \x1b[32mBuilding C object CMakeFiles/duckietown_msgs__rosidl_generator_c.dir/rosidl_generator_c/duckietown_msgs/msg/detail/car_control__functions.c.o\x1b[0m\n'}
[14.326325] (-) TimerEvent: {}
[14.428178] (-) TimerEvent: {}
[14.439740] (duckietown_msgs) StdoutLine: {'line': b'[  2%] \x1b[32mBuilding C object CMakeFiles/duckietown_msgs__rosidl_generator_c.dir/rosidl_generator_c/duckietown_msgs/msg/detail/coordination_signal__functions.c.o\x1b[0m\n'}
[14.529088] (-) TimerEvent: {}
[14.543687] (duckietown_msgs) StdoutLine: {'line': b'[  2%] \x1b[32mBuilding C object CMakeFiles/duckietown_msgs__rosidl_generator_c.dir/rosidl_generator_c/duckietown_msgs/msg/detail/coordination_signal_ethz17__functions.c.o\x1b[0m\n'}
[14.634257] (-) TimerEvent: {}
[14.653287] (duckietown_msgs) StdoutLine: {'line': b'[  2%] \x1b[32mBuilding C object CMakeFiles/duckietown_msgs__rosidl_generator_c.dir/rosidl_generator_c/duckietown_msgs/msg/detail/duckie_sensor__functions.c.o\x1b[0m\n'}
[14.737171] (-) TimerEvent: {}
[14.756274] (duckietown_msgs) StdoutLine: {'line': b'[  2%] \x1b[32mBuilding C object CMakeFiles/duckietown_msgs__rosidl_generator_c.dir/rosidl_generator_c/duckietown_msgs/msg/detail/lane_pose__functions.c.o\x1b[0m\n'}
[14.842134] (-) TimerEvent: {}
[14.871449] (duckietown_msgs) StdoutLine: {'line': b'[  2%] \x1b[32mBuilding C object CMakeFiles/duckietown_msgs__rosidl_generator_c.dir/rosidl_generator_c/duckietown_msgs/msg/detail/intersection_pose__functions.c.o\x1b[0m\n'}
[14.943323] (-) TimerEvent: {}
[14.961851] (duckietown_msgs) StdoutLine: {'line': b'[  3%] \x1b[32mBuilding C object CMakeFiles/duckietown_msgs__rosidl_generator_c.dir/rosidl_generator_c/duckietown_msgs/msg/detail/intersection_pose_img__functions.c.o\x1b[0m\n'}
[15.051229] (-) TimerEvent: {}
[15.054225] (duckietown_msgs) StdoutLine: {'line': b'[  3%] \x1b[32mBuilding C object CMakeFiles/duckietown_msgs__rosidl_generator_c.dir/rosidl_generator_c/duckietown_msgs/msg/detail/intersection_pose_img_debug__functions.c.o\x1b[0m\n'}
[15.146576] (duckietown_msgs) StdoutLine: {'line': b'[  3%] \x1b[32mBuilding C object CMakeFiles/duckietown_msgs__rosidl_generator_c.dir/rosidl_generator_c/duckietown_msgs/msg/detail/turn_i_dand_type__functions.c.o\x1b[0m\n'}
[15.151663] (-) TimerEvent: {}
[15.232432] (duckietown_msgs) StdoutLine: {'line': b'[  3%] \x1b[32mBuilding C object CMakeFiles/duckietown_msgs__rosidl_generator_c.dir/rosidl_generator_c/duckietown_msgs/msg/detail/led_detection__functions.c.o\x1b[0m\n'}
[15.261300] (-) TimerEvent: {}
[15.336962] (duckietown_msgs) StdoutLine: {'line': b'[  3%] \x1b[32mBuilding C object CMakeFiles/duckietown_msgs__rosidl_generator_c.dir/rosidl_generator_c/duckietown_msgs/msg/detail/maintenance_state__functions.c.o\x1b[0m\n'}
[15.365084] (-) TimerEvent: {}
[15.428486] (duckietown_msgs) StdoutLine: {'line': b'[  4%] \x1b[32mBuilding C object CMakeFiles/duckietown_msgs__rosidl_generator_c.dir/rosidl_generator_c/duckietown_msgs/msg/detail/led_detection_array__functions.c.o\x1b[0m\n'}
[15.466128] (-) TimerEvent: {}
[15.517010] (duckietown_msgs) StdoutLine: {'line': b'[  4%] \x1b[32mBuilding C object CMakeFiles/duckietown_msgs__rosidl_generator_c.dir/rosidl_generator_c/duckietown_msgs/msg/detail/led_detection_debug_info__functions.c.o\x1b[0m\n'}
[15.570189] (-) TimerEvent: {}
[15.620763] (duckietown_msgs) StdoutLine: {'line': b'[  4%] \x1b[32mBuilding C object CMakeFiles/duckietown_msgs__rosidl_generator_c.dir/rosidl_generator_c/duckietown_msgs/msg/detail/wheels_cmd__functions.c.o\x1b[0m\n'}
[15.673093] (-) TimerEvent: {}
[15.711528] (duckietown_msgs) StdoutLine: {'line': b'[  4%] \x1b[32mBuilding C object CMakeFiles/duckietown_msgs__rosidl_generator_c.dir/rosidl_generator_c/duckietown_msgs/msg/detail/wheels_cmd_stamped__functions.c.o\x1b[0m\n'}
[15.773311] (-) TimerEvent: {}
[15.817058] (duckietown_msgs) StdoutLine: {'line': b'[  4%] \x1b[32mBuilding C object CMakeFiles/duckietown_msgs__rosidl_generator_c.dir/rosidl_generator_c/duckietown_msgs/msg/detail/pose2_d_stamped__functions.c.o\x1b[0m\n'}
[15.878068] (-) TimerEvent: {}
[15.918247] (duckietown_msgs) StdoutLine: {'line': b'[  5%] \x1b[32mBuilding C object CMakeFiles/duckietown_msgs__rosidl_generator_c.dir/rosidl_generator_c/duckietown_msgs/msg/detail/signals_detection__functions.c.o\x1b[0m\n'}
[15.979149] (-) TimerEvent: {}
[16.003508] (duckietown_msgs) StdoutLine: {'line': b'[  5%] \x1b[32mBuilding C object CMakeFiles/duckietown_msgs__rosidl_generator_c.dir/rosidl_generator_c/duckietown_msgs/msg/detail/signals_detection_ethz17__functions.c.o\x1b[0m\n'}
[16.079413] (-) TimerEvent: {}
[16.098129] (duckietown_msgs) StdoutLine: {'line': b'[  5%] \x1b[32mBuilding C object CMakeFiles/duckietown_msgs__rosidl_generator_c.dir/rosidl_generator_c/duckietown_msgs/msg/detail/twist2_d_stamped__functions.c.o\x1b[0m\n'}
[16.180162] (-) TimerEvent: {}
[16.204579] (duckietown_msgs) StdoutLine: {'line': b'[  5%] \x1b[32mBuilding C object CMakeFiles/duckietown_msgs__rosidl_generator_c.dir/rosidl_generator_c/duckietown_msgs/msg/detail/twist2_d_stamped_ethz17__functions.c.o\x1b[0m\n'}
[16.282476] (-) TimerEvent: {}
[16.288127] (duckietown_msgs) StdoutLine: {'line': b'[  5%] \x1b[32mBuilding C object CMakeFiles/duckietown_msgs__rosidl_generator_c.dir/rosidl_generator_c/duckietown_msgs/msg/detail/april_tag_detection__functions.c.o\x1b[0m\n'}
[16.381219] (duckietown_msgs) StdoutLine: {'line': b'[  6%] \x1b[32mBuilding C object CMakeFiles/duckietown_msgs__rosidl_generator_c.dir/rosidl_generator_c/duckietown_msgs/msg/detail/april_tag_detection_array__functions.c.o\x1b[0m\n'}
[16.383003] (-) TimerEvent: {}
[16.475021] (duckietown_msgs) StdoutLine: {'line': b'[  6%] \x1b[32mBuilding C object CMakeFiles/duckietown_msgs__rosidl_generator_c.dir/rosidl_generator_c/duckietown_msgs/msg/detail/april_tags_with_infos__functions.c.o\x1b[0m\n'}
[16.484132] (-) TimerEvent: {}
[16.565038] (duckietown_msgs) StdoutLine: {'line': b'[  6%] \x1b[32mBuilding C object CMakeFiles/duckietown_msgs__rosidl_generator_c.dir/rosidl_generator_c/duckietown_msgs/msg/detail/tag_info__functions.c.o\x1b[0m\n'}
[16.593192] (-) TimerEvent: {}
[16.660090] (duckietown_msgs) StdoutLine: {'line': b'[  6%] \x1b[32mBuilding C object CMakeFiles/duckietown_msgs__rosidl_generator_c.dir/rosidl_generator_c/duckietown_msgs/msg/detail/pixel__functions.c.o\x1b[0m\n'}
[16.694150] (-) TimerEvent: {}
[16.750427] (duckietown_msgs) StdoutLine: {'line': b'[  6%] \x1b[32mBuilding C object CMakeFiles/duckietown_msgs__rosidl_generator_c.dir/rosidl_generator_c/duckietown_msgs/msg/detail/vector2_d__functions.c.o\x1b[0m\n'}
[16.797131] (-) TimerEvent: {}
[16.867381] (duckietown_msgs) StdoutLine: {'line': b'[  7%] \x1b[32mBuilding C object CMakeFiles/duckietown_msgs__rosidl_generator_c.dir/rosidl_generator_c/duckietown_msgs/msg/detail/segment__functions.c.o\x1b[0m\n'}
[16.899505] (-) TimerEvent: {}
[16.994477] (duckietown_msgs) StdoutLine: {'line': b'[  7%] \x1b[32mBuilding C object CMakeFiles/duckietown_msgs__rosidl_generator_c.dir/rosidl_generator_c/duckietown_msgs/msg/detail/segment_list__functions.c.o\x1b[0m\n'}
[16.999615] (-) TimerEvent: {}
[17.086475] (duckietown_msgs) StdoutLine: {'line': b'[  7%] \x1b[32mBuilding C object CMakeFiles/duckietown_msgs__rosidl_generator_c.dir/rosidl_generator_c/duckietown_msgs/msg/detail/rect__functions.c.o\x1b[0m\n'}
[17.108382] (-) TimerEvent: {}
[17.182733] (duckietown_msgs) StdoutLine: {'line': b'[  7%] \x1b[32mBuilding C object CMakeFiles/duckietown_msgs__rosidl_generator_c.dir/rosidl_generator_c/duckietown_msgs/msg/detail/rects__functions.c.o\x1b[0m\n'}
[17.210210] (-) TimerEvent: {}
[17.284975] (duckietown_msgs) StdoutLine: {'line': b'[  7%] \x1b[32mBuilding C object CMakeFiles/duckietown_msgs__rosidl_generator_c.dir/rosidl_generator_c/duckietown_msgs/msg/detail/scene_segments__functions.c.o\x1b[0m\n'}
[17.311214] (-) TimerEvent: {}
[17.418945] (-) TimerEvent: {}
[17.462131] (duckietown_msgs) StdoutLine: {'line': b'[  8%] \x1b[32mBuilding C object CMakeFiles/duckietown_msgs__rosidl_generator_c.dir/rosidl_generator_c/duckietown_msgs/msg/detail/source_target_nodes__functions.c.o\x1b[0m\n'}
[17.520353] (-) TimerEvent: {}
[17.545459] (duckietown_msgs) StdoutLine: {'line': b'[  8%] \x1b[32mBuilding C object CMakeFiles/duckietown_msgs__rosidl_generator_c.dir/rosidl_generator_c/duckietown_msgs/msg/detail/coordination_clearance__functions.c.o\x1b[0m\n'}
[17.621155] (-) TimerEvent: {}
[17.657575] (duckietown_msgs) StdoutLine: {'line': b'[  8%] \x1b[32mBuilding C object CMakeFiles/duckietown_msgs__rosidl_generator_c.dir/rosidl_generator_c/duckietown_msgs/msg/detail/coordination_clearance_ethz17__functions.c.o\x1b[0m\n'}
[17.724661] (-) TimerEvent: {}
[17.744380] (duckietown_msgs) StdoutLine: {'line': b'[  8%] \x1b[32mBuilding C object CMakeFiles/duckietown_msgs__rosidl_generator_c.dir/rosidl_generator_c/duckietown_msgs/msg/detail/vehicle_corners__functions.c.o\x1b[0m\n'}
[17.829206] (-) TimerEvent: {}
[17.869418] (duckietown_msgs) StdoutLine: {'line': b'[  8%] \x1b[32mBuilding C object CMakeFiles/duckietown_msgs__rosidl_generator_c.dir/rosidl_generator_c/duckietown_msgs/msg/detail/vehicle_pose__functions.c.o\x1b[0m\n'}
[17.930146] (-) TimerEvent: {}
[17.978545] (duckietown_msgs) StdoutLine: {'line': b'[  9%] \x1b[32mBuilding C object CMakeFiles/duckietown_msgs__rosidl_generator_c.dir/rosidl_generator_c/duckietown_msgs/msg/detail/fsm_state__functions.c.o\x1b[0m\n'}
[18.036505] (-) TimerEvent: {}
[18.103142] (duckietown_msgs) StdoutLine: {'line': b'[  9%] \x1b[32mBuilding C object CMakeFiles/duckietown_msgs__rosidl_generator_c.dir/rosidl_generator_c/duckietown_msgs/msg/detail/bool_stamped__functions.c.o\x1b[0m\n'}
[18.138261] (-) TimerEvent: {}
[18.205976] (duckietown_msgs) StdoutLine: {'line': b'[  9%] \x1b[32mBuilding C object CMakeFiles/duckietown_msgs__rosidl_generator_c.dir/rosidl_generator_c/duckietown_msgs/msg/detail/bool_stamped_ethz17__functions.c.o\x1b[0m\n'}
[18.241109] (-) TimerEvent: {}
[18.298023] (duckietown_msgs) StdoutLine: {'line': b'[  9%] \x1b[32mBuilding C object CMakeFiles/duckietown_msgs__rosidl_generator_c.dir/rosidl_generator_c/duckietown_msgs/msg/detail/stop_line_reading__functions.c.o\x1b[0m\n'}
[18.344275] (-) TimerEvent: {}
[18.445079] (-) TimerEvent: {}
[18.497415] (duckietown_msgs) StdoutLine: {'line': b'[  9%] \x1b[32mBuilding C object CMakeFiles/duckietown_msgs__rosidl_generator_c.dir/rosidl_generator_c/duckietown_msgs/msg/detail/led_interpreter__functions.c.o\x1b[0m\n'}
[18.550408] (-) TimerEvent: {}
[18.655605] (-) TimerEvent: {}
[18.691329] (duckietown_msgs) StdoutLine: {'line': b'[ 10%] \x1b[32mBuilding C object CMakeFiles/duckietown_msgs__rosidl_generator_c.dir/rosidl_generator_c/duckietown_msgs/msg/detail/anti_instagram_health__functions.c.o\x1b[0m\n'}
[18.756783] (-) TimerEvent: {}
[18.833344] (duckietown_msgs) StdoutLine: {'line': b'[ 10%] \x1b[32mBuilding C object CMakeFiles/duckietown_msgs__rosidl_generator_c.dir/rosidl_generator_c/duckietown_msgs/msg/detail/anti_instagram_transform__functions.c.o\x1b[0m\n'}
[18.859097] (-) TimerEvent: {}
[18.931790] (duckietown_msgs) StdoutLine: {'line': b'[ 10%] \x1b[32mBuilding C object CMakeFiles/duckietown_msgs__rosidl_generator_c.dir/rosidl_generator_c/duckietown_msgs/msg/detail/anti_instagram_transform_cb__functions.c.o\x1b[0m\n'}
[18.961368] (-) TimerEvent: {}
[19.022312] (duckietown_msgs) StdoutLine: {'line': b'[ 10%] \x1b[32mBuilding C object CMakeFiles/duckietown_msgs__rosidl_generator_c.dir/rosidl_generator_c/duckietown_msgs/msg/detail/kinematics_weights__functions.c.o\x1b[0m\n'}
[19.064081] (-) TimerEvent: {}
[19.113839] (duckietown_msgs) StdoutLine: {'line': b'[ 10%] \x1b[32mBuilding C object CMakeFiles/duckietown_msgs__rosidl_generator_c.dir/rosidl_generator_c/duckietown_msgs/msg/detail/kinematics_parameters__functions.c.o\x1b[0m\n'}
[19.166349] (-) TimerEvent: {}
[19.205664] (duckietown_msgs) StdoutLine: {'line': b'[ 11%] \x1b[32mBuilding C object CMakeFiles/duckietown_msgs__rosidl_generator_c.dir/rosidl_generator_c/duckietown_msgs/msg/detail/theta_dot_sample__functions.c.o\x1b[0m\n'}
[19.267202] (-) TimerEvent: {}
[19.284980] (duckietown_msgs) StdoutLine: {'line': b'[ 11%] \x1b[32mBuilding C object CMakeFiles/duckietown_msgs__rosidl_generator_c.dir/rosidl_generator_c/duckietown_msgs/msg/detail/vsample__functions.c.o\x1b[0m\n'}
[19.370513] (-) TimerEvent: {}
[19.374949] (duckietown_msgs) StdoutLine: {'line': b'[ 11%] \x1b[32mBuilding C object CMakeFiles/duckietown_msgs__rosidl_generator_c.dir/rosidl_generator_c/duckietown_msgs/msg/detail/trajectory__functions.c.o\x1b[0m\n'}
[19.468226] (duckietown_msgs) StdoutLine: {'line': b'[ 11%] \x1b[32mBuilding C object CMakeFiles/duckietown_msgs__rosidl_generator_c.dir/rosidl_generator_c/duckietown_msgs/msg/detail/obstacle_type__functions.c.o\x1b[0m\n'}
[19.471097] (-) TimerEvent: {}
[19.553316] (duckietown_msgs) StdoutLine: {'line': b'[ 11%] \x1b[32mBuilding C object CMakeFiles/duckietown_msgs__rosidl_generator_c.dir/rosidl_generator_c/duckietown_msgs/msg/detail/obstacle_image_detection__functions.c.o\x1b[0m\n'}
[19.582225] (-) TimerEvent: {}
[19.655344] (duckietown_msgs) StdoutLine: {'line': b'[ 12%] \x1b[32mBuilding C object CMakeFiles/duckietown_msgs__rosidl_generator_c.dir/rosidl_generator_c/duckietown_msgs/msg/detail/obstacle_image_detection_list__functions.c.o\x1b[0m\n'}
[19.686566] (-) TimerEvent: {}
[19.767092] (duckietown_msgs) StdoutLine: {'line': b'[ 12%] \x1b[32mBuilding C object CMakeFiles/duckietown_msgs__rosidl_generator_c.dir/rosidl_generator_c/duckietown_msgs/msg/detail/obstacle_projected_detection__functions.c.o\x1b[0m\n'}
[19.794182] (-) TimerEvent: {}
[19.877177] (duckietown_msgs) StdoutLine: {'line': b'[ 12%] \x1b[32mBuilding C object CMakeFiles/duckietown_msgs__rosidl_generator_c.dir/rosidl_generator_c/duckietown_msgs/msg/detail/obstacle_projected_detection_list__functions.c.o\x1b[0m\n'}
[19.902610] (-) TimerEvent: {}
[19.978435] (duckietown_msgs) StdoutLine: {'line': b'[ 12%] \x1b[32mBuilding C object CMakeFiles/duckietown_msgs__rosidl_generator_c.dir/rosidl_generator_c/duckietown_msgs/msg/detail/num__functions.c.o\x1b[0m\n'}
[20.006272] (-) TimerEvent: {}
[20.065499] (duckietown_msgs) StdoutLine: {'line': b'[ 12%] \x1b[32mBuilding C object CMakeFiles/duckietown_msgs__rosidl_generator_c.dir/rosidl_generator_c/duckietown_msgs/srv/detail/set_fsm_state__functions.c.o\x1b[0m\n'}
[20.107100] (-) TimerEvent: {}
[20.168805] (duckietown_msgs) StdoutLine: {'line': b'[ 13%] \x1b[32mBuilding C object CMakeFiles/duckietown_msgs__rosidl_generator_c.dir/rosidl_generator_c/duckietown_msgs/srv/detail/set_value__functions.c.o\x1b[0m\n'}
[20.210205] (-) TimerEvent: {}
[20.271056] (duckietown_msgs) StdoutLine: {'line': b'[ 13%] \x1b[32mBuilding C object CMakeFiles/duckietown_msgs__rosidl_generator_c.dir/rosidl_generator_c/duckietown_msgs/srv/detail/set_variable__functions.c.o\x1b[0m\n'}
[20.313172] (-) TimerEvent: {}
[20.384753] (duckietown_msgs) StdoutLine: {'line': b'[ 13%] \x1b[32mBuilding C object CMakeFiles/duckietown_msgs__rosidl_generator_c.dir/rosidl_generator_c/duckietown_msgs/srv/detail/get_variable__functions.c.o\x1b[0m\n'}
[20.416230] (-) TimerEvent: {}
[20.486087] (duckietown_msgs) StdoutLine: {'line': b'[ 13%] \x1b[32m\x1b[1mLinking C shared library libduckietown_msgs__rosidl_generator_c.so\x1b[0m\n'}
[20.518193] (-) TimerEvent: {}
[20.607223] (duckietown_msgs) StdoutLine: {'line': b'[ 13%] Built target duckietown_msgs__rosidl_generator_c\n'}
[20.619534] (-) TimerEvent: {}
[20.637696] (duckietown_msgs) StdoutLine: {'line': b'[ 14%] \x1b[34m\x1b[1mGenerating C type support for eProsima Fast-RTPS\x1b[0m\n'}
[20.726118] (-) TimerEvent: {}
[20.830289] (-) TimerEvent: {}
[20.932125] (-) TimerEvent: {}
[21.034096] (-) TimerEvent: {}
[21.139159] (-) TimerEvent: {}
[21.242552] (-) TimerEvent: {}
[21.345106] (-) TimerEvent: {}
[21.448356] (-) TimerEvent: {}
[21.552080] (-) TimerEvent: {}
[21.655127] (-) TimerEvent: {}
[21.759090] (-) TimerEvent: {}
[21.862269] (-) TimerEvent: {}
[21.964168] (-) TimerEvent: {}
[22.068044] (-) TimerEvent: {}
[22.172112] (-) TimerEvent: {}
[22.274498] (-) TimerEvent: {}
[22.383338] (-) TimerEvent: {}
[22.491103] (-) TimerEvent: {}
[22.594053] (-) TimerEvent: {}
[22.698162] (-) TimerEvent: {}
[22.799227] (-) TimerEvent: {}
[22.904325] (-) TimerEvent: {}
[23.009155] (-) TimerEvent: {}
[23.111130] (-) TimerEvent: {}
[23.213196] (-) TimerEvent: {}
[23.316089] (-) TimerEvent: {}
[23.420161] (-) TimerEvent: {}
[23.522171] (-) TimerEvent: {}
[23.625091] (-) TimerEvent: {}
[23.728295] (-) TimerEvent: {}
[23.830118] (-) TimerEvent: {}
[23.933368] (-) TimerEvent: {}
[24.034709] (-) TimerEvent: {}
[24.140041] (-) TimerEvent: {}
[24.243028] (-) TimerEvent: {}
[24.346071] (-) TimerEvent: {}
[24.450289] (-) TimerEvent: {}
[24.552217] (-) TimerEvent: {}
[24.657225] (-) TimerEvent: {}
[24.760174] (-) TimerEvent: {}
[24.862249] (-) TimerEvent: {}
[24.904134] (duckietown_msgs) StdoutLine: {'line': b'[ 14%] \x1b[32mBuilding CXX object CMakeFiles/duckietown_msgs__rosidl_typesupport_fastrtps_c.dir/rosidl_typesupport_fastrtps_c/duckietown_msgs/msg/detail/car_control__type_support_c.cpp.o\x1b[0m\n'}
[24.968124] (-) TimerEvent: {}
[25.072184] (-) TimerEvent: {}
[25.175078] (-) TimerEvent: {}
[25.277182] (-) TimerEvent: {}
[25.382108] (-) TimerEvent: {}
[25.445745] (duckietown_msgs) StdoutLine: {'line': b'[ 14%] \x1b[32mBuilding CXX object CMakeFiles/duckietown_msgs__rosidl_typesupport_fastrtps_c.dir/rosidl_typesupport_fastrtps_c/duckietown_msgs/msg/detail/coordination_signal__type_support_c.cpp.o\x1b[0m\n'}
[25.485246] (-) TimerEvent: {}
[25.588314] (-) TimerEvent: {}
[25.692151] (-) TimerEvent: {}
[25.795128] (-) TimerEvent: {}
[25.898404] (-) TimerEvent: {}
[25.983267] (duckietown_msgs) StdoutLine: {'line': b'[ 14%] \x1b[32mBuilding CXX object CMakeFiles/duckietown_msgs__rosidl_typesupport_fastrtps_c.dir/rosidl_typesupport_fastrtps_c/duckietown_msgs/msg/detail/coordination_signal_ethz17__type_support_c.cpp.o\x1b[0m\n'}
[25.999192] (-) TimerEvent: {}
[26.103087] (-) TimerEvent: {}
[26.206408] (-) TimerEvent: {}
[26.308168] (-) TimerEvent: {}
[26.412179] (-) TimerEvent: {}
[26.512732] (-) TimerEvent: {}
[26.525885] (duckietown_msgs) StdoutLine: {'line': b'[ 14%] \x1b[32mBuilding CXX object CMakeFiles/duckietown_msgs__rosidl_typesupport_fastrtps_c.dir/rosidl_typesupport_fastrtps_c/duckietown_msgs/msg/detail/duckie_sensor__type_support_c.cpp.o\x1b[0m\n'}
[26.620114] (-) TimerEvent: {}
[26.733157] (-) TimerEvent: {}
[26.834152] (-) TimerEvent: {}
[26.949256] (-) TimerEvent: {}
[27.060144] (-) TimerEvent: {}
[27.165090] (-) TimerEvent: {}
[27.168490] (duckietown_msgs) StdoutLine: {'line': b'[ 15%] \x1b[32mBuilding CXX object CMakeFiles/duckietown_msgs__rosidl_typesupport_fastrtps_c.dir/rosidl_typesupport_fastrtps_c/duckietown_msgs/msg/detail/lane_pose__type_support_c.cpp.o\x1b[0m\n'}
[27.269146] (-) TimerEvent: {}
[27.373195] (-) TimerEvent: {}
[27.490252] (-) TimerEvent: {}
[27.591113] (-) TimerEvent: {}
[27.692180] (-) TimerEvent: {}
[27.710294] (duckietown_msgs) StdoutLine: {'line': b'[ 15%] \x1b[32mBuilding CXX object CMakeFiles/duckietown_msgs__rosidl_typesupport_fastrtps_c.dir/rosidl_typesupport_fastrtps_c/duckietown_msgs/msg/detail/intersection_pose__type_support_c.cpp.o\x1b[0m\n'}
[27.798076] (-) TimerEvent: {}
[27.901141] (-) TimerEvent: {}
[28.004421] (-) TimerEvent: {}
[28.109196] (-) TimerEvent: {}
[28.210161] (-) TimerEvent: {}
[28.252656] (duckietown_msgs) StdoutLine: {'line': b'[ 15%] \x1b[32mBuilding CXX object CMakeFiles/duckietown_msgs__rosidl_typesupport_fastrtps_c.dir/rosidl_typesupport_fastrtps_c/duckietown_msgs/msg/detail/intersection_pose_img__type_support_c.cpp.o\x1b[0m\n'}
[28.313130] (-) TimerEvent: {}
[28.416279] (-) TimerEvent: {}
[28.520133] (-) TimerEvent: {}
[28.623149] (-) TimerEvent: {}
[28.730690] (-) TimerEvent: {}
[28.784017] (duckietown_msgs) StdoutLine: {'line': b'[ 15%] \x1b[32mBuilding CXX object CMakeFiles/duckietown_msgs__rosidl_typesupport_fastrtps_c.dir/rosidl_typesupport_fastrtps_c/duckietown_msgs/msg/detail/intersection_pose_img_debug__type_support_c.cpp.o\x1b[0m\n'}
[28.831716] (-) TimerEvent: {}
[28.933066] (-) TimerEvent: {}
[29.036078] (-) TimerEvent: {}
[29.139256] (-) TimerEvent: {}
[29.243160] (-) TimerEvent: {}
[29.308867] (duckietown_msgs) StdoutLine: {'line': b'[ 15%] \x1b[32mBuilding CXX object CMakeFiles/duckietown_msgs__rosidl_typesupport_fastrtps_c.dir/rosidl_typesupport_fastrtps_c/duckietown_msgs/msg/detail/turn_i_dand_type__type_support_c.cpp.o\x1b[0m\n'}
[29.346050] (-) TimerEvent: {}
[29.449259] (-) TimerEvent: {}
[29.553108] (-) TimerEvent: {}
[29.657058] (-) TimerEvent: {}
[29.760303] (-) TimerEvent: {}
[29.802642] (duckietown_msgs) StdoutLine: {'line': b'[ 16%] \x1b[32mBuilding CXX object CMakeFiles/duckietown_msgs__rosidl_typesupport_fastrtps_c.dir/rosidl_typesupport_fastrtps_c/duckietown_msgs/msg/detail/led_detection__type_support_c.cpp.o\x1b[0m\n'}
[29.863080] (-) TimerEvent: {}
[29.968252] (-) TimerEvent: {}
[30.070252] (-) TimerEvent: {}
[30.174635] (-) TimerEvent: {}
[30.278166] (-) TimerEvent: {}
[30.366452] (duckietown_msgs) StdoutLine: {'line': b'[ 16%] \x1b[32mBuilding CXX object CMakeFiles/duckietown_msgs__rosidl_typesupport_fastrtps_c.dir/rosidl_typesupport_fastrtps_c/duckietown_msgs/msg/detail/maintenance_state__type_support_c.cpp.o\x1b[0m\n'}
[30.379260] (-) TimerEvent: {}
[30.484115] (-) TimerEvent: {}
[30.588180] (-) TimerEvent: {}
[30.692210] (-) TimerEvent: {}
[30.795219] (-) TimerEvent: {}
[30.895321] (duckietown_msgs) StdoutLine: {'line': b'[ 16%] \x1b[32mBuilding CXX object CMakeFiles/duckietown_msgs__rosidl_typesupport_fastrtps_c.dir/rosidl_typesupport_fastrtps_c/duckietown_msgs/msg/detail/led_detection_array__type_support_c.cpp.o\x1b[0m\n'}
[30.895542] (-) TimerEvent: {}
[31.001100] (-) TimerEvent: {}
[31.103346] (-) TimerEvent: {}
[31.208171] (-) TimerEvent: {}
[31.312383] (-) TimerEvent: {}
[31.413013] (-) TimerEvent: {}
[31.414336] (duckietown_msgs) StdoutLine: {'line': b'[ 16%] \x1b[32mBuilding CXX object CMakeFiles/duckietown_msgs__rosidl_typesupport_fastrtps_c.dir/rosidl_typesupport_fastrtps_c/duckietown_msgs/msg/detail/led_detection_debug_info__type_support_c.cpp.o\x1b[0m\n'}
[31.517414] (-) TimerEvent: {}
[31.621446] (-) TimerEvent: {}
[31.725090] (-) TimerEvent: {}
[31.827080] (-) TimerEvent: {}
[31.931125] (-) TimerEvent: {}
[31.982742] (duckietown_msgs) StdoutLine: {'line': b'[ 16%] \x1b[32mBuilding CXX object CMakeFiles/duckietown_msgs__rosidl_typesupport_fastrtps_c.dir/rosidl_typesupport_fastrtps_c/duckietown_msgs/msg/detail/wheels_cmd__type_support_c.cpp.o\x1b[0m\n'}
[32.034056] (-) TimerEvent: {}
[32.137074] (-) TimerEvent: {}
[32.239333] (-) TimerEvent: {}
[32.343166] (-) TimerEvent: {}
[32.449596] (-) TimerEvent: {}
[32.522300] (duckietown_msgs) StdoutLine: {'line': b'[ 17%] \x1b[32mBuilding CXX object CMakeFiles/duckietown_msgs__rosidl_typesupport_fastrtps_c.dir/rosidl_typesupport_fastrtps_c/duckietown_msgs/msg/detail/wheels_cmd_stamped__type_support_c.cpp.o\x1b[0m\n'}
[32.552260] (-) TimerEvent: {}
[32.653204] (-) TimerEvent: {}
[32.756156] (-) TimerEvent: {}
[32.857119] (-) TimerEvent: {}
[32.962096] (-) TimerEvent: {}
[33.047125] (duckietown_msgs) StdoutLine: {'line': b'[ 17%] \x1b[32mBuilding CXX object CMakeFiles/duckietown_msgs__rosidl_typesupport_fastrtps_c.dir/rosidl_typesupport_fastrtps_c/duckietown_msgs/msg/detail/pose2_d_stamped__type_support_c.cpp.o\x1b[0m\n'}
[33.066007] (-) TimerEvent: {}
[33.169175] (-) TimerEvent: {}
[33.272128] (-) TimerEvent: {}
[33.375063] (-) TimerEvent: {}
[33.481156] (-) TimerEvent: {}
[33.571165] (duckietown_msgs) StdoutLine: {'line': b'[ 17%] \x1b[32mBuilding CXX object CMakeFiles/duckietown_msgs__rosidl_typesupport_fastrtps_c.dir/rosidl_typesupport_fastrtps_c/duckietown_msgs/msg/detail/signals_detection__type_support_c.cpp.o\x1b[0m\n'}
[33.581345] (-) TimerEvent: {}
[33.686197] (-) TimerEvent: {}
[33.789328] (-) TimerEvent: {}
[33.893129] (-) TimerEvent: {}
[33.996166] (-) TimerEvent: {}
[34.097297] (-) TimerEvent: {}
[34.101636] (duckietown_msgs) StdoutLine: {'line': b'[ 17%] \x1b[32mBuilding CXX object CMakeFiles/duckietown_msgs__rosidl_typesupport_fastrtps_c.dir/rosidl_typesupport_fastrtps_c/duckietown_msgs/msg/detail/signals_detection_ethz17__type_support_c.cpp.o\x1b[0m\n'}
[34.203280] (-) TimerEvent: {}
[34.306518] (-) TimerEvent: {}
[34.409070] (-) TimerEvent: {}
[34.513071] (-) TimerEvent: {}
[34.614239] (-) TimerEvent: {}
[34.636533] (duckietown_msgs) StdoutLine: {'line': b'[ 17%] \x1b[32mBuilding CXX object CMakeFiles/duckietown_msgs__rosidl_typesupport_fastrtps_c.dir/rosidl_typesupport_fastrtps_c/duckietown_msgs/msg/detail/twist2_d_stamped__type_support_c.cpp.o\x1b[0m\n'}
[34.720151] (-) TimerEvent: {}
[34.823089] (-) TimerEvent: {}
[34.925318] (-) TimerEvent: {}
[35.030097] (-) TimerEvent: {}
[35.133156] (-) TimerEvent: {}
[35.180419] (duckietown_msgs) StdoutLine: {'line': b'[ 18%] \x1b[32mBuilding CXX object CMakeFiles/duckietown_msgs__rosidl_typesupport_fastrtps_c.dir/rosidl_typesupport_fastrtps_c/duckietown_msgs/msg/detail/twist2_d_stamped_ethz17__type_support_c.cpp.o\x1b[0m\n'}
[35.236214] (-) TimerEvent: {}
[35.339243] (-) TimerEvent: {}
[35.442516] (-) TimerEvent: {}
[35.547154] (-) TimerEvent: {}
[35.651158] (-) TimerEvent: {}
[35.712173] (duckietown_msgs) StdoutLine: {'line': b'[ 18%] \x1b[32mBuilding CXX object CMakeFiles/duckietown_msgs__rosidl_typesupport_fastrtps_c.dir/rosidl_typesupport_fastrtps_c/duckietown_msgs/msg/detail/april_tag_detection__type_support_c.cpp.o\x1b[0m\n'}
[35.752284] (-) TimerEvent: {}
[35.857110] (-) TimerEvent: {}
[35.960126] (-) TimerEvent: {}
[36.063165] (-) TimerEvent: {}
[36.166098] (-) TimerEvent: {}
[36.235028] (duckietown_msgs) StdoutLine: {'line': b'[ 18%] \x1b[32mBuilding CXX object CMakeFiles/duckietown_msgs__rosidl_typesupport_fastrtps_c.dir/rosidl_typesupport_fastrtps_c/duckietown_msgs/msg/detail/april_tag_detection_array__type_support_c.cpp.o\x1b[0m\n'}
[36.270117] (-) TimerEvent: {}
[36.373198] (-) TimerEvent: {}
[36.489092] (-) TimerEvent: {}
[36.599084] (-) TimerEvent: {}
[36.702422] (-) TimerEvent: {}
[36.765449] (duckietown_msgs) StdoutLine: {'line': b'[ 18%] \x1b[32mBuilding CXX object CMakeFiles/duckietown_msgs__rosidl_typesupport_fastrtps_c.dir/rosidl_typesupport_fastrtps_c/duckietown_msgs/msg/detail/april_tags_with_infos__type_support_c.cpp.o\x1b[0m\n'}
[36.810597] (-) TimerEvent: {}
[36.912550] (-) TimerEvent: {}
[37.021514] (-) TimerEvent: {}
[37.124170] (-) TimerEvent: {}
[37.227150] (-) TimerEvent: {}
[37.331056] (-) TimerEvent: {}
[37.413147] (duckietown_msgs) StdoutLine: {'line': b'[ 18%] \x1b[32mBuilding CXX object CMakeFiles/duckietown_msgs__rosidl_typesupport_fastrtps_c.dir/rosidl_typesupport_fastrtps_c/duckietown_msgs/msg/detail/tag_info__type_support_c.cpp.o\x1b[0m\n'}
[37.435080] (-) TimerEvent: {}
[37.537354] (-) TimerEvent: {}
[37.640118] (-) TimerEvent: {}
[37.744130] (-) TimerEvent: {}
[37.847151] (-) TimerEvent: {}
[37.947556] (-) TimerEvent: {}
[37.976300] (duckietown_msgs) StdoutLine: {'line': b'[ 19%] \x1b[32mBuilding CXX object CMakeFiles/duckietown_msgs__rosidl_typesupport_fastrtps_c.dir/rosidl_typesupport_fastrtps_c/duckietown_msgs/msg/detail/pixel__type_support_c.cpp.o\x1b[0m\n'}
[38.054073] (-) TimerEvent: {}
[38.156110] (-) TimerEvent: {}
[38.261272] (-) TimerEvent: {}
[38.365330] (-) TimerEvent: {}
[38.466164] (-) TimerEvent: {}
[38.506160] (duckietown_msgs) StdoutLine: {'line': b'[ 19%] \x1b[32mBuilding CXX object CMakeFiles/duckietown_msgs__rosidl_typesupport_fastrtps_c.dir/rosidl_typesupport_fastrtps_c/duckietown_msgs/msg/detail/vector2_d__type_support_c.cpp.o\x1b[0m\n'}
[38.570156] (-) TimerEvent: {}
[38.674042] (-) TimerEvent: {}
[38.777066] (-) TimerEvent: {}
[38.880533] (-) TimerEvent: {}
[38.984392] (-) TimerEvent: {}
[39.034130] (duckietown_msgs) StdoutLine: {'line': b'[ 19%] \x1b[32mBuilding CXX object CMakeFiles/duckietown_msgs__rosidl_typesupport_fastrtps_c.dir/rosidl_typesupport_fastrtps_c/duckietown_msgs/msg/detail/segment__type_support_c.cpp.o\x1b[0m\n'}
[39.087110] (-) TimerEvent: {}
[39.191198] (-) TimerEvent: {}
[39.293140] (-) TimerEvent: {}
[39.395142] (-) TimerEvent: {}
[39.499313] (-) TimerEvent: {}
[39.562351] (duckietown_msgs) StdoutLine: {'line': b'[ 19%] \x1b[32mBuilding CXX object CMakeFiles/duckietown_msgs__rosidl_typesupport_fastrtps_c.dir/rosidl_typesupport_fastrtps_c/duckietown_msgs/msg/detail/segment_list__type_support_c.cpp.o\x1b[0m\n'}
[39.602081] (-) TimerEvent: {}
[39.706576] (-) TimerEvent: {}
[39.809317] (-) TimerEvent: {}
[39.913167] (-) TimerEvent: {}
[40.016377] (-) TimerEvent: {}
[40.100817] (duckietown_msgs) StdoutLine: {'line': b'[ 19%] \x1b[32mBuilding CXX object CMakeFiles/duckietown_msgs__rosidl_typesupport_fastrtps_c.dir/rosidl_typesupport_fastrtps_c/duckietown_msgs/msg/detail/rect__type_support_c.cpp.o\x1b[0m\n'}
[40.117160] (-) TimerEvent: {}
[40.221076] (-) TimerEvent: {}
[40.325594] (-) TimerEvent: {}
[40.430373] (-) TimerEvent: {}
[40.533632] (-) TimerEvent: {}
[40.620301] (duckietown_msgs) StdoutLine: {'line': b'[ 20%] \x1b[32mBuilding CXX object CMakeFiles/duckietown_msgs__rosidl_typesupport_fastrtps_c.dir/rosidl_typesupport_fastrtps_c/duckietown_msgs/msg/detail/rects__type_support_c.cpp.o\x1b[0m\n'}
[40.636165] (-) TimerEvent: {}
[40.740174] (-) TimerEvent: {}
[40.842150] (-) TimerEvent: {}
[40.944477] (-) TimerEvent: {}
[41.050135] (-) TimerEvent: {}
[41.145673] (duckietown_msgs) StdoutLine: {'line': b'[ 20%] \x1b[32mBuilding CXX object CMakeFiles/duckietown_msgs__rosidl_typesupport_fastrtps_c.dir/rosidl_typesupport_fastrtps_c/duckietown_msgs/msg/detail/scene_segments__type_support_c.cpp.o\x1b[0m\n'}
[41.150286] (-) TimerEvent: {}
[41.256168] (-) TimerEvent: {}
[41.360146] (-) TimerEvent: {}
[41.463054] (-) TimerEvent: {}
[41.567118] (-) TimerEvent: {}
[41.668309] (-) TimerEvent: {}
[41.672736] (duckietown_msgs) StdoutLine: {'line': b'[ 20%] \x1b[32mBuilding CXX object CMakeFiles/duckietown_msgs__rosidl_typesupport_fastrtps_c.dir/rosidl_typesupport_fastrtps_c/duckietown_msgs/msg/detail/source_target_nodes__type_support_c.cpp.o\x1b[0m\n'}
[41.774374] (-) TimerEvent: {}
[41.877432] (-) TimerEvent: {}
[41.981252] (-) TimerEvent: {}
[42.084149] (-) TimerEvent: {}
[42.193095] (-) TimerEvent: {}
[42.227924] (duckietown_msgs) StdoutLine: {'line': b'[ 20%] \x1b[32mBuilding CXX object CMakeFiles/duckietown_msgs__rosidl_typesupport_fastrtps_c.dir/rosidl_typesupport_fastrtps_c/duckietown_msgs/msg/detail/coordination_clearance__type_support_c.cpp.o\x1b[0m\n'}
[42.301095] (-) TimerEvent: {}
[42.404129] (-) TimerEvent: {}
[42.506109] (-) TimerEvent: {}
[42.611084] (-) TimerEvent: {}
[42.712120] (-) TimerEvent: {}
[42.753256] (duckietown_msgs) StdoutLine: {'line': b'[ 20%] \x1b[32mBuilding CXX object CMakeFiles/duckietown_msgs__rosidl_typesupport_fastrtps_c.dir/rosidl_typesupport_fastrtps_c/duckietown_msgs/msg/detail/coordination_clearance_ethz17__type_support_c.cpp.o\x1b[0m\n'}
[42.817425] (-) TimerEvent: {}
[42.920094] (-) TimerEvent: {}
[43.022313] (-) TimerEvent: {}
[43.125398] (-) TimerEvent: {}
[43.230174] (-) TimerEvent: {}
[43.279504] (duckietown_msgs) StdoutLine: {'line': b'[ 21%] \x1b[32mBuilding CXX object CMakeFiles/duckietown_msgs__rosidl_typesupport_fastrtps_c.dir/rosidl_typesupport_fastrtps_c/duckietown_msgs/msg/detail/vehicle_corners__type_support_c.cpp.o\x1b[0m\n'}
[43.334299] (-) TimerEvent: {}
[43.437208] (-) TimerEvent: {}
[43.541108] (-) TimerEvent: {}
[43.643127] (-) TimerEvent: {}
[43.747344] (-) TimerEvent: {}
[43.809311] (duckietown_msgs) StdoutLine: {'line': b'[ 21%] \x1b[32mBuilding CXX object CMakeFiles/duckietown_msgs__rosidl_typesupport_fastrtps_c.dir/rosidl_typesupport_fastrtps_c/duckietown_msgs/msg/detail/vehicle_pose__type_support_c.cpp.o\x1b[0m\n'}
[43.850476] (-) TimerEvent: {}
[43.953483] (-) TimerEvent: {}
[44.055583] (-) TimerEvent: {}
[44.161257] (-) TimerEvent: {}
[44.264115] (-) TimerEvent: {}
[44.340138] (duckietown_msgs) StdoutLine: {'line': b'[ 21%] \x1b[32mBuilding CXX object CMakeFiles/duckietown_msgs__rosidl_typesupport_fastrtps_c.dir/rosidl_typesupport_fastrtps_c/duckietown_msgs/msg/detail/fsm_state__type_support_c.cpp.o\x1b[0m\n'}
[44.369066] (-) TimerEvent: {}
[44.483268] (-) TimerEvent: {}
[44.584117] (-) TimerEvent: {}
[44.687078] (-) TimerEvent: {}
[44.791076] (-) TimerEvent: {}
[44.872504] (duckietown_msgs) StdoutLine: {'line': b'[ 21%] \x1b[32mBuilding CXX object CMakeFiles/duckietown_msgs__rosidl_typesupport_fastrtps_c.dir/rosidl_typesupport_fastrtps_c/duckietown_msgs/msg/detail/bool_stamped__type_support_c.cpp.o\x1b[0m\n'}
[44.894125] (-) TimerEvent: {}
[44.995130] (-) TimerEvent: {}
[45.100344] (-) TimerEvent: {}
[45.204167] (-) TimerEvent: {}
[45.307252] (-) TimerEvent: {}
[45.387975] (duckietown_msgs) StdoutLine: {'line': b'[ 21%] \x1b[32mBuilding CXX object CMakeFiles/duckietown_msgs__rosidl_typesupport_fastrtps_c.dir/rosidl_typesupport_fastrtps_c/duckietown_msgs/msg/detail/bool_stamped_ethz17__type_support_c.cpp.o\x1b[0m\n'}
[45.410076] (-) TimerEvent: {}
[45.514380] (-) TimerEvent: {}
[45.617135] (-) TimerEvent: {}
[45.721101] (-) TimerEvent: {}
[45.822054] (-) TimerEvent: {}
[45.924159] (-) TimerEvent: {}
[45.949067] (duckietown_msgs) StdoutLine: {'line': b'[ 22%] \x1b[32mBuilding CXX object CMakeFiles/duckietown_msgs__rosidl_typesupport_fastrtps_c.dir/rosidl_typesupport_fastrtps_c/duckietown_msgs/msg/detail/stop_line_reading__type_support_c.cpp.o\x1b[0m\n'}
[46.031564] (-) TimerEvent: {}
[46.135093] (-) TimerEvent: {}
[46.238108] (-) TimerEvent: {}
[46.343168] (-) TimerEvent: {}
[46.445416] (-) TimerEvent: {}
[46.486492] (duckietown_msgs) StdoutLine: {'line': b'[ 22%] \x1b[32mBuilding CXX object CMakeFiles/duckietown_msgs__rosidl_typesupport_fastrtps_c.dir/rosidl_typesupport_fastrtps_c/duckietown_msgs/msg/detail/led_interpreter__type_support_c.cpp.o\x1b[0m\n'}
[46.548105] (-) TimerEvent: {}
[46.652466] (-) TimerEvent: {}
[46.757034] (-) TimerEvent: {}
[46.860165] (-) TimerEvent: {}
[46.964134] (-) TimerEvent: {}
[47.031099] (duckietown_msgs) StdoutLine: {'line': b'[ 22%] \x1b[32mBuilding CXX object CMakeFiles/duckietown_msgs__rosidl_typesupport_fastrtps_c.dir/rosidl_typesupport_fastrtps_c/duckietown_msgs/msg/detail/anti_instagram_health__type_support_c.cpp.o\x1b[0m\n'}
[47.066166] (-) TimerEvent: {}
[47.169228] (-) TimerEvent: {}
[47.273203] (-) TimerEvent: {}
[47.376132] (-) TimerEvent: {}
[47.498135] (-) TimerEvent: {}
[47.605342] (-) TimerEvent: {}
[47.715217] (-) TimerEvent: {}
[47.830113] (-) TimerEvent: {}
[47.930161] (duckietown_msgs) StdoutLine: {'line': b'[ 22%] \x1b[32mBuilding CXX object CMakeFiles/duckietown_msgs__rosidl_typesupport_fastrtps_c.dir/rosidl_typesupport_fastrtps_c/duckietown_msgs/msg/detail/anti_instagram_transform__type_support_c.cpp.o\x1b[0m\n'}
[47.930383] (-) TimerEvent: {}
[48.045211] (-) TimerEvent: {}
[48.159276] (-) TimerEvent: {}
[48.261294] (-) TimerEvent: {}
[48.367166] (-) TimerEvent: {}
[48.468064] (-) TimerEvent: {}
[48.572213] (-) TimerEvent: {}
[48.675071] (-) TimerEvent: {}
[48.715446] (duckietown_msgs) StdoutLine: {'line': b'[ 22%] \x1b[32mBuilding CXX object CMakeFiles/duckietown_msgs__rosidl_typesupport_fastrtps_c.dir/rosidl_typesupport_fastrtps_c/duckietown_msgs/msg/detail/anti_instagram_transform_cb__type_support_c.cpp.o\x1b[0m\n'}
[48.779091] (-) TimerEvent: {}
[48.884323] (-) TimerEvent: {}
[48.988171] (-) TimerEvent: {}
[49.091120] (-) TimerEvent: {}
[49.195111] (-) TimerEvent: {}
[49.296135] (-) TimerEvent: {}
[49.304312] (duckietown_msgs) StdoutLine: {'line': b'[ 23%] \x1b[32mBuilding CXX object CMakeFiles/duckietown_msgs__rosidl_typesupport_fastrtps_c.dir/rosidl_typesupport_fastrtps_c/duckietown_msgs/msg/detail/kinematics_weights__type_support_c.cpp.o\x1b[0m\n'}
[49.402127] (-) TimerEvent: {}
[49.505080] (-) TimerEvent: {}
[49.608338] (-) TimerEvent: {}
[49.712444] (-) TimerEvent: {}
[49.813121] (-) TimerEvent: {}
[49.839640] (duckietown_msgs) StdoutLine: {'line': b'[ 23%] \x1b[32mBuilding CXX object CMakeFiles/duckietown_msgs__rosidl_typesupport_fastrtps_c.dir/rosidl_typesupport_fastrtps_c/duckietown_msgs/msg/detail/kinematics_parameters__type_support_c.cpp.o\x1b[0m\n'}
[49.919121] (-) TimerEvent: {}
[50.020174] (-) TimerEvent: {}
[50.126209] (-) TimerEvent: {}
[50.229095] (-) TimerEvent: {}
[50.331434] (-) TimerEvent: {}
[50.378840] (duckietown_msgs) StdoutLine: {'line': b'[ 23%] \x1b[32mBuilding CXX object CMakeFiles/duckietown_msgs__rosidl_typesupport_fastrtps_c.dir/rosidl_typesupport_fastrtps_c/duckietown_msgs/msg/detail/theta_dot_sample__type_support_c.cpp.o\x1b[0m\n'}
[50.436327] (-) TimerEvent: {}
[50.538172] (-) TimerEvent: {}
[50.642133] (-) TimerEvent: {}
[50.746407] (-) TimerEvent: {}
[50.849576] (-) TimerEvent: {}
[50.911099] (duckietown_msgs) StdoutLine: {'line': b'[ 23%] \x1b[32mBuilding CXX object CMakeFiles/duckietown_msgs__rosidl_typesupport_fastrtps_c.dir/rosidl_typesupport_fastrtps_c/duckietown_msgs/msg/detail/vsample__type_support_c.cpp.o\x1b[0m\n'}
[50.953730] (-) TimerEvent: {}
[51.057465] (-) TimerEvent: {}
[51.160100] (-) TimerEvent: {}
[51.263188] (-) TimerEvent: {}
[51.366317] (-) TimerEvent: {}
[51.428639] (duckietown_msgs) StdoutLine: {'line': b'[ 23%] \x1b[32mBuilding CXX object CMakeFiles/duckietown_msgs__rosidl_typesupport_fastrtps_c.dir/rosidl_typesupport_fastrtps_c/duckietown_msgs/msg/detail/trajectory__type_support_c.cpp.o\x1b[0m\n'}
[51.469518] (-) TimerEvent: {}
[51.574073] (-) TimerEvent: {}
[51.678103] (-) TimerEvent: {}
[51.781144] (-) TimerEvent: {}
[51.885064] (-) TimerEvent: {}
[51.957756] (duckietown_msgs) StdoutLine: {'line': b'[ 24%] \x1b[32mBuilding CXX object CMakeFiles/duckietown_msgs__rosidl_typesupport_fastrtps_c.dir/rosidl_typesupport_fastrtps_c/duckietown_msgs/msg/detail/obstacle_type__type_support_c.cpp.o\x1b[0m\n'}
[51.987435] (-) TimerEvent: {}
[52.091222] (-) TimerEvent: {}
[52.194501] (-) TimerEvent: {}
[52.299475] (-) TimerEvent: {}
[52.402577] (-) TimerEvent: {}
[52.503720] (duckietown_msgs) StdoutLine: {'line': b'[ 24%] \x1b[32mBuilding CXX object CMakeFiles/duckietown_msgs__rosidl_typesupport_fastrtps_c.dir/rosidl_typesupport_fastrtps_c/duckietown_msgs/msg/detail/obstacle_image_detection__type_support_c.cpp.o\x1b[0m\n'}
[52.503929] (-) TimerEvent: {}
[52.607733] (-) TimerEvent: {}
[52.711124] (-) TimerEvent: {}
[52.814141] (-) TimerEvent: {}
[52.918088] (-) TimerEvent: {}
[53.019258] (-) TimerEvent: {}
[53.086378] (duckietown_msgs) StdoutLine: {'line': b'[ 24%] \x1b[32mBuilding CXX object CMakeFiles/duckietown_msgs__rosidl_typesupport_fastrtps_c.dir/rosidl_typesupport_fastrtps_c/duckietown_msgs/msg/detail/obstacle_image_detection_list__type_support_c.cpp.o\x1b[0m\n'}
[53.124210] (-) TimerEvent: {}
[53.228158] (-) TimerEvent: {}
[53.331169] (-) TimerEvent: {}
[53.435226] (-) TimerEvent: {}
[53.538104] (-) TimerEvent: {}
[53.627050] (duckietown_msgs) StdoutLine: {'line': b'[ 24%] \x1b[32mBuilding CXX object CMakeFiles/duckietown_msgs__rosidl_typesupport_fastrtps_c.dir/rosidl_typesupport_fastrtps_c/duckietown_msgs/msg/detail/obstacle_projected_detection__type_support_c.cpp.o\x1b[0m\n'}
[53.638346] (-) TimerEvent: {}
[53.746076] (-) TimerEvent: {}
[53.849196] (-) TimerEvent: {}
[53.952273] (-) TimerEvent: {}
[54.057050] (-) TimerEvent: {}
[54.158162] (-) TimerEvent: {}
[54.162375] (duckietown_msgs) StdoutLine: {'line': b'[ 24%] \x1b[32mBuilding CXX object CMakeFiles/duckietown_msgs__rosidl_typesupport_fastrtps_c.dir/rosidl_typesupport_fastrtps_c/duckietown_msgs/msg/detail/obstacle_projected_detection_list__type_support_c.cpp.o\x1b[0m\n'}
[54.260276] (-) TimerEvent: {}
[54.365293] (-) TimerEvent: {}
[54.468122] (-) TimerEvent: {}
[54.571047] (-) TimerEvent: {}
[54.671500] (-) TimerEvent: {}
[54.689464] (duckietown_msgs) StdoutLine: {'line': b'[ 25%] \x1b[32mBuilding CXX object CMakeFiles/duckietown_msgs__rosidl_typesupport_fastrtps_c.dir/rosidl_typesupport_fastrtps_c/duckietown_msgs/msg/detail/num__type_support_c.cpp.o\x1b[0m\n'}
[54.779875] (-) TimerEvent: {}
[54.881126] (-) TimerEvent: {}
[54.982475] (-) TimerEvent: {}
[55.087069] (-) TimerEvent: {}
[55.188071] (-) TimerEvent: {}
[55.230262] (duckietown_msgs) StdoutLine: {'line': b'[ 25%] \x1b[32mBuilding CXX object CMakeFiles/duckietown_msgs__rosidl_typesupport_fastrtps_c.dir/rosidl_typesupport_fastrtps_c/duckietown_msgs/srv/detail/set_fsm_state__type_support_c.cpp.o\x1b[0m\n'}
[55.293225] (-) TimerEvent: {}
[55.397184] (-) TimerEvent: {}
[55.499043] (-) TimerEvent: {}
[55.603117] (-) TimerEvent: {}
[55.707296] (-) TimerEvent: {}
[55.796204] (duckietown_msgs) StdoutLine: {'line': b'[ 25%] \x1b[32mBuilding CXX object CMakeFiles/duckietown_msgs__rosidl_typesupport_fastrtps_c.dir/rosidl_typesupport_fastrtps_c/duckietown_msgs/srv/detail/set_value__type_support_c.cpp.o\x1b[0m\n'}
[55.807566] (-) TimerEvent: {}
[55.913128] (-) TimerEvent: {}
[56.016200] (-) TimerEvent: {}
[56.119054] (-) TimerEvent: {}
[56.222095] (-) TimerEvent: {}
[56.322513] (-) TimerEvent: {}
[56.345798] (duckietown_msgs) StdoutLine: {'line': b'[ 25%] \x1b[32mBuilding CXX object CMakeFiles/duckietown_msgs__rosidl_typesupport_fastrtps_c.dir/rosidl_typesupport_fastrtps_c/duckietown_msgs/srv/detail/set_variable__type_support_c.cpp.o\x1b[0m\n'}
[56.430369] (-) TimerEvent: {}
[56.533064] (-) TimerEvent: {}
[56.636132] (-) TimerEvent: {}
[56.740050] (-) TimerEvent: {}
[56.843060] (-) TimerEvent: {}
[56.898549] (duckietown_msgs) StdoutLine: {'line': b'[ 25%] \x1b[32mBuilding CXX object CMakeFiles/duckietown_msgs__rosidl_typesupport_fastrtps_c.dir/rosidl_typesupport_fastrtps_c/duckietown_msgs/srv/detail/get_variable__type_support_c.cpp.o\x1b[0m\n'}
[56.946253] (-) TimerEvent: {}
[57.048139] (-) TimerEvent: {}
[57.152167] (-) TimerEvent: {}
[57.256129] (-) TimerEvent: {}
[57.360708] (-) TimerEvent: {}
[57.442714] (duckietown_msgs) StdoutLine: {'line': b'[ 26%] \x1b[32m\x1b[1mLinking CXX shared library libduckietown_msgs__rosidl_typesupport_fastrtps_c.so\x1b[0m\n'}
[57.461429] (-) TimerEvent: {}
[57.567264] (-) TimerEvent: {}
[57.632304] (duckietown_msgs) StdoutLine: {'line': b'[ 26%] Built target duckietown_msgs__rosidl_typesupport_fastrtps_c\n'}
[57.661720] (duckietown_msgs) StdoutLine: {'line': b'[ 27%] \x1b[34m\x1b[1mGenerating C introspection for ROS interfaces\x1b[0m\n'}
[57.668087] (-) TimerEvent: {}
[57.772166] (-) TimerEvent: {}
[57.874055] (-) TimerEvent: {}
[57.980092] (-) TimerEvent: {}
[58.083517] (-) TimerEvent: {}
[58.186276] (-) TimerEvent: {}
[58.289057] (-) TimerEvent: {}
[58.393380] (-) TimerEvent: {}
[58.496700] (-) TimerEvent: {}
[58.600078] (-) TimerEvent: {}
[58.702234] (-) TimerEvent: {}
[58.806178] (-) TimerEvent: {}
[58.910119] (-) TimerEvent: {}
[59.013047] (-) TimerEvent: {}
[59.116074] (-) TimerEvent: {}
[59.220095] (-) TimerEvent: {}
[59.322094] (-) TimerEvent: {}
[59.426100] (-) TimerEvent: {}
[59.530222] (-) TimerEvent: {}
[59.634113] (-) TimerEvent: {}
[59.736160] (-) TimerEvent: {}
[59.840128] (-) TimerEvent: {}
[59.944165] (-) TimerEvent: {}
[60.046519] (-) TimerEvent: {}
[60.149383] (-) TimerEvent: {}
[60.253092] (-) TimerEvent: {}
[60.357213] (-) TimerEvent: {}
[60.460406] (-) TimerEvent: {}
[60.564199] (-) TimerEvent: {}
[60.666405] (-) TimerEvent: {}
[60.770101] (-) TimerEvent: {}
[60.874454] (-) TimerEvent: {}
[60.978081] (-) TimerEvent: {}
[61.081118] (-) TimerEvent: {}
[61.185096] (-) TimerEvent: {}
[61.288032] (-) TimerEvent: {}
[61.388483] (-) TimerEvent: {}
[61.413282] (duckietown_msgs) StdoutLine: {'line': b'[ 27%] \x1b[32mBuilding C object CMakeFiles/duckietown_msgs__rosidl_typesupport_introspection_c.dir/rosidl_typesupport_introspection_c/duckietown_msgs/msg/detail/car_control__type_support.c.o\x1b[0m\n'}
[61.488809] (duckietown_msgs) StdoutLine: {'line': b'[ 27%] \x1b[32mBuilding C object CMakeFiles/duckietown_msgs__rosidl_typesupport_introspection_c.dir/rosidl_typesupport_introspection_c/duckietown_msgs/msg/detail/coordination_signal__type_support.c.o\x1b[0m\n'}
[61.489084] (-) TimerEvent: {}
[61.560623] (duckietown_msgs) StdoutLine: {'line': b'[ 27%] \x1b[32mBuilding C object CMakeFiles/duckietown_msgs__rosidl_typesupport_introspection_c.dir/rosidl_typesupport_introspection_c/duckietown_msgs/msg/detail/coordination_signal_ethz17__type_support.c.o\x1b[0m\n'}
[61.590152] (-) TimerEvent: {}
[61.640802] (duckietown_msgs) StdoutLine: {'line': b'[ 27%] \x1b[32mBuilding C object CMakeFiles/duckietown_msgs__rosidl_typesupport_introspection_c.dir/rosidl_typesupport_introspection_c/duckietown_msgs/msg/detail/duckie_sensor__type_support.c.o\x1b[0m\n'}
[61.690410] (-) TimerEvent: {}
[61.706537] (duckietown_msgs) StdoutLine: {'line': b'[ 28%] \x1b[32mBuilding C object CMakeFiles/duckietown_msgs__rosidl_typesupport_introspection_c.dir/rosidl_typesupport_introspection_c/duckietown_msgs/msg/detail/lane_pose__type_support.c.o\x1b[0m\n'}
[61.781060] (duckietown_msgs) StdoutLine: {'line': b'[ 28%] \x1b[32mBuilding C object CMakeFiles/duckietown_msgs__rosidl_typesupport_introspection_c.dir/rosidl_typesupport_introspection_c/duckietown_msgs/msg/detail/intersection_pose__type_support.c.o\x1b[0m\n'}
[61.791036] (-) TimerEvent: {}
[61.855618] (duckietown_msgs) StdoutLine: {'line': b'[ 28%] \x1b[32mBuilding C object CMakeFiles/duckietown_msgs__rosidl_typesupport_introspection_c.dir/rosidl_typesupport_introspection_c/duckietown_msgs/msg/detail/intersection_pose_img__type_support.c.o\x1b[0m\n'}
[61.897002] (-) TimerEvent: {}
[61.945605] (duckietown_msgs) StdoutLine: {'line': b'[ 28%] \x1b[32mBuilding C object CMakeFiles/duckietown_msgs__rosidl_typesupport_introspection_c.dir/rosidl_typesupport_introspection_c/duckietown_msgs/msg/detail/intersection_pose_img_debug__type_support.c.o\x1b[0m\n'}
[61.998306] (-) TimerEvent: {}
[62.014339] (duckietown_msgs) StdoutLine: {'line': b'[ 28%] \x1b[32mBuilding C object CMakeFiles/duckietown_msgs__rosidl_typesupport_introspection_c.dir/rosidl_typesupport_introspection_c/duckietown_msgs/msg/detail/turn_i_dand_type__type_support.c.o\x1b[0m\n'}
[62.100314] (-) TimerEvent: {}
[62.106335] (duckietown_msgs) StdoutLine: {'line': b'[ 29%] \x1b[32mBuilding C object CMakeFiles/duckietown_msgs__rosidl_typesupport_introspection_c.dir/rosidl_typesupport_introspection_c/duckietown_msgs/msg/detail/led_detection__type_support.c.o\x1b[0m\n'}
[62.192356] (duckietown_msgs) StdoutLine: {'line': b'[ 29%] \x1b[32mBuilding C object CMakeFiles/duckietown_msgs__rosidl_typesupport_introspection_c.dir/rosidl_typesupport_introspection_c/duckietown_msgs/msg/detail/maintenance_state__type_support.c.o\x1b[0m\n'}
[62.200464] (-) TimerEvent: {}
[62.269055] (duckietown_msgs) StdoutLine: {'line': b'[ 29%] \x1b[32mBuilding C object CMakeFiles/duckietown_msgs__rosidl_typesupport_introspection_c.dir/rosidl_typesupport_introspection_c/duckietown_msgs/msg/detail/led_detection_array__type_support.c.o\x1b[0m\n'}
[62.310414] (-) TimerEvent: {}
[62.336290] (duckietown_msgs) StdoutLine: {'line': b'[ 29%] \x1b[32mBuilding C object CMakeFiles/duckietown_msgs__rosidl_typesupport_introspection_c.dir/rosidl_typesupport_introspection_c/duckietown_msgs/msg/detail/led_detection_debug_info__type_support.c.o\x1b[0m\n'}
[62.410575] (-) TimerEvent: {}
[62.427010] (duckietown_msgs) StdoutLine: {'line': b'[ 29%] \x1b[32mBuilding C object CMakeFiles/duckietown_msgs__rosidl_typesupport_introspection_c.dir/rosidl_typesupport_introspection_c/duckietown_msgs/msg/detail/wheels_cmd__type_support.c.o\x1b[0m\n'}
[62.497597] (duckietown_msgs) StdoutLine: {'line': b'[ 30%] \x1b[32mBuilding C object CMakeFiles/duckietown_msgs__rosidl_typesupport_introspection_c.dir/rosidl_typesupport_introspection_c/duckietown_msgs/msg/detail/wheels_cmd_stamped__type_support.c.o\x1b[0m\n'}
[62.511122] (-) TimerEvent: {}
[62.595873] (duckietown_msgs) StdoutLine: {'line': b'[ 30%] \x1b[32mBuilding C object CMakeFiles/duckietown_msgs__rosidl_typesupport_introspection_c.dir/rosidl_typesupport_introspection_c/duckietown_msgs/msg/detail/pose2_d_stamped__type_support.c.o\x1b[0m\n'}
[62.622134] (-) TimerEvent: {}
[62.678155] (duckietown_msgs) StdoutLine: {'line': b'[ 30%] \x1b[32mBuilding C object CMakeFiles/duckietown_msgs__rosidl_typesupport_introspection_c.dir/rosidl_typesupport_introspection_c/duckietown_msgs/msg/detail/signals_detection__type_support.c.o\x1b[0m\n'}
[62.727160] (-) TimerEvent: {}
[62.745183] (duckietown_msgs) StdoutLine: {'line': b'[ 30%] \x1b[32mBuilding C object CMakeFiles/duckietown_msgs__rosidl_typesupport_introspection_c.dir/rosidl_typesupport_introspection_c/duckietown_msgs/msg/detail/signals_detection_ethz17__type_support.c.o\x1b[0m\n'}
[62.820187] (duckietown_msgs) StdoutLine: {'line': b'[ 30%] \x1b[32mBuilding C object CMakeFiles/duckietown_msgs__rosidl_typesupport_introspection_c.dir/rosidl_typesupport_introspection_c/duckietown_msgs/msg/detail/twist2_d_stamped__type_support.c.o\x1b[0m\n'}
[62.828036] (-) TimerEvent: {}
[62.893214] (duckietown_msgs) StdoutLine: {'line': b'[ 31%] \x1b[32mBuilding C object CMakeFiles/duckietown_msgs__rosidl_typesupport_introspection_c.dir/rosidl_typesupport_introspection_c/duckietown_msgs/msg/detail/twist2_d_stamped_ethz17__type_support.c.o\x1b[0m\n'}
[62.929392] (-) TimerEvent: {}
[62.976387] (duckietown_msgs) StdoutLine: {'line': b'[ 31%] \x1b[32mBuilding C object CMakeFiles/duckietown_msgs__rosidl_typesupport_introspection_c.dir/rosidl_typesupport_introspection_c/duckietown_msgs/msg/detail/april_tag_detection__type_support.c.o\x1b[0m\n'}
[63.029596] (-) TimerEvent: {}
[63.042648] (duckietown_msgs) StdoutLine: {'line': b'[ 31%] \x1b[32mBuilding C object CMakeFiles/duckietown_msgs__rosidl_typesupport_introspection_c.dir/rosidl_typesupport_introspection_c/duckietown_msgs/msg/detail/april_tag_detection_array__type_support.c.o\x1b[0m\n'}
[63.133157] (-) TimerEvent: {}
[63.144377] (duckietown_msgs) StdoutLine: {'line': b'[ 31%] \x1b[32mBuilding C object CMakeFiles/duckietown_msgs__rosidl_typesupport_introspection_c.dir/rosidl_typesupport_introspection_c/duckietown_msgs/msg/detail/april_tags_with_infos__type_support.c.o\x1b[0m\n'}
[63.229642] (duckietown_msgs) StdoutLine: {'line': b'[ 31%] \x1b[32mBuilding C object CMakeFiles/duckietown_msgs__rosidl_typesupport_introspection_c.dir/rosidl_typesupport_introspection_c/duckietown_msgs/msg/detail/tag_info__type_support.c.o\x1b[0m\n'}
[63.233285] (-) TimerEvent: {}
[63.305395] (duckietown_msgs) StdoutLine: {'line': b'[ 32%] \x1b[32mBuilding C object CMakeFiles/duckietown_msgs__rosidl_typesupport_introspection_c.dir/rosidl_typesupport_introspection_c/duckietown_msgs/msg/detail/pixel__type_support.c.o\x1b[0m\n'}
[63.335146] (-) TimerEvent: {}
[63.379460] (duckietown_msgs) StdoutLine: {'line': b'[ 32%] \x1b[32mBuilding C object CMakeFiles/duckietown_msgs__rosidl_typesupport_introspection_c.dir/rosidl_typesupport_introspection_c/duckietown_msgs/msg/detail/vector2_d__type_support.c.o\x1b[0m\n'}
[63.440191] (-) TimerEvent: {}
[63.445623] (duckietown_msgs) StdoutLine: {'line': b'[ 32%] \x1b[32mBuilding C object CMakeFiles/duckietown_msgs__rosidl_typesupport_introspection_c.dir/rosidl_typesupport_introspection_c/duckietown_msgs/msg/detail/segment__type_support.c.o\x1b[0m\n'}
[63.529251] (duckietown_msgs) StdoutLine: {'line': b'[ 32%] \x1b[32mBuilding C object CMakeFiles/duckietown_msgs__rosidl_typesupport_introspection_c.dir/rosidl_typesupport_introspection_c/duckietown_msgs/msg/detail/segment_list__type_support.c.o\x1b[0m\n'}
[63.550116] (-) TimerEvent: {}
[63.608377] (duckietown_msgs) StdoutLine: {'line': b'[ 32%] \x1b[32mBuilding C object CMakeFiles/duckietown_msgs__rosidl_typesupport_introspection_c.dir/rosidl_typesupport_introspection_c/duckietown_msgs/msg/detail/rect__type_support.c.o\x1b[0m\n'}
[63.650397] (-) TimerEvent: {}
[63.675358] (duckietown_msgs) StdoutLine: {'line': b'[ 33%] \x1b[32mBuilding C object CMakeFiles/duckietown_msgs__rosidl_typesupport_introspection_c.dir/rosidl_typesupport_introspection_c/duckietown_msgs/msg/detail/rects__type_support.c.o\x1b[0m\n'}
[63.755412] (-) TimerEvent: {}
[63.759556] (duckietown_msgs) StdoutLine: {'line': b'[ 33%] \x1b[32mBuilding C object CMakeFiles/duckietown_msgs__rosidl_typesupport_introspection_c.dir/rosidl_typesupport_introspection_c/duckietown_msgs/msg/detail/scene_segments__type_support.c.o\x1b[0m\n'}
[63.839244] (duckietown_msgs) StdoutLine: {'line': b'[ 33%] \x1b[32mBuilding C object CMakeFiles/duckietown_msgs__rosidl_typesupport_introspection_c.dir/rosidl_typesupport_introspection_c/duckietown_msgs/msg/detail/source_target_nodes__type_support.c.o\x1b[0m\n'}
[63.859223] (-) TimerEvent: {}
[63.909704] (duckietown_msgs) StdoutLine: {'line': b'[ 33%] \x1b[32mBuilding C object CMakeFiles/duckietown_msgs__rosidl_typesupport_introspection_c.dir/rosidl_typesupport_introspection_c/duckietown_msgs/msg/detail/coordination_clearance__type_support.c.o\x1b[0m\n'}
[63.959657] (-) TimerEvent: {}
[63.984181] (duckietown_msgs) StdoutLine: {'line': b'[ 33%] \x1b[32mBuilding C object CMakeFiles/duckietown_msgs__rosidl_typesupport_introspection_c.dir/rosidl_typesupport_introspection_c/duckietown_msgs/msg/detail/coordination_clearance_ethz17__type_support.c.o\x1b[0m\n'}
[64.062134] (duckietown_msgs) StdoutLine: {'line': b'[ 34%] \x1b[32mBuilding C object CMakeFiles/duckietown_msgs__rosidl_typesupport_introspection_c.dir/rosidl_typesupport_introspection_c/duckietown_msgs/msg/detail/vehicle_corners__type_support.c.o\x1b[0m\n'}
[64.062353] (-) TimerEvent: {}
[64.156549] (duckietown_msgs) StdoutLine: {'line': b'[ 34%] \x1b[32mBuilding C object CMakeFiles/duckietown_msgs__rosidl_typesupport_introspection_c.dir/rosidl_typesupport_introspection_c/duckietown_msgs/msg/detail/vehicle_pose__type_support.c.o\x1b[0m\n'}
[64.162533] (-) TimerEvent: {}
[64.232458] (duckietown_msgs) StdoutLine: {'line': b'[ 34%] \x1b[32mBuilding C object CMakeFiles/duckietown_msgs__rosidl_typesupport_introspection_c.dir/rosidl_typesupport_introspection_c/duckietown_msgs/msg/detail/fsm_state__type_support.c.o\x1b[0m\n'}
[64.271439] (-) TimerEvent: {}
[64.296349] (duckietown_msgs) StdoutLine: {'line': b'[ 34%] \x1b[32mBuilding C object CMakeFiles/duckietown_msgs__rosidl_typesupport_introspection_c.dir/rosidl_typesupport_introspection_c/duckietown_msgs/msg/detail/bool_stamped__type_support.c.o\x1b[0m\n'}
[64.373153] (-) TimerEvent: {}
[64.381247] (duckietown_msgs) StdoutLine: {'line': b'[ 34%] \x1b[32mBuilding C object CMakeFiles/duckietown_msgs__rosidl_typesupport_introspection_c.dir/rosidl_typesupport_introspection_c/duckietown_msgs/msg/detail/bool_stamped_ethz17__type_support.c.o\x1b[0m\n'}
[64.457104] (duckietown_msgs) StdoutLine: {'line': b'[ 35%] \x1b[32mBuilding C object CMakeFiles/duckietown_msgs__rosidl_typesupport_introspection_c.dir/rosidl_typesupport_introspection_c/duckietown_msgs/msg/detail/stop_line_reading__type_support.c.o\x1b[0m\n'}
[64.478119] (-) TimerEvent: {}
[64.532225] (duckietown_msgs) StdoutLine: {'line': b'[ 35%] \x1b[32mBuilding C object CMakeFiles/duckietown_msgs__rosidl_typesupport_introspection_c.dir/rosidl_typesupport_introspection_c/duckietown_msgs/msg/detail/led_interpreter__type_support.c.o\x1b[0m\n'}
[64.579127] (-) TimerEvent: {}
[64.598361] (duckietown_msgs) StdoutLine: {'line': b'[ 35%] \x1b[32mBuilding C object CMakeFiles/duckietown_msgs__rosidl_typesupport_introspection_c.dir/rosidl_typesupport_introspection_c/duckietown_msgs/msg/detail/anti_instagram_health__type_support.c.o\x1b[0m\n'}
[64.676357] (duckietown_msgs) StdoutLine: {'line': b'[ 35%] \x1b[32mBuilding C object CMakeFiles/duckietown_msgs__rosidl_typesupport_introspection_c.dir/rosidl_typesupport_introspection_c/duckietown_msgs/msg/detail/anti_instagram_transform__type_support.c.o\x1b[0m\n'}
[64.679328] (-) TimerEvent: {}
[64.752327] (duckietown_msgs) StdoutLine: {'line': b'[ 35%] \x1b[32mBuilding C object CMakeFiles/duckietown_msgs__rosidl_typesupport_introspection_c.dir/rosidl_typesupport_introspection_c/duckietown_msgs/msg/detail/anti_instagram_transform_cb__type_support.c.o\x1b[0m\n'}
[64.788137] (-) TimerEvent: {}
[64.828516] (duckietown_msgs) StdoutLine: {'line': b'[ 36%] \x1b[32mBuilding C object CMakeFiles/duckietown_msgs__rosidl_typesupport_introspection_c.dir/rosidl_typesupport_introspection_c/duckietown_msgs/msg/detail/kinematics_weights__type_support.c.o\x1b[0m\n'}
[64.889135] (-) TimerEvent: {}
[64.896069] (duckietown_msgs) StdoutLine: {'line': b'[ 36%] \x1b[32mBuilding C object CMakeFiles/duckietown_msgs__rosidl_typesupport_introspection_c.dir/rosidl_typesupport_introspection_c/duckietown_msgs/msg/detail/kinematics_parameters__type_support.c.o\x1b[0m\n'}
[64.972471] (duckietown_msgs) StdoutLine: {'line': b'[ 36%] \x1b[32mBuilding C object CMakeFiles/duckietown_msgs__rosidl_typesupport_introspection_c.dir/rosidl_typesupport_introspection_c/duckietown_msgs/msg/detail/theta_dot_sample__type_support.c.o\x1b[0m\n'}
[64.992140] (-) TimerEvent: {}
[65.053059] (duckietown_msgs) StdoutLine: {'line': b'[ 36%] \x1b[32mBuilding C object CMakeFiles/duckietown_msgs__rosidl_typesupport_introspection_c.dir/rosidl_typesupport_introspection_c/duckietown_msgs/msg/detail/vsample__type_support.c.o\x1b[0m\n'}
[65.093118] (-) TimerEvent: {}
[65.167846] (duckietown_msgs) StdoutLine: {'line': b'[ 36%] \x1b[32mBuilding C object CMakeFiles/duckietown_msgs__rosidl_typesupport_introspection_c.dir/rosidl_typesupport_introspection_c/duckietown_msgs/msg/detail/trajectory__type_support.c.o\x1b[0m\n'}
[65.200808] (-) TimerEvent: {}
[65.260336] (duckietown_msgs) StdoutLine: {'line': b'[ 37%] \x1b[32mBuilding C object CMakeFiles/duckietown_msgs__rosidl_typesupport_introspection_c.dir/rosidl_typesupport_introspection_c/duckietown_msgs/msg/detail/obstacle_type__type_support.c.o\x1b[0m\n'}
[65.302596] (-) TimerEvent: {}
[65.324389] (duckietown_msgs) StdoutLine: {'line': b'[ 37%] \x1b[32mBuilding C object CMakeFiles/duckietown_msgs__rosidl_typesupport_introspection_c.dir/rosidl_typesupport_introspection_c/duckietown_msgs/msg/detail/obstacle_image_detection__type_support.c.o\x1b[0m\n'}
[65.395141] (duckietown_msgs) StdoutLine: {'line': b'[ 37%] \x1b[32mBuilding C object CMakeFiles/duckietown_msgs__rosidl_typesupport_introspection_c.dir/rosidl_typesupport_introspection_c/duckietown_msgs/msg/detail/obstacle_image_detection_list__type_support.c.o\x1b[0m\n'}
[65.403070] (-) TimerEvent: {}
[65.476434] (duckietown_msgs) StdoutLine: {'line': b'[ 37%] \x1b[32mBuilding C object CMakeFiles/duckietown_msgs__rosidl_typesupport_introspection_c.dir/rosidl_typesupport_introspection_c/duckietown_msgs/msg/detail/obstacle_projected_detection__type_support.c.o\x1b[0m\n'}
[65.510972] (-) TimerEvent: {}
[65.562275] (duckietown_msgs) StdoutLine: {'line': b'[ 37%] \x1b[32mBuilding C object CMakeFiles/duckietown_msgs__rosidl_typesupport_introspection_c.dir/rosidl_typesupport_introspection_c/duckietown_msgs/msg/detail/obstacle_projected_detection_list__type_support.c.o\x1b[0m\n'}
[65.612072] (-) TimerEvent: {}
[65.632510] (duckietown_msgs) StdoutLine: {'line': b'[ 38%] \x1b[32mBuilding C object CMakeFiles/duckietown_msgs__rosidl_typesupport_introspection_c.dir/rosidl_typesupport_introspection_c/duckietown_msgs/msg/detail/num__type_support.c.o\x1b[0m\n'}
[65.706340] (duckietown_msgs) StdoutLine: {'line': b'[ 38%] \x1b[32mBuilding C object CMakeFiles/duckietown_msgs__rosidl_typesupport_introspection_c.dir/rosidl_typesupport_introspection_c/duckietown_msgs/srv/detail/set_fsm_state__type_support.c.o\x1b[0m\n'}
[65.712306] (-) TimerEvent: {}
[65.782667] (duckietown_msgs) StdoutLine: {'line': b'[ 38%] \x1b[32mBuilding C object CMakeFiles/duckietown_msgs__rosidl_typesupport_introspection_c.dir/rosidl_typesupport_introspection_c/duckietown_msgs/srv/detail/set_value__type_support.c.o\x1b[0m\n'}
[65.821356] (-) TimerEvent: {}
[65.861215] (duckietown_msgs) StdoutLine: {'line': b'[ 38%] \x1b[32mBuilding C object CMakeFiles/duckietown_msgs__rosidl_typesupport_introspection_c.dir/rosidl_typesupport_introspection_c/duckietown_msgs/srv/detail/set_variable__type_support.c.o\x1b[0m\n'}
[65.922052] (-) TimerEvent: {}
[65.927989] (duckietown_msgs) StdoutLine: {'line': b'[ 38%] \x1b[32mBuilding C object CMakeFiles/duckietown_msgs__rosidl_typesupport_introspection_c.dir/rosidl_typesupport_introspection_c/duckietown_msgs/srv/detail/get_variable__type_support.c.o\x1b[0m\n'}
[66.015045] (duckietown_msgs) StdoutLine: {'line': b'[ 39%] \x1b[32m\x1b[1mLinking C shared library libduckietown_msgs__rosidl_typesupport_introspection_c.so\x1b[0m\n'}
[66.026114] (-) TimerEvent: {}
[66.131984] (-) TimerEvent: {}
[66.152689] (duckietown_msgs) StdoutLine: {'line': b'[ 39%] Built target duckietown_msgs__rosidl_typesupport_introspection_c\n'}
[66.189145] (duckietown_msgs) StdoutLine: {'line': b'[ 40%] \x1b[34m\x1b[1mGenerating C type support dispatch for ROS interfaces\x1b[0m\n'}
[66.234156] (-) TimerEvent: {}
[66.337234] (-) TimerEvent: {}
[66.443316] (-) TimerEvent: {}
[66.546151] (-) TimerEvent: {}
[66.649130] (-) TimerEvent: {}
[66.751575] (-) TimerEvent: {}
[66.856053] (-) TimerEvent: {}
[66.959313] (-) TimerEvent: {}
[67.062123] (-) TimerEvent: {}
[67.165120] (-) TimerEvent: {}
[67.266099] (-) TimerEvent: {}
[67.370035] (-) TimerEvent: {}
[67.474390] (-) TimerEvent: {}
[67.578119] (-) TimerEvent: {}
[67.681127] (-) TimerEvent: {}
[67.784067] (-) TimerEvent: {}
[67.888049] (-) TimerEvent: {}
[67.990224] (-) TimerEvent: {}
[68.093163] (-) TimerEvent: {}
[68.197089] (-) TimerEvent: {}
[68.300439] (-) TimerEvent: {}
[68.404065] (-) TimerEvent: {}
[68.507073] (-) TimerEvent: {}
[68.611209] (-) TimerEvent: {}
[68.714066] (-) TimerEvent: {}
[68.818193] (-) TimerEvent: {}
[68.920094] (-) TimerEvent: {}
[69.020493] (-) TimerEvent: {}
[69.042302] (duckietown_msgs) StdoutLine: {'line': b'[ 40%] \x1b[32mBuilding CXX object CMakeFiles/duckietown_msgs__rosidl_typesupport_c.dir/rosidl_typesupport_c/duckietown_msgs/msg/car_control__type_support.cpp.o\x1b[0m\n'}
[69.127136] (-) TimerEvent: {}
[69.140475] (duckietown_msgs) StdoutLine: {'line': b'[ 40%] \x1b[32mBuilding CXX object CMakeFiles/duckietown_msgs__rosidl_typesupport_c.dir/rosidl_typesupport_c/duckietown_msgs/msg/coordination_signal__type_support.cpp.o\x1b[0m\n'}
[69.210131] (duckietown_msgs) StdoutLine: {'line': b'[ 40%] \x1b[32mBuilding CXX object CMakeFiles/duckietown_msgs__rosidl_typesupport_c.dir/rosidl_typesupport_c/duckietown_msgs/msg/coordination_signal_ethz17__type_support.cpp.o\x1b[0m\n'}
[69.230403] (-) TimerEvent: {}
[69.277360] (duckietown_msgs) StdoutLine: {'line': b'[ 40%] \x1b[32mBuilding CXX object CMakeFiles/duckietown_msgs__rosidl_typesupport_c.dir/rosidl_typesupport_c/duckietown_msgs/msg/duckie_sensor__type_support.cpp.o\x1b[0m\n'}
[69.334507] (-) TimerEvent: {}
[69.338138] (duckietown_msgs) StdoutLine: {'line': b'[ 41%] \x1b[32mBuilding CXX object CMakeFiles/duckietown_msgs__rosidl_typesupport_c.dir/rosidl_typesupport_c/duckietown_msgs/msg/lane_pose__type_support.cpp.o\x1b[0m\n'}
[69.403403] (duckietown_msgs) StdoutLine: {'line': b'[ 41%] \x1b[32mBuilding CXX object CMakeFiles/duckietown_msgs__rosidl_typesupport_c.dir/rosidl_typesupport_c/duckietown_msgs/msg/intersection_pose__type_support.cpp.o\x1b[0m\n'}
[69.436124] (-) TimerEvent: {}
[69.461089] (duckietown_msgs) StdoutLine: {'line': b'[ 41%] \x1b[32mBuilding CXX object CMakeFiles/duckietown_msgs__rosidl_typesupport_c.dir/rosidl_typesupport_c/duckietown_msgs/msg/intersection_pose_img__type_support.cpp.o\x1b[0m\n'}
[69.528868] (duckietown_msgs) StdoutLine: {'line': b'[ 41%] \x1b[32mBuilding CXX object CMakeFiles/duckietown_msgs__rosidl_typesupport_c.dir/rosidl_typesupport_c/duckietown_msgs/msg/intersection_pose_img_debug__type_support.cpp.o\x1b[0m\n'}
[69.536246] (-) TimerEvent: {}
[69.594527] (duckietown_msgs) StdoutLine: {'line': b'[ 41%] \x1b[32mBuilding CXX object CMakeFiles/duckietown_msgs__rosidl_typesupport_c.dir/rosidl_typesupport_c/duckietown_msgs/msg/turn_i_dand_type__type_support.cpp.o\x1b[0m\n'}
[69.636537] (-) TimerEvent: {}
[69.657535] (duckietown_msgs) StdoutLine: {'line': b'[ 42%] \x1b[32mBuilding CXX object CMakeFiles/duckietown_msgs__rosidl_typesupport_c.dir/rosidl_typesupport_c/duckietown_msgs/msg/led_detection__type_support.cpp.o\x1b[0m\n'}
[69.736698] (-) TimerEvent: {}
[69.739433] (duckietown_msgs) StdoutLine: {'line': b'[ 42%] \x1b[32mBuilding CXX object CMakeFiles/duckietown_msgs__rosidl_typesupport_c.dir/rosidl_typesupport_c/duckietown_msgs/msg/maintenance_state__type_support.cpp.o\x1b[0m\n'}
[69.805753] (duckietown_msgs) StdoutLine: {'line': b'[ 42%] \x1b[32mBuilding CXX object CMakeFiles/duckietown_msgs__rosidl_typesupport_c.dir/rosidl_typesupport_c/duckietown_msgs/msg/led_detection_array__type_support.cpp.o\x1b[0m\n'}
[69.837765] (-) TimerEvent: {}
[69.864284] (duckietown_msgs) StdoutLine: {'line': b'[ 42%] \x1b[32mBuilding CXX object CMakeFiles/duckietown_msgs__rosidl_typesupport_c.dir/rosidl_typesupport_c/duckietown_msgs/msg/led_detection_debug_info__type_support.cpp.o\x1b[0m\n'}
[69.932538] (duckietown_msgs) StdoutLine: {'line': b'[ 42%] \x1b[32mBuilding CXX object CMakeFiles/duckietown_msgs__rosidl_typesupport_c.dir/rosidl_typesupport_c/duckietown_msgs/msg/wheels_cmd__type_support.cpp.o\x1b[0m\n'}
[69.938340] (-) TimerEvent: {}
[69.999157] (duckietown_msgs) StdoutLine: {'line': b'[ 43%] \x1b[32mBuilding CXX object CMakeFiles/duckietown_msgs__rosidl_typesupport_c.dir/rosidl_typesupport_c/duckietown_msgs/msg/wheels_cmd_stamped__type_support.cpp.o\x1b[0m\n'}
[70.040196] (-) TimerEvent: {}
[70.058302] (duckietown_msgs) StdoutLine: {'line': b'[ 43%] \x1b[32mBuilding CXX object CMakeFiles/duckietown_msgs__rosidl_typesupport_c.dir/rosidl_typesupport_c/duckietown_msgs/msg/pose2_d_stamped__type_support.cpp.o\x1b[0m\n'}
[70.134538] (duckietown_msgs) StdoutLine: {'line': b'[ 43%] \x1b[32mBuilding CXX object CMakeFiles/duckietown_msgs__rosidl_typesupport_c.dir/rosidl_typesupport_c/duckietown_msgs/msg/signals_detection__type_support.cpp.o\x1b[0m\n'}
[70.140330] (-) TimerEvent: {}
[70.205431] (duckietown_msgs) StdoutLine: {'line': b'[ 43%] \x1b[32mBuilding CXX object CMakeFiles/duckietown_msgs__rosidl_typesupport_c.dir/rosidl_typesupport_c/duckietown_msgs/msg/signals_detection_ethz17__type_support.cpp.o\x1b[0m\n'}
[70.241100] (-) TimerEvent: {}
[70.265050] (duckietown_msgs) StdoutLine: {'line': b'[ 43%] \x1b[32mBuilding CXX object CMakeFiles/duckietown_msgs__rosidl_typesupport_c.dir/rosidl_typesupport_c/duckietown_msgs/msg/twist2_d_stamped__type_support.cpp.o\x1b[0m\n'}
[70.333332] (duckietown_msgs) StdoutLine: {'line': b'[ 44%] \x1b[32mBuilding CXX object CMakeFiles/duckietown_msgs__rosidl_typesupport_c.dir/rosidl_typesupport_c/duckietown_msgs/msg/twist2_d_stamped_ethz17__type_support.cpp.o\x1b[0m\n'}
[70.342230] (-) TimerEvent: {}
[70.401815] (duckietown_msgs) StdoutLine: {'line': b'[ 44%] \x1b[32mBuilding CXX object CMakeFiles/duckietown_msgs__rosidl_typesupport_c.dir/rosidl_typesupport_c/duckietown_msgs/msg/april_tag_detection__type_support.cpp.o\x1b[0m\n'}
[70.442413] (-) TimerEvent: {}
[70.459065] (duckietown_msgs) StdoutLine: {'line': b'[ 44%] \x1b[32mBuilding CXX object CMakeFiles/duckietown_msgs__rosidl_typesupport_c.dir/rosidl_typesupport_c/duckietown_msgs/msg/april_tag_detection_array__type_support.cpp.o\x1b[0m\n'}
[70.531769] (duckietown_msgs) StdoutLine: {'line': b'[ 44%] \x1b[32mBuilding CXX object CMakeFiles/duckietown_msgs__rosidl_typesupport_c.dir/rosidl_typesupport_c/duckietown_msgs/msg/april_tags_with_infos__type_support.cpp.o\x1b[0m\n'}
[70.554338] (-) TimerEvent: {}
[70.600583] (duckietown_msgs) StdoutLine: {'line': b'[ 44%] \x1b[32mBuilding CXX object CMakeFiles/duckietown_msgs__rosidl_typesupport_c.dir/rosidl_typesupport_c/duckietown_msgs/msg/tag_info__type_support.cpp.o\x1b[0m\n'}
[70.655468] (-) TimerEvent: {}
[70.668664] (duckietown_msgs) StdoutLine: {'line': b'[ 45%] \x1b[32mBuilding CXX object CMakeFiles/duckietown_msgs__rosidl_typesupport_c.dir/rosidl_typesupport_c/duckietown_msgs/msg/pixel__type_support.cpp.o\x1b[0m\n'}
[70.733357] (duckietown_msgs) StdoutLine: {'line': b'[ 45%] \x1b[32mBuilding CXX object CMakeFiles/duckietown_msgs__rosidl_typesupport_c.dir/rosidl_typesupport_c/duckietown_msgs/msg/vector2_d__type_support.cpp.o\x1b[0m\n'}
[70.761180] (-) TimerEvent: {}
[70.798495] (duckietown_msgs) StdoutLine: {'line': b'[ 45%] \x1b[32mBuilding CXX object CMakeFiles/duckietown_msgs__rosidl_typesupport_c.dir/rosidl_typesupport_c/duckietown_msgs/msg/segment__type_support.cpp.o\x1b[0m\n'}
[70.860298] (duckietown_msgs) StdoutLine: {'line': b'[ 45%] \x1b[32mBuilding CXX object CMakeFiles/duckietown_msgs__rosidl_typesupport_c.dir/rosidl_typesupport_c/duckietown_msgs/msg/segment_list__type_support.cpp.o\x1b[0m\n'}
[70.862056] (-) TimerEvent: {}
[70.927072] (duckietown_msgs) StdoutLine: {'line': b'[ 45%] \x1b[32mBuilding CXX object CMakeFiles/duckietown_msgs__rosidl_typesupport_c.dir/rosidl_typesupport_c/duckietown_msgs/msg/rect__type_support.cpp.o\x1b[0m\n'}
[70.964141] (-) TimerEvent: {}
[71.004333] (duckietown_msgs) StdoutLine: {'line': b'[ 46%] \x1b[32mBuilding CXX object CMakeFiles/duckietown_msgs__rosidl_typesupport_c.dir/rosidl_typesupport_c/duckietown_msgs/msg/rects__type_support.cpp.o\x1b[0m\n'}
[71.061551] (duckietown_msgs) StdoutLine: {'line': b'[ 46%] \x1b[32mBuilding CXX object CMakeFiles/duckietown_msgs__rosidl_typesupport_c.dir/rosidl_typesupport_c/duckietown_msgs/msg/scene_segments__type_support.cpp.o\x1b[0m\n'}
[71.064202] (-) TimerEvent: {}
[71.152143] (duckietown_msgs) StdoutLine: {'line': b'[ 46%] \x1b[32mBuilding CXX object CMakeFiles/duckietown_msgs__rosidl_typesupport_c.dir/rosidl_typesupport_c/duckietown_msgs/msg/source_target_nodes__type_support.cpp.o\x1b[0m\n'}
[71.165398] (-) TimerEvent: {}
[71.226330] (duckietown_msgs) StdoutLine: {'line': b'[ 46%] \x1b[32mBuilding CXX object CMakeFiles/duckietown_msgs__rosidl_typesupport_c.dir/rosidl_typesupport_c/duckietown_msgs/msg/coordination_clearance__type_support.cpp.o\x1b[0m\n'}
[71.265623] (-) TimerEvent: {}
[71.283511] (duckietown_msgs) StdoutLine: {'line': b'[ 46%] \x1b[32mBuilding CXX object CMakeFiles/duckietown_msgs__rosidl_typesupport_c.dir/rosidl_typesupport_c/duckietown_msgs/msg/coordination_clearance_ethz17__type_support.cpp.o\x1b[0m\n'}
[71.351611] (duckietown_msgs) StdoutLine: {'line': b'[ 47%] \x1b[32mBuilding CXX object CMakeFiles/duckietown_msgs__rosidl_typesupport_c.dir/rosidl_typesupport_c/duckietown_msgs/msg/vehicle_corners__type_support.cpp.o\x1b[0m\n'}
[71.371299] (-) TimerEvent: {}
[71.422458] (duckietown_msgs) StdoutLine: {'line': b'[ 47%] \x1b[32mBuilding CXX object CMakeFiles/duckietown_msgs__rosidl_typesupport_c.dir/rosidl_typesupport_c/duckietown_msgs/msg/vehicle_pose__type_support.cpp.o\x1b[0m\n'}
[71.472072] (-) TimerEvent: {}
[71.484211] (duckietown_msgs) StdoutLine: {'line': b'[ 47%] \x1b[32mBuilding CXX object CMakeFiles/duckietown_msgs__rosidl_typesupport_c.dir/rosidl_typesupport_c/duckietown_msgs/msg/fsm_state__type_support.cpp.o\x1b[0m\n'}
[71.548483] (duckietown_msgs) StdoutLine: {'line': b'[ 47%] \x1b[32mBuilding CXX object CMakeFiles/duckietown_msgs__rosidl_typesupport_c.dir/rosidl_typesupport_c/duckietown_msgs/msg/bool_stamped__type_support.cpp.o\x1b[0m\n'}
[71.573520] (-) TimerEvent: {}
[71.622632] (duckietown_msgs) StdoutLine: {'line': b'[ 47%] \x1b[32mBuilding CXX object CMakeFiles/duckietown_msgs__rosidl_typesupport_c.dir/rosidl_typesupport_c/duckietown_msgs/msg/bool_stamped_ethz17__type_support.cpp.o\x1b[0m\n'}
[71.679143] (-) TimerEvent: {}
[71.687148] (duckietown_msgs) StdoutLine: {'line': b'[ 48%] \x1b[32mBuilding CXX object CMakeFiles/duckietown_msgs__rosidl_typesupport_c.dir/rosidl_typesupport_c/duckietown_msgs/msg/stop_line_reading__type_support.cpp.o\x1b[0m\n'}
[71.754943] (duckietown_msgs) StdoutLine: {'line': b'[ 48%] \x1b[32mBuilding CXX object CMakeFiles/duckietown_msgs__rosidl_typesupport_c.dir/rosidl_typesupport_c/duckietown_msgs/msg/led_interpreter__type_support.cpp.o\x1b[0m\n'}
[71.785186] (-) TimerEvent: {}
[71.820681] (duckietown_msgs) StdoutLine: {'line': b'[ 48%] \x1b[32mBuilding CXX object CMakeFiles/duckietown_msgs__rosidl_typesupport_c.dir/rosidl_typesupport_c/duckietown_msgs/msg/anti_instagram_health__type_support.cpp.o\x1b[0m\n'}
[71.877376] (duckietown_msgs) StdoutLine: {'line': b'[ 48%] \x1b[32mBuilding CXX object CMakeFiles/duckietown_msgs__rosidl_typesupport_c.dir/rosidl_typesupport_c/duckietown_msgs/msg/anti_instagram_transform__type_support.cpp.o\x1b[0m\n'}
[71.885337] (-) TimerEvent: {}
[71.944753] (duckietown_msgs) StdoutLine: {'line': b'[ 48%] \x1b[32mBuilding CXX object CMakeFiles/duckietown_msgs__rosidl_typesupport_c.dir/rosidl_typesupport_c/duckietown_msgs/msg/anti_instagram_transform_cb__type_support.cpp.o\x1b[0m\n'}
[71.985490] (-) TimerEvent: {}
[72.003500] (duckietown_msgs) StdoutLine: {'line': b'[ 49%] \x1b[32mBuilding CXX object CMakeFiles/duckietown_msgs__rosidl_typesupport_c.dir/rosidl_typesupport_c/duckietown_msgs/msg/kinematics_weights__type_support.cpp.o\x1b[0m\n'}
[72.066292] (duckietown_msgs) StdoutLine: {'line': b'[ 49%] \x1b[32mBuilding CXX object CMakeFiles/duckietown_msgs__rosidl_typesupport_c.dir/rosidl_typesupport_c/duckietown_msgs/msg/kinematics_parameters__type_support.cpp.o\x1b[0m\n'}
[72.094158] (-) TimerEvent: {}
[72.141555] (duckietown_msgs) StdoutLine: {'line': b'[ 49%] \x1b[32mBuilding CXX object CMakeFiles/duckietown_msgs__rosidl_typesupport_c.dir/rosidl_typesupport_c/duckietown_msgs/msg/theta_dot_sample__type_support.cpp.o\x1b[0m\n'}
[72.197133] (-) TimerEvent: {}
[72.225265] (duckietown_msgs) StdoutLine: {'line': b'[ 49%] \x1b[32mBuilding CXX object CMakeFiles/duckietown_msgs__rosidl_typesupport_c.dir/rosidl_typesupport_c/duckietown_msgs/msg/vsample__type_support.cpp.o\x1b[0m\n'}
[72.292394] (duckietown_msgs) StdoutLine: {'line': b'[ 49%] \x1b[32mBuilding CXX object CMakeFiles/duckietown_msgs__rosidl_typesupport_c.dir/rosidl_typesupport_c/duckietown_msgs/msg/trajectory__type_support.cpp.o\x1b[0m\n'}
[72.297323] (-) TimerEvent: {}
[72.361519] (duckietown_msgs) StdoutLine: {'line': b'[ 50%] \x1b[32mBuilding CXX object CMakeFiles/duckietown_msgs__rosidl_typesupport_c.dir/rosidl_typesupport_c/duckietown_msgs/msg/obstacle_type__type_support.cpp.o\x1b[0m\n'}
[72.398067] (-) TimerEvent: {}
[72.421325] (duckietown_msgs) StdoutLine: {'line': b'[ 50%] \x1b[32mBuilding CXX object CMakeFiles/duckietown_msgs__rosidl_typesupport_c.dir/rosidl_typesupport_c/duckietown_msgs/msg/obstacle_image_detection__type_support.cpp.o\x1b[0m\n'}
[72.489184] (duckietown_msgs) StdoutLine: {'line': b'[ 50%] \x1b[32mBuilding CXX object CMakeFiles/duckietown_msgs__rosidl_typesupport_c.dir/rosidl_typesupport_c/duckietown_msgs/msg/obstacle_image_detection_list__type_support.cpp.o\x1b[0m\n'}
[72.506328] (-) TimerEvent: {}
[72.556363] (duckietown_msgs) StdoutLine: {'line': b'[ 50%] \x1b[32mBuilding CXX object CMakeFiles/duckietown_msgs__rosidl_typesupport_c.dir/rosidl_typesupport_c/duckietown_msgs/msg/obstacle_projected_detection__type_support.cpp.o\x1b[0m\n'}
[72.607095] (-) TimerEvent: {}
[72.611293] (duckietown_msgs) StdoutLine: {'line': b'[ 50%] \x1b[32mBuilding CXX object CMakeFiles/duckietown_msgs__rosidl_typesupport_c.dir/rosidl_typesupport_c/duckietown_msgs/msg/obstacle_projected_detection_list__type_support.cpp.o\x1b[0m\n'}
[72.708114] (-) TimerEvent: {}
[72.712253] (duckietown_msgs) StdoutLine: {'line': b'[ 51%] \x1b[32mBuilding CXX object CMakeFiles/duckietown_msgs__rosidl_typesupport_c.dir/rosidl_typesupport_c/duckietown_msgs/msg/num__type_support.cpp.o\x1b[0m\n'}
[72.787448] (duckietown_msgs) StdoutLine: {'line': b'[ 51%] \x1b[32mBuilding CXX object CMakeFiles/duckietown_msgs__rosidl_typesupport_c.dir/rosidl_typesupport_c/duckietown_msgs/srv/set_fsm_state__type_support.cpp.o\x1b[0m\n'}
[72.816236] (-) TimerEvent: {}
[72.857854] (duckietown_msgs) StdoutLine: {'line': b'[ 51%] \x1b[32mBuilding CXX object CMakeFiles/duckietown_msgs__rosidl_typesupport_c.dir/rosidl_typesupport_c/duckietown_msgs/srv/set_value__type_support.cpp.o\x1b[0m\n'}
[72.914408] (duckietown_msgs) StdoutLine: {'line': b'[ 51%] \x1b[32mBuilding CXX object CMakeFiles/duckietown_msgs__rosidl_typesupport_c.dir/rosidl_typesupport_c/duckietown_msgs/srv/set_variable__type_support.cpp.o\x1b[0m\n'}
[72.917102] (-) TimerEvent: {}
[72.984075] (duckietown_msgs) StdoutLine: {'line': b'[ 51%] \x1b[32mBuilding CXX object CMakeFiles/duckietown_msgs__rosidl_typesupport_c.dir/rosidl_typesupport_c/duckietown_msgs/srv/get_variable__type_support.cpp.o\x1b[0m\n'}
[73.021174] (-) TimerEvent: {}
[73.053523] (duckietown_msgs) StdoutLine: {'line': b'[ 52%] \x1b[32m\x1b[1mLinking CXX shared library libduckietown_msgs__rosidl_typesupport_c.so\x1b[0m\n'}
[73.128361] (-) TimerEvent: {}
[73.182020] (duckietown_msgs) StdoutLine: {'line': b'[ 52%] Built target duckietown_msgs__rosidl_typesupport_c\n'}
[73.238552] (-) TimerEvent: {}
[73.241702] (duckietown_msgs) StdoutLine: {'line': b'[ 52%] \x1b[34m\x1b[1mGenerating C++ code for ROS interfaces\x1b[0m\n'}
[73.341214] (-) TimerEvent: {}
[73.445609] (-) TimerEvent: {}
[73.548303] (-) TimerEvent: {}
[73.653324] (-) TimerEvent: {}
[73.756233] (-) TimerEvent: {}
[73.859053] (-) TimerEvent: {}
[73.962115] (-) TimerEvent: {}
[74.065072] (-) TimerEvent: {}
[74.167569] (-) TimerEvent: {}
[74.272180] (-) TimerEvent: {}
[74.375294] (-) TimerEvent: {}
[74.481064] (-) TimerEvent: {}
[74.582588] (-) TimerEvent: {}
[74.685069] (-) TimerEvent: {}
[74.787360] (-) TimerEvent: {}
[74.891049] (-) TimerEvent: {}
[74.995352] (-) TimerEvent: {}
[75.099043] (-) TimerEvent: {}
[75.201385] (-) TimerEvent: {}
[75.306156] (-) TimerEvent: {}
[75.407077] (-) TimerEvent: {}
[75.511285] (-) TimerEvent: {}
[75.613222] (-) TimerEvent: {}
[75.718194] (-) TimerEvent: {}
[75.821300] (-) TimerEvent: {}
[75.924290] (-) TimerEvent: {}
[76.028405] (-) TimerEvent: {}
[76.130043] (-) TimerEvent: {}
[76.235146] (-) TimerEvent: {}
[76.340021] (-) TimerEvent: {}
[76.442197] (-) TimerEvent: {}
[76.544478] (-) TimerEvent: {}
[76.648155] (-) TimerEvent: {}
[76.752027] (-) TimerEvent: {}
[76.854539] (-) TimerEvent: {}
[76.959080] (-) TimerEvent: {}
[77.064162] (-) TimerEvent: {}
[77.167274] (-) TimerEvent: {}
[77.268285] (-) TimerEvent: {}
[77.373106] (-) TimerEvent: {}
[77.477195] (-) TimerEvent: {}
[77.580133] (-) TimerEvent: {}
[77.684614] (-) TimerEvent: {}
[77.788311] (-) TimerEvent: {}
[77.891062] (-) TimerEvent: {}
[77.995041] (-) TimerEvent: {}
[78.098069] (-) TimerEvent: {}
[78.194745] (duckietown_msgs) StdoutLine: {'line': b'[ 52%] Built target duckietown_msgs__cpp\n'}
[78.198191] (-) TimerEvent: {}
[78.221656] (duckietown_msgs) StdoutLine: {'line': b'[ 52%] \x1b[34m\x1b[1mGenerating C++ type support for eProsima Fast-RTPS\x1b[0m\n'}
[78.304445] (-) TimerEvent: {}
[78.408574] (-) TimerEvent: {}
[78.511402] (-) TimerEvent: {}
[78.616181] (-) TimerEvent: {}
[78.718032] (-) TimerEvent: {}
[78.821213] (-) TimerEvent: {}
[78.924046] (-) TimerEvent: {}
[79.027223] (-) TimerEvent: {}
[79.132242] (-) TimerEvent: {}
[79.238095] (-) TimerEvent: {}
[79.347496] (-) TimerEvent: {}
[79.450194] (-) TimerEvent: {}
[79.555941] (-) TimerEvent: {}
[79.658073] (-) TimerEvent: {}
[79.760406] (-) TimerEvent: {}
[79.864116] (-) TimerEvent: {}
[79.966154] (-) TimerEvent: {}
[80.067474] (-) TimerEvent: {}
[80.173625] (-) TimerEvent: {}
[80.276300] (-) TimerEvent: {}
[80.379093] (-) TimerEvent: {}
[80.483056] (-) TimerEvent: {}
[80.586294] (-) TimerEvent: {}
[80.690416] (-) TimerEvent: {}
[80.792057] (-) TimerEvent: {}
[80.895177] (-) TimerEvent: {}
[80.998106] (-) TimerEvent: {}
[81.102131] (-) TimerEvent: {}
[81.204448] (-) TimerEvent: {}
[81.310433] (-) TimerEvent: {}
[81.411116] (-) TimerEvent: {}
[81.516171] (-) TimerEvent: {}
[81.620210] (-) TimerEvent: {}
[81.722204] (-) TimerEvent: {}
[81.826283] (-) TimerEvent: {}
[81.930318] (-) TimerEvent: {}
[82.032427] (-) TimerEvent: {}
[82.135329] (-) TimerEvent: {}
[82.238208] (-) TimerEvent: {}
[82.342182] (-) TimerEvent: {}
[82.445083] (-) TimerEvent: {}
[82.548467] (-) TimerEvent: {}
[82.652085] (-) TimerEvent: {}
[82.755262] (-) TimerEvent: {}
[82.856101] (-) TimerEvent: {}
[82.880590] (duckietown_msgs) StdoutLine: {'line': b'[ 52%] \x1b[32mBuilding CXX object CMakeFiles/duckietown_msgs__rosidl_typesupport_fastrtps_cpp.dir/rosidl_typesupport_fastrtps_cpp/duckietown_msgs/msg/detail/dds_fastrtps/car_control__type_support.cpp.o\x1b[0m\n'}
[82.961148] (-) TimerEvent: {}
[83.063098] (-) TimerEvent: {}
[83.165320] (-) TimerEvent: {}
[83.270141] (-) TimerEvent: {}
[83.374137] (-) TimerEvent: {}
[83.478331] (-) TimerEvent: {}
[83.521919] (duckietown_msgs) StdoutLine: {'line': b'[ 53%] \x1b[32mBuilding CXX object CMakeFiles/duckietown_msgs__rosidl_typesupport_fastrtps_cpp.dir/rosidl_typesupport_fastrtps_cpp/duckietown_msgs/msg/detail/dds_fastrtps/coordination_signal__type_support.cpp.o\x1b[0m\n'}
[83.581149] (-) TimerEvent: {}
[83.683153] (-) TimerEvent: {}
[83.786278] (-) TimerEvent: {}
[83.890111] (-) TimerEvent: {}
[83.992341] (-) TimerEvent: {}
[84.094038] (-) TimerEvent: {}
[84.130483] (duckietown_msgs) StdoutLine: {'line': b'[ 53%] \x1b[32mBuilding CXX object CMakeFiles/duckietown_msgs__rosidl_typesupport_fastrtps_cpp.dir/rosidl_typesupport_fastrtps_cpp/duckietown_msgs/msg/detail/dds_fastrtps/coordination_signal_ethz17__type_support.cpp.o\x1b[0m\n'}
[84.198458] (-) TimerEvent: {}
[84.301166] (-) TimerEvent: {}
[84.404287] (-) TimerEvent: {}
[84.507443] (-) TimerEvent: {}
[84.611382] (-) TimerEvent: {}
[84.712128] (-) TimerEvent: {}
[84.751474] (duckietown_msgs) StdoutLine: {'line': b'[ 53%] \x1b[32mBuilding CXX object CMakeFiles/duckietown_msgs__rosidl_typesupport_fastrtps_cpp.dir/rosidl_typesupport_fastrtps_cpp/duckietown_msgs/msg/detail/dds_fastrtps/duckie_sensor__type_support.cpp.o\x1b[0m\n'}
[84.815240] (-) TimerEvent: {}
[84.919148] (-) TimerEvent: {}
[85.021171] (-) TimerEvent: {}
[85.124035] (-) TimerEvent: {}
[85.228358] (-) TimerEvent: {}
[85.329281] (-) TimerEvent: {}
[85.350379] (duckietown_msgs) StdoutLine: {'line': b'[ 53%] \x1b[32mBuilding CXX object CMakeFiles/duckietown_msgs__rosidl_typesupport_fastrtps_cpp.dir/rosidl_typesupport_fastrtps_cpp/duckietown_msgs/msg/detail/dds_fastrtps/lane_pose__type_support.cpp.o\x1b[0m\n'}
[85.434215] (-) TimerEvent: {}
[85.535421] (-) TimerEvent: {}
[85.640134] (-) TimerEvent: {}
[85.743308] (-) TimerEvent: {}
[85.847055] (-) TimerEvent: {}
[85.947674] (-) TimerEvent: {}
[85.989177] (duckietown_msgs) StdoutLine: {'line': b'[ 53%] \x1b[32mBuilding CXX object CMakeFiles/duckietown_msgs__rosidl_typesupport_fastrtps_cpp.dir/rosidl_typesupport_fastrtps_cpp/duckietown_msgs/msg/detail/dds_fastrtps/intersection_pose__type_support.cpp.o\x1b[0m\n'}
[86.053161] (-) TimerEvent: {}
[86.156152] (-) TimerEvent: {}
[86.260221] (-) TimerEvent: {}
[86.362149] (-) TimerEvent: {}
[86.464245] (-) TimerEvent: {}
[86.568305] (-) TimerEvent: {}
[86.633273] (duckietown_msgs) StdoutLine: {'line': b'[ 54%] \x1b[32mBuilding CXX object CMakeFiles/duckietown_msgs__rosidl_typesupport_fastrtps_cpp.dir/rosidl_typesupport_fastrtps_cpp/duckietown_msgs/msg/detail/dds_fastrtps/intersection_pose_img__type_support.cpp.o\x1b[0m\n'}
[86.671182] (-) TimerEvent: {}
[86.774720] (-) TimerEvent: {}
[86.879033] (-) TimerEvent: {}
[86.981091] (-) TimerEvent: {}
[87.085210] (-) TimerEvent: {}
[87.189559] (-) TimerEvent: {}
[87.292280] (-) TimerEvent: {}
[87.380425] (duckietown_msgs) StdoutLine: {'line': b'[ 54%] \x1b[32mBuilding CXX object CMakeFiles/duckietown_msgs__rosidl_typesupport_fastrtps_cpp.dir/rosidl_typesupport_fastrtps_cpp/duckietown_msgs/msg/detail/dds_fastrtps/intersection_pose_img_debug__type_support.cpp.o\x1b[0m\n'}
[87.396525] (-) TimerEvent: {}
[87.497236] (-) TimerEvent: {}
[87.600376] (-) TimerEvent: {}
[87.704398] (-) TimerEvent: {}
[87.807259] (-) TimerEvent: {}
[87.910108] (-) TimerEvent: {}
[88.012073] (-) TimerEvent: {}
[88.015356] (duckietown_msgs) StdoutLine: {'line': b'[ 54%] \x1b[32mBuilding CXX object CMakeFiles/duckietown_msgs__rosidl_typesupport_fastrtps_cpp.dir/rosidl_typesupport_fastrtps_cpp/duckietown_msgs/msg/detail/dds_fastrtps/turn_i_dand_type__type_support.cpp.o\x1b[0m\n'}
[88.117229] (-) TimerEvent: {}
[88.220402] (-) TimerEvent: {}
[88.323687] (-) TimerEvent: {}
[88.427249] (-) TimerEvent: {}
[88.530059] (-) TimerEvent: {}
[88.621388] (duckietown_msgs) StdoutLine: {'line': b'[ 54%] \x1b[32mBuilding CXX object CMakeFiles/duckietown_msgs__rosidl_typesupport_fastrtps_cpp.dir/rosidl_typesupport_fastrtps_cpp/duckietown_msgs/msg/detail/dds_fastrtps/led_detection__type_support.cpp.o\x1b[0m\n'}
[88.630235] (-) TimerEvent: {}
[88.738274] (-) TimerEvent: {}
[88.840066] (-) TimerEvent: {}
[88.943442] (-) TimerEvent: {}
[89.046273] (-) TimerEvent: {}
[89.149199] (-) TimerEvent: {}
[89.252051] (-) TimerEvent: {}
[89.357295] (-) TimerEvent: {}
[89.360955] (duckietown_msgs) StdoutLine: {'line': b'[ 54%] \x1b[32mBuilding CXX object CMakeFiles/duckietown_msgs__rosidl_typesupport_fastrtps_cpp.dir/rosidl_typesupport_fastrtps_cpp/duckietown_msgs/msg/detail/dds_fastrtps/maintenance_state__type_support.cpp.o\x1b[0m\n'}
[89.465369] (-) TimerEvent: {}
[89.570166] (-) TimerEvent: {}
[89.673137] (-) TimerEvent: {}
[89.776293] (-) TimerEvent: {}
[89.879093] (-) TimerEvent: {}
[89.959857] (duckietown_msgs) StdoutLine: {'line': b'[ 55%] \x1b[32mBuilding CXX object CMakeFiles/duckietown_msgs__rosidl_typesupport_fastrtps_cpp.dir/rosidl_typesupport_fastrtps_cpp/duckietown_msgs/msg/detail/dds_fastrtps/led_detection_array__type_support.cpp.o\x1b[0m\n'}
[89.983250] (-) TimerEvent: {}
[90.085147] (-) TimerEvent: {}
[90.188351] (-) TimerEvent: {}
[90.291503] (-) TimerEvent: {}
[90.394648] (-) TimerEvent: {}
[90.498167] (-) TimerEvent: {}
[90.600176] (-) TimerEvent: {}
[90.677268] (duckietown_msgs) StdoutLine: {'line': b'[ 55%] \x1b[32mBuilding CXX object CMakeFiles/duckietown_msgs__rosidl_typesupport_fastrtps_cpp.dir/rosidl_typesupport_fastrtps_cpp/duckietown_msgs/msg/detail/dds_fastrtps/led_detection_debug_info__type_support.cpp.o\x1b[0m\n'}
[90.704647] (-) TimerEvent: {}
[90.806113] (-) TimerEvent: {}
[90.909091] (-) TimerEvent: {}
[91.010101] (-) TimerEvent: {}
[91.115190] (-) TimerEvent: {}
[91.218236] (-) TimerEvent: {}
[91.322299] (-) TimerEvent: {}
[91.408317] (duckietown_msgs) StdoutLine: {'line': b'[ 55%] \x1b[32mBuilding CXX object CMakeFiles/duckietown_msgs__rosidl_typesupport_fastrtps_cpp.dir/rosidl_typesupport_fastrtps_cpp/duckietown_msgs/msg/detail/dds_fastrtps/wheels_cmd__type_support.cpp.o\x1b[0m\n'}
[91.436165] (-) TimerEvent: {}
[91.538166] (-) TimerEvent: {}
[91.645442] (-) TimerEvent: {}
[91.755119] (-) TimerEvent: {}
[91.858292] (-) TimerEvent: {}
[91.960427] (-) TimerEvent: {}
[92.034068] (duckietown_msgs) StdoutLine: {'line': b'[ 55%] \x1b[32mBuilding CXX object CMakeFiles/duckietown_msgs__rosidl_typesupport_fastrtps_cpp.dir/rosidl_typesupport_fastrtps_cpp/duckietown_msgs/msg/detail/dds_fastrtps/wheels_cmd_stamped__type_support.cpp.o\x1b[0m\n'}
[92.065333] (-) TimerEvent: {}
[92.168140] (-) TimerEvent: {}
[92.272117] (-) TimerEvent: {}
[92.374200] (-) TimerEvent: {}
[92.492209] (-) TimerEvent: {}
[92.602177] (-) TimerEvent: {}
[92.660421] (duckietown_msgs) StdoutLine: {'line': b'[ 55%] \x1b[32mBuilding CXX object CMakeFiles/duckietown_msgs__rosidl_typesupport_fastrtps_cpp.dir/rosidl_typesupport_fastrtps_cpp/duckietown_msgs/msg/detail/dds_fastrtps/pose2_d_stamped__type_support.cpp.o\x1b[0m\n'}
[92.705237] (-) TimerEvent: {}
[92.807063] (-) TimerEvent: {}
[92.910169] (-) TimerEvent: {}
[93.013157] (-) TimerEvent: {}
[93.119861] (-) TimerEvent: {}
[93.227224] (-) TimerEvent: {}
[93.276328] (duckietown_msgs) StdoutLine: {'line': b'[ 56%] \x1b[32mBuilding CXX object CMakeFiles/duckietown_msgs__rosidl_typesupport_fastrtps_cpp.dir/rosidl_typesupport_fastrtps_cpp/duckietown_msgs/msg/detail/dds_fastrtps/signals_detection__type_support.cpp.o\x1b[0m\n'}
[93.333433] (-) TimerEvent: {}
[93.434329] (-) TimerEvent: {}
[93.539140] (-) TimerEvent: {}
[93.641133] (-) TimerEvent: {}
[93.745137] (-) TimerEvent: {}
[93.849333] (-) TimerEvent: {}
[93.929448] (duckietown_msgs) StdoutLine: {'line': b'[ 56%] \x1b[32mBuilding CXX object CMakeFiles/duckietown_msgs__rosidl_typesupport_fastrtps_cpp.dir/rosidl_typesupport_fastrtps_cpp/duckietown_msgs/msg/detail/dds_fastrtps/signals_detection_ethz17__type_support.cpp.o\x1b[0m\n'}
[93.953294] (-) TimerEvent: {}
[94.056442] (-) TimerEvent: {}
[94.158090] (-) TimerEvent: {}
[94.261202] (-) TimerEvent: {}
[94.364138] (-) TimerEvent: {}
[94.466113] (-) TimerEvent: {}
[94.566278] (duckietown_msgs) StdoutLine: {'line': b'[ 56%] \x1b[32mBuilding CXX object CMakeFiles/duckietown_msgs__rosidl_typesupport_fastrtps_cpp.dir/rosidl_typesupport_fastrtps_cpp/duckietown_msgs/msg/detail/dds_fastrtps/twist2_d_stamped__type_support.cpp.o\x1b[0m\n'}
[94.566526] (-) TimerEvent: {}
[94.673334] (-) TimerEvent: {}
[94.778862] (-) TimerEvent: {}
[94.880250] (-) TimerEvent: {}
[94.984132] (-) TimerEvent: {}
[95.086078] (-) TimerEvent: {}
[95.189140] (-) TimerEvent: {}
[95.231419] (duckietown_msgs) StdoutLine: {'line': b'[ 56%] \x1b[32mBuilding CXX object CMakeFiles/duckietown_msgs__rosidl_typesupport_fastrtps_cpp.dir/rosidl_typesupport_fastrtps_cpp/duckietown_msgs/msg/detail/dds_fastrtps/twist2_d_stamped_ethz17__type_support.cpp.o\x1b[0m\n'}
[95.294098] (-) TimerEvent: {}
[95.396061] (-) TimerEvent: {}
[95.500066] (-) TimerEvent: {}
[95.605199] (-) TimerEvent: {}
[95.707497] (-) TimerEvent: {}
[95.811244] (-) TimerEvent: {}
[95.908071] (duckietown_msgs) StdoutLine: {'line': b'[ 56%] \x1b[32mBuilding CXX object CMakeFiles/duckietown_msgs__rosidl_typesupport_fastrtps_cpp.dir/rosidl_typesupport_fastrtps_cpp/duckietown_msgs/msg/detail/dds_fastrtps/april_tag_detection__type_support.cpp.o\x1b[0m\n'}
[95.912081] (-) TimerEvent: {}
[96.016159] (-) TimerEvent: {}
[96.119633] (-) TimerEvent: {}
[96.221238] (-) TimerEvent: {}
[96.324115] (-) TimerEvent: {}
[96.428307] (-) TimerEvent: {}
[96.528880] (-) TimerEvent: {}
[96.554801] (duckietown_msgs) StdoutLine: {'line': b'[ 57%] \x1b[32mBuilding CXX object CMakeFiles/duckietown_msgs__rosidl_typesupport_fastrtps_cpp.dir/rosidl_typesupport_fastrtps_cpp/duckietown_msgs/msg/detail/dds_fastrtps/april_tag_detection_array__type_support.cpp.o\x1b[0m\n'}
[96.638101] (-) TimerEvent: {}
[96.741167] (-) TimerEvent: {}
[96.843198] (-) TimerEvent: {}
[96.946138] (-) TimerEvent: {}
[97.049104] (-) TimerEvent: {}
[97.152087] (-) TimerEvent: {}
[97.242199] (duckietown_msgs) StdoutLine: {'line': b'[ 57%] \x1b[32mBuilding CXX object CMakeFiles/duckietown_msgs__rosidl_typesupport_fastrtps_cpp.dir/rosidl_typesupport_fastrtps_cpp/duckietown_msgs/msg/detail/dds_fastrtps/april_tags_with_infos__type_support.cpp.o\x1b[0m\n'}
[97.252283] (-) TimerEvent: {}
[97.360295] (-) TimerEvent: {}
[97.461253] (-) TimerEvent: {}
[97.565137] (-) TimerEvent: {}
[97.667077] (-) TimerEvent: {}
[97.772224] (-) TimerEvent: {}
[97.876111] (-) TimerEvent: {}
[97.980149] (-) TimerEvent: {}
[98.026714] (duckietown_msgs) StdoutLine: {'line': b'[ 57%] \x1b[32mBuilding CXX object CMakeFiles/duckietown_msgs__rosidl_typesupport_fastrtps_cpp.dir/rosidl_typesupport_fastrtps_cpp/duckietown_msgs/msg/detail/dds_fastrtps/tag_info__type_support.cpp.o\x1b[0m\n'}
[98.083165] (-) TimerEvent: {}
[98.186390] (-) TimerEvent: {}
[98.290082] (-) TimerEvent: {}
[98.392324] (-) TimerEvent: {}
[98.494304] (-) TimerEvent: {}
[98.597214] (-) TimerEvent: {}
[98.667195] (duckietown_msgs) StdoutLine: {'line': b'[ 57%] \x1b[32mBuilding CXX object CMakeFiles/duckietown_msgs__rosidl_typesupport_fastrtps_cpp.dir/rosidl_typesupport_fastrtps_cpp/duckietown_msgs/msg/detail/dds_fastrtps/pixel__type_support.cpp.o\x1b[0m\n'}
[98.701148] (-) TimerEvent: {}
[98.804395] (-) TimerEvent: {}
[98.905340] (-) TimerEvent: {}
[99.011156] (-) TimerEvent: {}
[99.113076] (-) TimerEvent: {}
[99.218150] (-) TimerEvent: {}
[99.277618] (duckietown_msgs) StdoutLine: {'line': b'[ 57%] \x1b[32mBuilding CXX object CMakeFiles/duckietown_msgs__rosidl_typesupport_fastrtps_cpp.dir/rosidl_typesupport_fastrtps_cpp/duckietown_msgs/msg/detail/dds_fastrtps/vector2_d__type_support.cpp.o\x1b[0m\n'}
[99.322208] (-) TimerEvent: {}
[99.424103] (-) TimerEvent: {}
[99.528148] (-) TimerEvent: {}
[99.631230] (-) TimerEvent: {}
[99.733495] (-) TimerEvent: {}
[99.840499] (-) TimerEvent: {}
[99.906439] (duckietown_msgs) StdoutLine: {'line': b'[ 58%] \x1b[32mBuilding CXX object CMakeFiles/duckietown_msgs__rosidl_typesupport_fastrtps_cpp.dir/rosidl_typesupport_fastrtps_cpp/duckietown_msgs/msg/detail/dds_fastrtps/segment__type_support.cpp.o\x1b[0m\n'}
[99.950591] (-) TimerEvent: {}
[100.055215] (-) TimerEvent: {}
[100.158170] (-) TimerEvent: {}
[100.260195] (-) TimerEvent: {}
[100.363147] (-) TimerEvent: {}
[100.465668] (-) TimerEvent: {}
[100.513849] (duckietown_msgs) StdoutLine: {'line': b'[ 58%] \x1b[32mBuilding CXX object CMakeFiles/duckietown_msgs__rosidl_typesupport_fastrtps_cpp.dir/rosidl_typesupport_fastrtps_cpp/duckietown_msgs/msg/detail/dds_fastrtps/segment_list__type_support.cpp.o\x1b[0m\n'}
[100.569113] (-) TimerEvent: {}
[100.670127] (-) TimerEvent: {}
[100.777123] (-) TimerEvent: {}
[100.880524] (-) TimerEvent: {}
[100.984079] (-) TimerEvent: {}
[101.086247] (-) TimerEvent: {}
[101.187232] (-) TimerEvent: {}
[101.204361] (duckietown_msgs) StdoutLine: {'line': b'[ 58%] \x1b[32mBuilding CXX object CMakeFiles/duckietown_msgs__rosidl_typesupport_fastrtps_cpp.dir/rosidl_typesupport_fastrtps_cpp/duckietown_msgs/msg/detail/dds_fastrtps/rect__type_support.cpp.o\x1b[0m\n'}
[101.292327] (-) TimerEvent: {}
[101.394078] (-) TimerEvent: {}
[101.499303] (-) TimerEvent: {}
[101.602090] (-) TimerEvent: {}
[101.706367] (-) TimerEvent: {}
[101.809195] (-) TimerEvent: {}
[101.812439] (duckietown_msgs) StdoutLine: {'line': b'[ 58%] \x1b[32mBuilding CXX object CMakeFiles/duckietown_msgs__rosidl_typesupport_fastrtps_cpp.dir/rosidl_typesupport_fastrtps_cpp/duckietown_msgs/msg/detail/dds_fastrtps/rects__type_support.cpp.o\x1b[0m\n'}
[101.913093] (-) TimerEvent: {}
[102.015406] (-) TimerEvent: {}
[102.118352] (-) TimerEvent: {}
[102.222172] (-) TimerEvent: {}
[102.323157] (-) TimerEvent: {}
[102.428518] (-) TimerEvent: {}
[102.478005] (duckietown_msgs) StdoutLine: {'line': b'[ 58%] \x1b[32mBuilding CXX object CMakeFiles/duckietown_msgs__rosidl_typesupport_fastrtps_cpp.dir/rosidl_typesupport_fastrtps_cpp/duckietown_msgs/msg/detail/dds_fastrtps/scene_segments__type_support.cpp.o\x1b[0m\n'}
[102.532141] (-) TimerEvent: {}
[102.634320] (-) TimerEvent: {}
[102.737203] (-) TimerEvent: {}
[102.840055] (-) TimerEvent: {}
[102.943126] (-) TimerEvent: {}
[103.048050] (-) TimerEvent: {}
[103.148620] (-) TimerEvent: {}
[103.151797] (duckietown_msgs) StdoutLine: {'line': b'[ 59%] \x1b[32mBuilding CXX object CMakeFiles/duckietown_msgs__rosidl_typesupport_fastrtps_cpp.dir/rosidl_typesupport_fastrtps_cpp/duckietown_msgs/msg/detail/dds_fastrtps/source_target_nodes__type_support.cpp.o\x1b[0m\n'}
[103.256581] (-) TimerEvent: {}
[103.363951] (-) TimerEvent: {}
[103.486433] (-) TimerEvent: {}
[103.596632] (-) TimerEvent: {}
[103.699345] (-) TimerEvent: {}
[103.783598] (duckietown_msgs) StdoutLine: {'line': b'[ 59%] \x1b[32mBuilding CXX object CMakeFiles/duckietown_msgs__rosidl_typesupport_fastrtps_cpp.dir/rosidl_typesupport_fastrtps_cpp/duckietown_msgs/msg/detail/dds_fastrtps/coordination_clearance__type_support.cpp.o\x1b[0m\n'}
[103.801380] (-) TimerEvent: {}
[103.905154] (-) TimerEvent: {}
[104.009355] (-) TimerEvent: {}
[104.113109] (-) TimerEvent: {}
[104.216230] (-) TimerEvent: {}
[104.320377] (-) TimerEvent: {}
[104.397670] (duckietown_msgs) StdoutLine: {'line': b'[ 59%] \x1b[32mBuilding CXX object CMakeFiles/duckietown_msgs__rosidl_typesupport_fastrtps_cpp.dir/rosidl_typesupport_fastrtps_cpp/duckietown_msgs/msg/detail/dds_fastrtps/coordination_clearance_ethz17__type_support.cpp.o\x1b[0m\n'}
[104.424316] (-) TimerEvent: {}
[104.535521] (-) TimerEvent: {}
[104.637124] (-) TimerEvent: {}
[104.741045] (-) TimerEvent: {}
[104.845145] (-) TimerEvent: {}
[104.947461] (-) TimerEvent: {}
[104.995287] (duckietown_msgs) StdoutLine: {'line': b'[ 59%] \x1b[32mBuilding CXX object CMakeFiles/duckietown_msgs__rosidl_typesupport_fastrtps_cpp.dir/rosidl_typesupport_fastrtps_cpp/duckietown_msgs/msg/detail/dds_fastrtps/vehicle_corners__type_support.cpp.o\x1b[0m\n'}
[105.050265] (-) TimerEvent: {}
[105.154315] (-) TimerEvent: {}
[105.257111] (-) TimerEvent: {}
[105.360054] (-) TimerEvent: {}
[105.462523] (-) TimerEvent: {}
[105.566326] (-) TimerEvent: {}
[105.668226] (-) TimerEvent: {}
[105.674921] (duckietown_msgs) StdoutLine: {'line': b'[ 59%] \x1b[32mBuilding CXX object CMakeFiles/duckietown_msgs__rosidl_typesupport_fastrtps_cpp.dir/rosidl_typesupport_fastrtps_cpp/duckietown_msgs/msg/detail/dds_fastrtps/vehicle_pose__type_support.cpp.o\x1b[0m\n'}
[105.772164] (-) TimerEvent: {}
[105.875142] (-) TimerEvent: {}
[105.982347] (-) TimerEvent: {}
[106.083222] (-) TimerEvent: {}
[106.184100] (-) TimerEvent: {}
[106.286191] (-) TimerEvent: {}
[106.329705] (duckietown_msgs) StdoutLine: {'line': b'[ 60%] \x1b[32mBuilding CXX object CMakeFiles/duckietown_msgs__rosidl_typesupport_fastrtps_cpp.dir/rosidl_typesupport_fastrtps_cpp/duckietown_msgs/msg/detail/dds_fastrtps/fsm_state__type_support.cpp.o\x1b[0m\n'}
[106.394253] (-) TimerEvent: {}
[106.495200] (-) TimerEvent: {}
[106.599111] (-) TimerEvent: {}
[106.702606] (-) TimerEvent: {}
[106.807082] (-) TimerEvent: {}
[106.909071] (-) TimerEvent: {}
[106.916027] (duckietown_msgs) StdoutLine: {'line': b'[ 60%] \x1b[32mBuilding CXX object CMakeFiles/duckietown_msgs__rosidl_typesupport_fastrtps_cpp.dir/rosidl_typesupport_fastrtps_cpp/duckietown_msgs/msg/detail/dds_fastrtps/bool_stamped__type_support.cpp.o\x1b[0m\n'}
[107.013434] (-) TimerEvent: {}
[107.118358] (-) TimerEvent: {}
[107.221103] (-) TimerEvent: {}
[107.325258] (-) TimerEvent: {}
[107.426084] (-) TimerEvent: {}
[107.529510] (-) TimerEvent: {}
[107.559225] (duckietown_msgs) StdoutLine: {'line': b'[ 60%] \x1b[32mBuilding CXX object CMakeFiles/duckietown_msgs__rosidl_typesupport_fastrtps_cpp.dir/rosidl_typesupport_fastrtps_cpp/duckietown_msgs/msg/detail/dds_fastrtps/bool_stamped_ethz17__type_support.cpp.o\x1b[0m\n'}
[107.634184] (-) TimerEvent: {}
[107.736301] (-) TimerEvent: {}
[107.839421] (-) TimerEvent: {}
[107.942077] (-) TimerEvent: {}
[108.047122] (-) TimerEvent: {}
[108.148144] (-) TimerEvent: {}
[108.160248] (duckietown_msgs) StdoutLine: {'line': b'[ 60%] \x1b[32mBuilding CXX object CMakeFiles/duckietown_msgs__rosidl_typesupport_fastrtps_cpp.dir/rosidl_typesupport_fastrtps_cpp/duckietown_msgs/msg/detail/dds_fastrtps/stop_line_reading__type_support.cpp.o\x1b[0m\n'}
[108.251114] (-) TimerEvent: {}
[108.354146] (-) TimerEvent: {}
[108.458238] (-) TimerEvent: {}
[108.562490] (-) TimerEvent: {}
[108.670315] (-) TimerEvent: {}
[108.776282] (-) TimerEvent: {}
[108.878403] (-) TimerEvent: {}
[108.993204] (-) TimerEvent: {}
[109.106151] (-) TimerEvent: {}
[109.215260] (-) TimerEvent: {}
[109.220402] (duckietown_msgs) StdoutLine: {'line': b'[ 60%] \x1b[32mBuilding CXX object CMakeFiles/duckietown_msgs__rosidl_typesupport_fastrtps_cpp.dir/rosidl_typesupport_fastrtps_cpp/duckietown_msgs/msg/detail/dds_fastrtps/led_interpreter__type_support.cpp.o\x1b[0m\n'}
[109.316877] (-) TimerEvent: {}
[109.427345] (-) TimerEvent: {}
[109.529516] (-) TimerEvent: {}
[109.633065] (-) TimerEvent: {}
[109.736139] (-) TimerEvent: {}
[109.840177] (-) TimerEvent: {}
[109.943049] (-) TimerEvent: {}
[110.021376] (duckietown_msgs) StdoutLine: {'line': b'[ 61%] \x1b[32mBuilding CXX object CMakeFiles/duckietown_msgs__rosidl_typesupport_fastrtps_cpp.dir/rosidl_typesupport_fastrtps_cpp/duckietown_msgs/msg/detail/dds_fastrtps/anti_instagram_health__type_support.cpp.o\x1b[0m\n'}
[110.047334] (-) TimerEvent: {}
[110.150398] (-) TimerEvent: {}
[110.252154] (-) TimerEvent: {}
[110.355047] (-) TimerEvent: {}
[110.465251] (-) TimerEvent: {}
[110.572426] (-) TimerEvent: {}
[110.649406] (duckietown_msgs) StdoutLine: {'line': b'[ 61%] \x1b[32mBuilding CXX object CMakeFiles/duckietown_msgs__rosidl_typesupport_fastrtps_cpp.dir/rosidl_typesupport_fastrtps_cpp/duckietown_msgs/msg/detail/dds_fastrtps/anti_instagram_transform__type_support.cpp.o\x1b[0m\n'}
[110.676182] (-) TimerEvent: {}
[110.778179] (-) TimerEvent: {}
[110.881388] (-) TimerEvent: {}
[110.985160] (-) TimerEvent: {}
[111.088156] (-) TimerEvent: {}
[111.192090] (-) TimerEvent: {}
[111.251329] (duckietown_msgs) StdoutLine: {'line': b'[ 61%] \x1b[32mBuilding CXX object CMakeFiles/duckietown_msgs__rosidl_typesupport_fastrtps_cpp.dir/rosidl_typesupport_fastrtps_cpp/duckietown_msgs/msg/detail/dds_fastrtps/anti_instagram_transform_cb__type_support.cpp.o\x1b[0m\n'}
[111.296122] (-) TimerEvent: {}
[111.398163] (-) TimerEvent: {}
[111.504453] (-) TimerEvent: {}
[111.607114] (-) TimerEvent: {}
[111.710110] (-) TimerEvent: {}
[111.812069] (-) TimerEvent: {}
[111.866300] (duckietown_msgs) StdoutLine: {'line': b'[ 61%] \x1b[32mBuilding CXX object CMakeFiles/duckietown_msgs__rosidl_typesupport_fastrtps_cpp.dir/rosidl_typesupport_fastrtps_cpp/duckietown_msgs/msg/detail/dds_fastrtps/kinematics_weights__type_support.cpp.o\x1b[0m\n'}
[111.916197] (-) TimerEvent: {}
[112.020241] (-) TimerEvent: {}
[112.126391] (-) TimerEvent: {}
[112.227080] (-) TimerEvent: {}
[112.327577] (-) TimerEvent: {}
[112.432142] (-) TimerEvent: {}
[112.532776] (-) TimerEvent: {}
[112.548202] (duckietown_msgs) StdoutLine: {'line': b'[ 61%] \x1b[32mBuilding CXX object CMakeFiles/duckietown_msgs__rosidl_typesupport_fastrtps_cpp.dir/rosidl_typesupport_fastrtps_cpp/duckietown_msgs/msg/detail/dds_fastrtps/kinematics_parameters__type_support.cpp.o\x1b[0m\n'}
[112.638299] (-) TimerEvent: {}
[112.741142] (-) TimerEvent: {}
[112.844318] (-) TimerEvent: {}
[112.947076] (-) TimerEvent: {}
[113.059577] (-) TimerEvent: {}
[113.163126] (-) TimerEvent: {}
[113.248559] (duckietown_msgs) StdoutLine: {'line': b'[ 62%] \x1b[32mBuilding CXX object CMakeFiles/duckietown_msgs__rosidl_typesupport_fastrtps_cpp.dir/rosidl_typesupport_fastrtps_cpp/duckietown_msgs/msg/detail/dds_fastrtps/theta_dot_sample__type_support.cpp.o\x1b[0m\n'}
[113.264087] (-) TimerEvent: {}
[113.371468] (-) TimerEvent: {}
[113.472119] (-) TimerEvent: {}
[113.575186] (-) TimerEvent: {}
[113.679282] (-) TimerEvent: {}
[113.782249] (-) TimerEvent: {}
[113.875685] (duckietown_msgs) StdoutLine: {'line': b'[ 62%] \x1b[32mBuilding CXX object CMakeFiles/duckietown_msgs__rosidl_typesupport_fastrtps_cpp.dir/rosidl_typesupport_fastrtps_cpp/duckietown_msgs/msg/detail/dds_fastrtps/vsample__type_support.cpp.o\x1b[0m\n'}
[113.882417] (-) TimerEvent: {}
[113.989101] (-) TimerEvent: {}
[114.092083] (-) TimerEvent: {}
[114.195867] (-) TimerEvent: {}
[114.298187] (-) TimerEvent: {}
[114.403482] (-) TimerEvent: {}
[114.484836] (duckietown_msgs) StdoutLine: {'line': b'[ 62%] \x1b[32mBuilding CXX object CMakeFiles/duckietown_msgs__rosidl_typesupport_fastrtps_cpp.dir/rosidl_typesupport_fastrtps_cpp/duckietown_msgs/msg/detail/dds_fastrtps/trajectory__type_support.cpp.o\x1b[0m\n'}
[114.505150] (-) TimerEvent: {}
[114.608481] (-) TimerEvent: {}
[114.712548] (-) TimerEvent: {}
[114.815165] (-) TimerEvent: {}
[114.918120] (-) TimerEvent: {}
[115.020234] (-) TimerEvent: {}
[115.124149] (-) TimerEvent: {}
[115.182113] (duckietown_msgs) StdoutLine: {'line': b'[ 62%] \x1b[32mBuilding CXX object CMakeFiles/duckietown_msgs__rosidl_typesupport_fastrtps_cpp.dir/rosidl_typesupport_fastrtps_cpp/duckietown_msgs/msg/detail/dds_fastrtps/obstacle_type__type_support.cpp.o\x1b[0m\n'}
[115.227825] (-) TimerEvent: {}
[115.332143] (-) TimerEvent: {}
[115.434177] (-) TimerEvent: {}
[115.538145] (-) TimerEvent: {}
[115.640362] (-) TimerEvent: {}
[115.742238] (-) TimerEvent: {}
[115.788343] (duckietown_msgs) StdoutLine: {'line': b'[ 62%] \x1b[32mBuilding CXX object CMakeFiles/duckietown_msgs__rosidl_typesupport_fastrtps_cpp.dir/rosidl_typesupport_fastrtps_cpp/duckietown_msgs/msg/detail/dds_fastrtps/obstacle_image_detection__type_support.cpp.o\x1b[0m\n'}
[115.846174] (-) TimerEvent: {}
[115.949423] (-) TimerEvent: {}
[116.051226] (-) TimerEvent: {}
[116.154095] (-) TimerEvent: {}
[116.257053] (-) TimerEvent: {}
[116.361252] (-) TimerEvent: {}
[116.387258] (duckietown_msgs) StdoutLine: {'line': b'[ 63%] \x1b[32mBuilding CXX object CMakeFiles/duckietown_msgs__rosidl_typesupport_fastrtps_cpp.dir/rosidl_typesupport_fastrtps_cpp/duckietown_msgs/msg/detail/dds_fastrtps/obstacle_image_detection_list__type_support.cpp.o\x1b[0m\n'}
[116.462645] (-) TimerEvent: {}
[116.567314] (-) TimerEvent: {}
[116.671363] (-) TimerEvent: {}
[116.773130] (-) TimerEvent: {}
[116.876303] (-) TimerEvent: {}
[116.980086] (-) TimerEvent: {}
[117.061454] (duckietown_msgs) StdoutLine: {'line': b'[ 63%] \x1b[32mBuilding CXX object CMakeFiles/duckietown_msgs__rosidl_typesupport_fastrtps_cpp.dir/rosidl_typesupport_fastrtps_cpp/duckietown_msgs/msg/detail/dds_fastrtps/obstacle_projected_detection__type_support.cpp.o\x1b[0m\n'}
[117.086046] (-) TimerEvent: {}
[117.189210] (-) TimerEvent: {}
[117.292102] (-) TimerEvent: {}
[117.395419] (-) TimerEvent: {}
[117.499163] (-) TimerEvent: {}
[117.602133] (-) TimerEvent: {}
[117.691123] (duckietown_msgs) StdoutLine: {'line': b'[ 63%] \x1b[32mBuilding CXX object CMakeFiles/duckietown_msgs__rosidl_typesupport_fastrtps_cpp.dir/rosidl_typesupport_fastrtps_cpp/duckietown_msgs/msg/detail/dds_fastrtps/obstacle_projected_detection_list__type_support.cpp.o\x1b[0m\n'}
[117.702405] (-) TimerEvent: {}
[117.809111] (-) TimerEvent: {}
[117.911106] (-) TimerEvent: {}
[118.016094] (-) TimerEvent: {}
[118.119077] (-) TimerEvent: {}
[118.223150] (-) TimerEvent: {}
[118.331270] (-) TimerEvent: {}
[118.364631] (duckietown_msgs) StdoutLine: {'line': b'[ 63%] \x1b[32mBuilding CXX object CMakeFiles/duckietown_msgs__rosidl_typesupport_fastrtps_cpp.dir/rosidl_typesupport_fastrtps_cpp/duckietown_msgs/msg/detail/dds_fastrtps/num__type_support.cpp.o\x1b[0m\n'}
[118.438410] (-) TimerEvent: {}
[118.542232] (-) TimerEvent: {}
[118.645398] (-) TimerEvent: {}
[118.748479] (-) TimerEvent: {}
[118.852321] (-) TimerEvent: {}
[118.953214] (-) TimerEvent: {}
[118.972393] (duckietown_msgs) StdoutLine: {'line': b'[ 63%] \x1b[32mBuilding CXX object CMakeFiles/duckietown_msgs__rosidl_typesupport_fastrtps_cpp.dir/rosidl_typesupport_fastrtps_cpp/duckietown_msgs/srv/detail/dds_fastrtps/set_fsm_state__type_support.cpp.o\x1b[0m\n'}
[119.059331] (-) TimerEvent: {}
[119.163109] (-) TimerEvent: {}
[119.266070] (-) TimerEvent: {}
[119.371141] (-) TimerEvent: {}
[119.473116] (-) TimerEvent: {}
[119.575101] (-) TimerEvent: {}
[119.626090] (duckietown_msgs) StdoutLine: {'line': b'[ 64%] \x1b[32mBuilding CXX object CMakeFiles/duckietown_msgs__rosidl_typesupport_fastrtps_cpp.dir/rosidl_typesupport_fastrtps_cpp/duckietown_msgs/srv/detail/dds_fastrtps/set_value__type_support.cpp.o\x1b[0m\n'}
[119.678175] (-) TimerEvent: {}
[119.781075] (-) TimerEvent: {}
[119.884340] (-) TimerEvent: {}
[119.988104] (-) TimerEvent: {}
[120.091301] (-) TimerEvent: {}
[120.194304] (-) TimerEvent: {}
[120.249456] (duckietown_msgs) StdoutLine: {'line': b'[ 64%] \x1b[32mBuilding CXX object CMakeFiles/duckietown_msgs__rosidl_typesupport_fastrtps_cpp.dir/rosidl_typesupport_fastrtps_cpp/duckietown_msgs/srv/detail/dds_fastrtps/set_variable__type_support.cpp.o\x1b[0m\n'}
[120.298112] (-) TimerEvent: {}
[120.401650] (-) TimerEvent: {}
[120.507252] (-) TimerEvent: {}
[120.609180] (-) TimerEvent: {}
[120.712577] (-) TimerEvent: {}
[120.816149] (-) TimerEvent: {}
[120.896254] (duckietown_msgs) StdoutLine: {'line': b'[ 64%] \x1b[32mBuilding CXX object CMakeFiles/duckietown_msgs__rosidl_typesupport_fastrtps_cpp.dir/rosidl_typesupport_fastrtps_cpp/duckietown_msgs/srv/detail/dds_fastrtps/get_variable__type_support.cpp.o\x1b[0m\n'}
[120.920037] (-) TimerEvent: {}
[121.022110] (-) TimerEvent: {}
[121.126180] (-) TimerEvent: {}
[121.228115] (-) TimerEvent: {}
[121.331057] (-) TimerEvent: {}
[121.432455] (-) TimerEvent: {}
[121.531060] (duckietown_msgs) StdoutLine: {'line': b'[ 64%] \x1b[32m\x1b[1mLinking CXX shared library libduckietown_msgs__rosidl_typesupport_fastrtps_cpp.so\x1b[0m\n'}
[121.533144] (-) TimerEvent: {}
[121.640246] (-) TimerEvent: {}
[121.741104] (-) TimerEvent: {}
[121.747583] (duckietown_msgs) StdoutLine: {'line': b'[ 64%] Built target duckietown_msgs__rosidl_typesupport_fastrtps_cpp\n'}
[121.779404] (duckietown_msgs) StdoutLine: {'line': b'[ 64%] \x1b[34m\x1b[1mGenerating C++ introspection for ROS interfaces\x1b[0m\n'}
[121.847128] (-) TimerEvent: {}
[121.951471] (-) TimerEvent: {}
[122.054106] (-) TimerEvent: {}
[122.157203] (-) TimerEvent: {}
[122.261189] (-) TimerEvent: {}
[122.366752] (-) TimerEvent: {}
[122.479038] (-) TimerEvent: {}
[122.590183] (-) TimerEvent: {}
[122.693093] (-) TimerEvent: {}
[122.798116] (-) TimerEvent: {}
[122.901222] (-) TimerEvent: {}
[123.006106] (-) TimerEvent: {}
[123.109064] (-) TimerEvent: {}
[123.212148] (-) TimerEvent: {}
[123.316043] (-) TimerEvent: {}
[123.420140] (-) TimerEvent: {}
[123.522249] (-) TimerEvent: {}
[123.626321] (-) TimerEvent: {}
[123.730119] (-) TimerEvent: {}
[123.832031] (-) TimerEvent: {}
[123.935388] (-) TimerEvent: {}
[124.038346] (-) TimerEvent: {}
[124.141222] (-) TimerEvent: {}
[124.245101] (-) TimerEvent: {}
[124.347092] (-) TimerEvent: {}
[124.452221] (-) TimerEvent: {}
[124.555079] (-) TimerEvent: {}
[124.657097] (-) TimerEvent: {}
[124.761073] (-) TimerEvent: {}
[124.864145] (-) TimerEvent: {}
[124.967270] (-) TimerEvent: {}
[125.070041] (-) TimerEvent: {}
[125.172105] (-) TimerEvent: {}
[125.274095] (-) TimerEvent: {}
[125.349198] (duckietown_msgs) StdoutLine: {'line': b'[ 64%] \x1b[32mBuilding CXX object CMakeFiles/duckietown_msgs__rosidl_typesupport_introspection_cpp.dir/rosidl_typesupport_introspection_cpp/duckietown_msgs/msg/detail/car_control__type_support.cpp.o\x1b[0m\n'}
[125.378136] (-) TimerEvent: {}
[125.488442] (-) TimerEvent: {}
[125.596182] (-) TimerEvent: {}
[125.698138] (-) TimerEvent: {}
[125.801494] (-) TimerEvent: {}
[125.906318] (-) TimerEvent: {}
[125.949265] (duckietown_msgs) StdoutLine: {'line': b'[ 65%] \x1b[32mBuilding CXX object CMakeFiles/duckietown_msgs__rosidl_typesupport_introspection_cpp.dir/rosidl_typesupport_introspection_cpp/duckietown_msgs/msg/detail/coordination_signal__type_support.cpp.o\x1b[0m\n'}
[126.010100] (-) TimerEvent: {}
[126.112107] (-) TimerEvent: {}
[126.214111] (-) TimerEvent: {}
[126.317352] (-) TimerEvent: {}
[126.422107] (-) TimerEvent: {}
[126.526150] (-) TimerEvent: {}
[126.554182] (duckietown_msgs) StdoutLine: {'line': b'[ 65%] \x1b[32mBuilding CXX object CMakeFiles/duckietown_msgs__rosidl_typesupport_introspection_cpp.dir/rosidl_typesupport_introspection_cpp/duckietown_msgs/msg/detail/coordination_signal_ethz17__type_support.cpp.o\x1b[0m\n'}
[126.627222] (-) TimerEvent: {}
[126.731184] (-) TimerEvent: {}
[126.834084] (-) TimerEvent: {}
[126.937287] (-) TimerEvent: {}
[127.040455] (-) TimerEvent: {}
[127.141198] (-) TimerEvent: {}
[127.149239] (duckietown_msgs) StdoutLine: {'line': b'[ 65%] \x1b[32mBuilding CXX object CMakeFiles/duckietown_msgs__rosidl_typesupport_introspection_cpp.dir/rosidl_typesupport_introspection_cpp/duckietown_msgs/msg/detail/duckie_sensor__type_support.cpp.o\x1b[0m\n'}
[127.246317] (-) TimerEvent: {}
[127.348063] (-) TimerEvent: {}
[127.455531] (-) TimerEvent: {}
[127.566401] (-) TimerEvent: {}
[127.668074] (-) TimerEvent: {}
[127.766272] (duckietown_msgs) StdoutLine: {'line': b'[ 65%] \x1b[32mBuilding CXX object CMakeFiles/duckietown_msgs__rosidl_typesupport_introspection_cpp.dir/rosidl_typesupport_introspection_cpp/duckietown_msgs/msg/detail/lane_pose__type_support.cpp.o\x1b[0m\n'}
[127.768239] (-) TimerEvent: {}
[127.875353] (-) TimerEvent: {}
[127.978402] (-) TimerEvent: {}
[128.083114] (-) TimerEvent: {}
[128.186119] (-) TimerEvent: {}
[128.289555] (-) TimerEvent: {}
[128.362225] (duckietown_msgs) StdoutLine: {'line': b'[ 65%] \x1b[32mBuilding CXX object CMakeFiles/duckietown_msgs__rosidl_typesupport_introspection_cpp.dir/rosidl_typesupport_introspection_cpp/duckietown_msgs/msg/detail/intersection_pose__type_support.cpp.o\x1b[0m\n'}
[128.392173] (-) TimerEvent: {}
[128.495305] (-) TimerEvent: {}
[128.598112] (-) TimerEvent: {}
[128.704301] (-) TimerEvent: {}
[128.805134] (-) TimerEvent: {}
[128.910134] (-) TimerEvent: {}
[128.976176] (duckietown_msgs) StdoutLine: {'line': b'[ 66%] \x1b[32mBuilding CXX object CMakeFiles/duckietown_msgs__rosidl_typesupport_introspection_cpp.dir/rosidl_typesupport_introspection_cpp/duckietown_msgs/msg/detail/intersection_pose_img__type_support.cpp.o\x1b[0m\n'}
[129.012060] (-) TimerEvent: {}
[129.116055] (-) TimerEvent: {}
[129.219046] (-) TimerEvent: {}
[129.322290] (-) TimerEvent: {}
[129.426347] (-) TimerEvent: {}
[129.530118] (-) TimerEvent: {}
[129.600706] (duckietown_msgs) StdoutLine: {'line': b'[ 66%] \x1b[32mBuilding CXX object CMakeFiles/duckietown_msgs__rosidl_typesupport_introspection_cpp.dir/rosidl_typesupport_introspection_cpp/duckietown_msgs/msg/detail/intersection_pose_img_debug__type_support.cpp.o\x1b[0m\n'}
[129.633434] (-) TimerEvent: {}
[129.736333] (-) TimerEvent: {}
[129.840101] (-) TimerEvent: {}
[129.943045] (-) TimerEvent: {}
[130.046189] (-) TimerEvent: {}
[130.149152] (-) TimerEvent: {}
[130.199803] (duckietown_msgs) StdoutLine: {'line': b'[ 66%] \x1b[32mBuilding CXX object CMakeFiles/duckietown_msgs__rosidl_typesupport_introspection_cpp.dir/rosidl_typesupport_introspection_cpp/duckietown_msgs/msg/detail/turn_i_dand_type__type_support.cpp.o\x1b[0m\n'}
[130.252152] (-) TimerEvent: {}
[130.355196] (-) TimerEvent: {}
[130.458253] (-) TimerEvent: {}
[130.565633] (-) TimerEvent: {}
[130.675094] (-) TimerEvent: {}
[130.776379] (-) TimerEvent: {}
[130.800608] (duckietown_msgs) StdoutLine: {'line': b'[ 66%] \x1b[32mBuilding CXX object CMakeFiles/duckietown_msgs__rosidl_typesupport_introspection_cpp.dir/rosidl_typesupport_introspection_cpp/duckietown_msgs/msg/detail/led_detection__type_support.cpp.o\x1b[0m\n'}
[130.881198] (-) TimerEvent: {}
[130.986340] (-) TimerEvent: {}
[131.089428] (-) TimerEvent: {}
[131.192072] (-) TimerEvent: {}
[131.295277] (-) TimerEvent: {}
[131.398220] (-) TimerEvent: {}
[131.493442] (duckietown_msgs) StdoutLine: {'line': b'[ 66%] \x1b[32mBuilding CXX object CMakeFiles/duckietown_msgs__rosidl_typesupport_introspection_cpp.dir/rosidl_typesupport_introspection_cpp/duckietown_msgs/msg/detail/maintenance_state__type_support.cpp.o\x1b[0m\n'}
[131.498390] (-) TimerEvent: {}
[131.604047] (-) TimerEvent: {}
[131.708417] (-) TimerEvent: {}
[131.811081] (-) TimerEvent: {}
[131.914391] (-) TimerEvent: {}
[132.016351] (-) TimerEvent: {}
[132.080480] (duckietown_msgs) StdoutLine: {'line': b'[ 67%] \x1b[32mBuilding CXX object CMakeFiles/duckietown_msgs__rosidl_typesupport_introspection_cpp.dir/rosidl_typesupport_introspection_cpp/duckietown_msgs/msg/detail/led_detection_array__type_support.cpp.o\x1b[0m\n'}
[132.121153] (-) TimerEvent: {}
[132.224145] (-) TimerEvent: {}
[132.327473] (-) TimerEvent: {}
[132.430127] (-) TimerEvent: {}
[132.533283] (-) TimerEvent: {}
[132.636347] (-) TimerEvent: {}
[132.739395] (-) TimerEvent: {}
[132.839947] (-) TimerEvent: {}
[132.856382] (duckietown_msgs) StdoutLine: {'line': b'[ 67%] \x1b[32mBuilding CXX object CMakeFiles/duckietown_msgs__rosidl_typesupport_introspection_cpp.dir/rosidl_typesupport_introspection_cpp/duckietown_msgs/msg/detail/led_detection_debug_info__type_support.cpp.o\x1b[0m\n'}
[132.946398] (-) TimerEvent: {}
[133.050142] (-) TimerEvent: {}
[133.154172] (-) TimerEvent: {}
[133.258149] (-) TimerEvent: {}
[133.361513] (-) TimerEvent: {}
[133.462455] (-) TimerEvent: {}
[133.568401] (-) TimerEvent: {}
[133.584435] (duckietown_msgs) StdoutLine: {'line': b'[ 67%] \x1b[32mBuilding CXX object CMakeFiles/duckietown_msgs__rosidl_typesupport_introspection_cpp.dir/rosidl_typesupport_introspection_cpp/duckietown_msgs/msg/detail/wheels_cmd__type_support.cpp.o\x1b[0m\n'}
[133.671211] (-) TimerEvent: {}
[133.775197] (-) TimerEvent: {}
[133.877103] (-) TimerEvent: {}
[133.981120] (-) TimerEvent: {}
[134.084528] (-) TimerEvent: {}
[134.166406] (duckietown_msgs) StdoutLine: {'line': b'[ 67%] \x1b[32mBuilding CXX object CMakeFiles/duckietown_msgs__rosidl_typesupport_introspection_cpp.dir/rosidl_typesupport_introspection_cpp/duckietown_msgs/msg/detail/wheels_cmd_stamped__type_support.cpp.o\x1b[0m\n'}
[134.188149] (-) TimerEvent: {}
[134.290076] (-) TimerEvent: {}
[134.394147] (-) TimerEvent: {}
[134.498108] (-) TimerEvent: {}
[134.600159] (-) TimerEvent: {}
[134.702331] (-) TimerEvent: {}
[134.790148] (duckietown_msgs) StdoutLine: {'line': b'[ 67%] \x1b[32mBuilding CXX object CMakeFiles/duckietown_msgs__rosidl_typesupport_introspection_cpp.dir/rosidl_typesupport_introspection_cpp/duckietown_msgs/msg/detail/pose2_d_stamped__type_support.cpp.o\x1b[0m\n'}
[134.805109] (-) TimerEvent: {}
[134.911100] (-) TimerEvent: {}
[135.014321] (-) TimerEvent: {}
[135.118121] (-) TimerEvent: {}
[135.220362] (-) TimerEvent: {}
[135.324105] (-) TimerEvent: {}
[135.375526] (duckietown_msgs) StdoutLine: {'line': b'[ 68%] \x1b[32mBuilding CXX object CMakeFiles/duckietown_msgs__rosidl_typesupport_introspection_cpp.dir/rosidl_typesupport_introspection_cpp/duckietown_msgs/msg/detail/signals_detection__type_support.cpp.o\x1b[0m\n'}
[135.427076] (-) TimerEvent: {}
[135.531166] (-) TimerEvent: {}
[135.634376] (-) TimerEvent: {}
[135.737362] (-) TimerEvent: {}
[135.842196] (-) TimerEvent: {}
[135.943462] (-) TimerEvent: {}
[135.991363] (duckietown_msgs) StdoutLine: {'line': b'[ 68%] \x1b[32mBuilding CXX object CMakeFiles/duckietown_msgs__rosidl_typesupport_introspection_cpp.dir/rosidl_typesupport_introspection_cpp/duckietown_msgs/msg/detail/signals_detection_ethz17__type_support.cpp.o\x1b[0m\n'}
[136.048207] (-) TimerEvent: {}
[136.151128] (-) TimerEvent: {}
[136.255172] (-) TimerEvent: {}
[136.358136] (-) TimerEvent: {}
[136.459142] (-) TimerEvent: {}
[136.561145] (-) TimerEvent: {}
[136.590965] (duckietown_msgs) StdoutLine: {'line': b'[ 68%] \x1b[32mBuilding CXX object CMakeFiles/duckietown_msgs__rosidl_typesupport_introspection_cpp.dir/rosidl_typesupport_introspection_cpp/duckietown_msgs/msg/detail/twist2_d_stamped__type_support.cpp.o\x1b[0m\n'}
[136.666136] (-) TimerEvent: {}
[136.770068] (-) TimerEvent: {}
[136.872151] (-) TimerEvent: {}
[136.976106] (-) TimerEvent: {}
[137.079167] (-) TimerEvent: {}
[137.180083] (-) TimerEvent: {}
[137.184169] (duckietown_msgs) StdoutLine: {'line': b'[ 68%] \x1b[32mBuilding CXX object CMakeFiles/duckietown_msgs__rosidl_typesupport_introspection_cpp.dir/rosidl_typesupport_introspection_cpp/duckietown_msgs/msg/detail/twist2_d_stamped_ethz17__type_support.cpp.o\x1b[0m\n'}
[137.287339] (-) TimerEvent: {}
[137.389310] (-) TimerEvent: {}
[137.494174] (-) TimerEvent: {}
[137.597065] (-) TimerEvent: {}
[137.699227] (-) TimerEvent: {}
[137.800110] (-) TimerEvent: {}
[137.811771] (duckietown_msgs) StdoutLine: {'line': b'[ 68%] \x1b[32mBuilding CXX object CMakeFiles/duckietown_msgs__rosidl_typesupport_introspection_cpp.dir/rosidl_typesupport_introspection_cpp/duckietown_msgs/msg/detail/april_tag_detection__type_support.cpp.o\x1b[0m\n'}
[137.906328] (-) TimerEvent: {}
[138.009078] (-) TimerEvent: {}
[138.112073] (-) TimerEvent: {}
[138.216105] (-) TimerEvent: {}
[138.320090] (-) TimerEvent: {}
[138.380156] (duckietown_msgs) StdoutLine: {'line': b'[ 69%] \x1b[32mBuilding CXX object CMakeFiles/duckietown_msgs__rosidl_typesupport_introspection_cpp.dir/rosidl_typesupport_introspection_cpp/duckietown_msgs/msg/detail/april_tag_detection_array__type_support.cpp.o\x1b[0m\n'}
[138.423150] (-) TimerEvent: {}
[138.526634] (-) TimerEvent: {}
[138.630120] (-) TimerEvent: {}
[138.732112] (-) TimerEvent: {}
[138.835277] (-) TimerEvent: {}
[138.939273] (-) TimerEvent: {}
[139.041079] (-) TimerEvent: {}
[139.080611] (duckietown_msgs) StdoutLine: {'line': b'[ 69%] \x1b[32mBuilding CXX object CMakeFiles/duckietown_msgs__rosidl_typesupport_introspection_cpp.dir/rosidl_typesupport_introspection_cpp/duckietown_msgs/msg/detail/april_tags_with_infos__type_support.cpp.o\x1b[0m\n'}
[139.145131] (-) TimerEvent: {}
[139.249125] (-) TimerEvent: {}
[139.353122] (-) TimerEvent: {}
[139.456440] (-) TimerEvent: {}
[139.560350] (-) TimerEvent: {}
[139.662193] (-) TimerEvent: {}
[139.774217] (-) TimerEvent: {}
[139.792974] (duckietown_msgs) StdoutLine: {'line': b'[ 69%] \x1b[32mBuilding CXX object CMakeFiles/duckietown_msgs__rosidl_typesupport_introspection_cpp.dir/rosidl_typesupport_introspection_cpp/duckietown_msgs/msg/detail/tag_info__type_support.cpp.o\x1b[0m\n'}
[139.878326] (-) TimerEvent: {}
[139.982508] (-) TimerEvent: {}
[140.084196] (-) TimerEvent: {}
[140.187125] (-) TimerEvent: {}
[140.291234] (-) TimerEvent: {}
[140.392133] (-) TimerEvent: {}
[140.432159] (duckietown_msgs) StdoutLine: {'line': b'[ 69%] \x1b[32mBuilding CXX object CMakeFiles/duckietown_msgs__rosidl_typesupport_introspection_cpp.dir/rosidl_typesupport_introspection_cpp/duckietown_msgs/msg/detail/pixel__type_support.cpp.o\x1b[0m\n'}
[140.502452] (-) TimerEvent: {}
[140.609128] (-) TimerEvent: {}
[140.711036] (-) TimerEvent: {}
[140.817425] (-) TimerEvent: {}
[140.921136] (-) TimerEvent: {}
[141.034201] (-) TimerEvent: {}
[141.138099] (-) TimerEvent: {}
[141.241189] (-) TimerEvent: {}
[141.340113] (duckietown_msgs) StdoutLine: {'line': b'[ 69%] \x1b[32mBuilding CXX object CMakeFiles/duckietown_msgs__rosidl_typesupport_introspection_cpp.dir/rosidl_typesupport_introspection_cpp/duckietown_msgs/msg/detail/vector2_d__type_support.cpp.o\x1b[0m\n'}
[141.342072] (-) TimerEvent: {}
[141.447084] (-) TimerEvent: {}
[141.550229] (-) TimerEvent: {}
[141.655128] (-) TimerEvent: {}
[141.758144] (-) TimerEvent: {}
[141.861214] (-) TimerEvent: {}
[141.953268] (duckietown_msgs) StdoutLine: {'line': b'[ 70%] \x1b[32mBuilding CXX object CMakeFiles/duckietown_msgs__rosidl_typesupport_introspection_cpp.dir/rosidl_typesupport_introspection_cpp/duckietown_msgs/msg/detail/segment__type_support.cpp.o\x1b[0m\n'}
[141.962496] (-) TimerEvent: {}
[142.068096] (-) TimerEvent: {}
[142.172087] (-) TimerEvent: {}
[142.274081] (-) TimerEvent: {}
[142.377076] (-) TimerEvent: {}
[142.484151] (-) TimerEvent: {}
[142.590670] (-) TimerEvent: {}
[142.596978] (duckietown_msgs) StdoutLine: {'line': b'[ 70%] \x1b[32mBuilding CXX object CMakeFiles/duckietown_msgs__rosidl_typesupport_introspection_cpp.dir/rosidl_typesupport_introspection_cpp/duckietown_msgs/msg/detail/segment_list__type_support.cpp.o\x1b[0m\n'}
[142.699615] (-) TimerEvent: {}
[142.802135] (-) TimerEvent: {}
[142.906263] (-) TimerEvent: {}
[143.009125] (-) TimerEvent: {}
[143.111090] (-) TimerEvent: {}
[143.215181] (-) TimerEvent: {}
[143.270684] (duckietown_msgs) StdoutLine: {'line': b'[ 70%] \x1b[32mBuilding CXX object CMakeFiles/duckietown_msgs__rosidl_typesupport_introspection_cpp.dir/rosidl_typesupport_introspection_cpp/duckietown_msgs/msg/detail/rect__type_support.cpp.o\x1b[0m\n'}
[143.317116] (-) TimerEvent: {}
[143.420485] (-) TimerEvent: {}
[143.522099] (-) TimerEvent: {}
[143.627351] (-) TimerEvent: {}
[143.732123] (-) TimerEvent: {}
[143.834611] (-) TimerEvent: {}
[143.875330] (duckietown_msgs) StdoutLine: {'line': b'[ 70%] \x1b[32mBuilding CXX object CMakeFiles/duckietown_msgs__rosidl_typesupport_introspection_cpp.dir/rosidl_typesupport_introspection_cpp/duckietown_msgs/msg/detail/rects__type_support.cpp.o\x1b[0m\n'}
[143.938702] (-) TimerEvent: {}
[144.042184] (-) TimerEvent: {}
[144.145154] (-) TimerEvent: {}
[144.247370] (-) TimerEvent: {}
[144.351203] (-) TimerEvent: {}
[144.454202] (-) TimerEvent: {}
[144.516520] (duckietown_msgs) StdoutLine: {'line': b'[ 70%] \x1b[32mBuilding CXX object CMakeFiles/duckietown_msgs__rosidl_typesupport_introspection_cpp.dir/rosidl_typesupport_introspection_cpp/duckietown_msgs/msg/detail/scene_segments__type_support.cpp.o\x1b[0m\n'}
[144.557349] (-) TimerEvent: {}
[144.659427] (-) TimerEvent: {}
[144.763201] (-) TimerEvent: {}
[144.866446] (-) TimerEvent: {}
[144.968409] (-) TimerEvent: {}
[145.072396] (-) TimerEvent: {}
[145.172813] (-) TimerEvent: {}
[145.210304] (duckietown_msgs) StdoutLine: {'line': b'[ 71%] \x1b[32mBuilding CXX object CMakeFiles/duckietown_msgs__rosidl_typesupport_introspection_cpp.dir/rosidl_typesupport_introspection_cpp/duckietown_msgs/msg/detail/source_target_nodes__type_support.cpp.o\x1b[0m\n'}
[145.277061] (-) TimerEvent: {}
[145.381109] (-) TimerEvent: {}
[145.489206] (-) TimerEvent: {}
[145.597159] (-) TimerEvent: {}
[145.700249] (-) TimerEvent: {}
[145.801053] (-) TimerEvent: {}
[145.819503] (duckietown_msgs) StdoutLine: {'line': b'[ 71%] \x1b[32mBuilding CXX object CMakeFiles/duckietown_msgs__rosidl_typesupport_introspection_cpp.dir/rosidl_typesupport_introspection_cpp/duckietown_msgs/msg/detail/coordination_clearance__type_support.cpp.o\x1b[0m\n'}
[145.906408] (-) TimerEvent: {}
[146.011145] (-) TimerEvent: {}
[146.114309] (-) TimerEvent: {}
[146.216155] (-) TimerEvent: {}
[146.319253] (-) TimerEvent: {}
[146.405925] (duckietown_msgs) StdoutLine: {'line': b'[ 71%] \x1b[32mBuilding CXX object CMakeFiles/duckietown_msgs__rosidl_typesupport_introspection_cpp.dir/rosidl_typesupport_introspection_cpp/duckietown_msgs/msg/detail/coordination_clearance_ethz17__type_support.cpp.o\x1b[0m\n'}
[146.421156] (-) TimerEvent: {}
[146.525174] (-) TimerEvent: {}
[146.628049] (-) TimerEvent: {}
[146.734830] (-) TimerEvent: {}
[146.853333] (-) TimerEvent: {}
[146.958483] (-) TimerEvent: {}
[147.061508] (-) TimerEvent: {}
[147.132483] (duckietown_msgs) StdoutLine: {'line': b'[ 71%] \x1b[32mBuilding CXX object CMakeFiles/duckietown_msgs__rosidl_typesupport_introspection_cpp.dir/rosidl_typesupport_introspection_cpp/duckietown_msgs/msg/detail/vehicle_corners__type_support.cpp.o\x1b[0m\n'}
[147.164105] (-) TimerEvent: {}
[147.267168] (-) TimerEvent: {}
[147.371176] (-) TimerEvent: {}
[147.477376] (-) TimerEvent: {}
[147.588267] (-) TimerEvent: {}
[147.690090] (-) TimerEvent: {}
[147.790897] (duckietown_msgs) StdoutLine: {'line': b'[ 71%] \x1b[32mBuilding CXX object CMakeFiles/duckietown_msgs__rosidl_typesupport_introspection_cpp.dir/rosidl_typesupport_introspection_cpp/duckietown_msgs/msg/detail/vehicle_pose__type_support.cpp.o\x1b[0m\n'}
[147.791205] (-) TimerEvent: {}
[147.898332] (-) TimerEvent: {}
[148.001047] (-) TimerEvent: {}
[148.103387] (-) TimerEvent: {}
[148.207239] (-) TimerEvent: {}
[148.311058] (-) TimerEvent: {}
[148.366740] (duckietown_msgs) StdoutLine: {'line': b'[ 72%] \x1b[32mBuilding CXX object CMakeFiles/duckietown_msgs__rosidl_typesupport_introspection_cpp.dir/rosidl_typesupport_introspection_cpp/duckietown_msgs/msg/detail/fsm_state__type_support.cpp.o\x1b[0m\n'}
[148.415175] (-) TimerEvent: {}
[148.518207] (-) TimerEvent: {}
[148.621554] (-) TimerEvent: {}
[148.726076] (-) TimerEvent: {}
[148.828071] (-) TimerEvent: {}
[148.931200] (-) TimerEvent: {}
[148.978289] (duckietown_msgs) StdoutLine: {'line': b'[ 72%] \x1b[32mBuilding CXX object CMakeFiles/duckietown_msgs__rosidl_typesupport_introspection_cpp.dir/rosidl_typesupport_introspection_cpp/duckietown_msgs/msg/detail/bool_stamped__type_support.cpp.o\x1b[0m\n'}
[149.034157] (-) TimerEvent: {}
[149.137203] (-) TimerEvent: {}
[149.239078] (-) TimerEvent: {}
[149.343222] (-) TimerEvent: {}
[149.447295] (-) TimerEvent: {}
[149.550343] (-) TimerEvent: {}
[149.550876] (duckietown_msgs) StdoutLine: {'line': b'[ 72%] \x1b[32mBuilding CXX object CMakeFiles/duckietown_msgs__rosidl_typesupport_introspection_cpp.dir/rosidl_typesupport_introspection_cpp/duckietown_msgs/msg/detail/bool_stamped_ethz17__type_support.cpp.o\x1b[0m\n'}
[149.653314] (-) TimerEvent: {}
[149.755429] (-) TimerEvent: {}
[149.858153] (-) TimerEvent: {}
[149.962095] (-) TimerEvent: {}
[150.066465] (-) TimerEvent: {}
[150.145663] (duckietown_msgs) StdoutLine: {'line': b'[ 72%] \x1b[32mBuilding CXX object CMakeFiles/duckietown_msgs__rosidl_typesupport_introspection_cpp.dir/rosidl_typesupport_introspection_cpp/duckietown_msgs/msg/detail/stop_line_reading__type_support.cpp.o\x1b[0m\n'}
[150.169130] (-) TimerEvent: {}
[150.271074] (-) TimerEvent: {}
[150.373073] (-) TimerEvent: {}
[150.479163] (-) TimerEvent: {}
[150.582190] (-) TimerEvent: {}
[150.684247] (-) TimerEvent: {}
[150.756269] (duckietown_msgs) StdoutLine: {'line': b'[ 72%] \x1b[32mBuilding CXX object CMakeFiles/duckietown_msgs__rosidl_typesupport_introspection_cpp.dir/rosidl_typesupport_introspection_cpp/duckietown_msgs/msg/detail/led_interpreter__type_support.cpp.o\x1b[0m\n'}
[150.786070] (-) TimerEvent: {}
[150.889387] (-) TimerEvent: {}
[150.992231] (-) TimerEvent: {}
[151.096177] (-) TimerEvent: {}
[151.198094] (-) TimerEvent: {}
[151.298669] (-) TimerEvent: {}
[151.322499] (duckietown_msgs) StdoutLine: {'line': b'[ 73%] \x1b[32mBuilding CXX object CMakeFiles/duckietown_msgs__rosidl_typesupport_introspection_cpp.dir/rosidl_typesupport_introspection_cpp/duckietown_msgs/msg/detail/anti_instagram_health__type_support.cpp.o\x1b[0m\n'}
[151.405122] (-) TimerEvent: {}
[151.509022] (-) TimerEvent: {}
[151.612247] (-) TimerEvent: {}
[151.715511] (-) TimerEvent: {}
[151.818135] (-) TimerEvent: {}
[151.911369] (duckietown_msgs) StdoutLine: {'line': b'[ 73%] \x1b[32mBuilding CXX object CMakeFiles/duckietown_msgs__rosidl_typesupport_introspection_cpp.dir/rosidl_typesupport_introspection_cpp/duckietown_msgs/msg/detail/anti_instagram_transform__type_support.cpp.o\x1b[0m\n'}
[151.918235] (-) TimerEvent: {}
[152.024104] (-) TimerEvent: {}
[152.127079] (-) TimerEvent: {}
[152.230159] (-) TimerEvent: {}
[152.334395] (-) TimerEvent: {}
[152.436079] (-) TimerEvent: {}
[152.532722] (duckietown_msgs) StdoutLine: {'line': b'[ 73%] \x1b[32mBuilding CXX object CMakeFiles/duckietown_msgs__rosidl_typesupport_introspection_cpp.dir/rosidl_typesupport_introspection_cpp/duckietown_msgs/msg/detail/anti_instagram_transform_cb__type_support.cpp.o\x1b[0m\n'}
[152.536153] (-) TimerEvent: {}
[152.643193] (-) TimerEvent: {}
[152.745117] (-) TimerEvent: {}
[152.849494] (-) TimerEvent: {}
[152.952209] (-) TimerEvent: {}
[153.056034] (-) TimerEvent: {}
[153.142398] (duckietown_msgs) StdoutLine: {'line': b'[ 73%] \x1b[32mBuilding CXX object CMakeFiles/duckietown_msgs__rosidl_typesupport_introspection_cpp.dir/rosidl_typesupport_introspection_cpp/duckietown_msgs/msg/detail/kinematics_weights__type_support.cpp.o\x1b[0m\n'}
[153.156251] (-) TimerEvent: {}
[153.261076] (-) TimerEvent: {}
[153.364059] (-) TimerEvent: {}
[153.465544] (-) TimerEvent: {}
[153.571239] (-) TimerEvent: {}
[153.674229] (-) TimerEvent: {}
[153.774336] (duckietown_msgs) StdoutLine: {'line': b'[ 73%] \x1b[32mBuilding CXX object CMakeFiles/duckietown_msgs__rosidl_typesupport_introspection_cpp.dir/rosidl_typesupport_introspection_cpp/duckietown_msgs/msg/detail/kinematics_parameters__type_support.cpp.o\x1b[0m\n'}
[153.774547] (-) TimerEvent: {}
[153.880141] (-) TimerEvent: {}
[153.984098] (-) TimerEvent: {}
[154.087113] (-) TimerEvent: {}
[154.190075] (-) TimerEvent: {}
[154.294159] (-) TimerEvent: {}
[154.387554] (duckietown_msgs) StdoutLine: {'line': b'[ 74%] \x1b[32mBuilding CXX object CMakeFiles/duckietown_msgs__rosidl_typesupport_introspection_cpp.dir/rosidl_typesupport_introspection_cpp/duckietown_msgs/msg/detail/theta_dot_sample__type_support.cpp.o\x1b[0m\n'}
[154.394267] (-) TimerEvent: {}
[154.497453] (-) TimerEvent: {}
[154.599434] (-) TimerEvent: {}
[154.704338] (-) TimerEvent: {}
[154.806151] (-) TimerEvent: {}
[154.910306] (-) TimerEvent: {}
[155.013460] (-) TimerEvent: {}
[155.126243] (-) TimerEvent: {}
[155.240292] (-) TimerEvent: {}
[155.349476] (-) TimerEvent: {}
[155.450680] (-) TimerEvent: {}
[155.468207] (duckietown_msgs) StdoutLine: {'line': b'[ 74%] \x1b[32mBuilding CXX object CMakeFiles/duckietown_msgs__rosidl_typesupport_introspection_cpp.dir/rosidl_typesupport_introspection_cpp/duckietown_msgs/msg/detail/vsample__type_support.cpp.o\x1b[0m\n'}
[155.571182] (-) TimerEvent: {}
[155.672192] (-) TimerEvent: {}
[155.776122] (-) TimerEvent: {}
[155.883410] (-) TimerEvent: {}
[155.984060] (-) TimerEvent: {}
[156.089595] (-) TimerEvent: {}
[156.193021] (-) TimerEvent: {}
[156.297256] (-) TimerEvent: {}
[156.400167] (-) TimerEvent: {}
[156.463308] (duckietown_msgs) StdoutLine: {'line': b'[ 74%] \x1b[32mBuilding CXX object CMakeFiles/duckietown_msgs__rosidl_typesupport_introspection_cpp.dir/rosidl_typesupport_introspection_cpp/duckietown_msgs/msg/detail/trajectory__type_support.cpp.o\x1b[0m\n'}
[156.502468] (-) TimerEvent: {}
[156.605326] (-) TimerEvent: {}
[156.707294] (-) TimerEvent: {}
[156.812841] (-) TimerEvent: {}
[156.915104] (-) TimerEvent: {}
[157.018152] (-) TimerEvent: {}
[157.120240] (-) TimerEvent: {}
[157.222249] (-) TimerEvent: {}
[157.337304] (-) TimerEvent: {}
[157.441158] (-) TimerEvent: {}
[157.538331] (duckietown_msgs) StdoutLine: {'line': b'[ 74%] \x1b[32mBuilding CXX object CMakeFiles/duckietown_msgs__rosidl_typesupport_introspection_cpp.dir/rosidl_typesupport_introspection_cpp/duckietown_msgs/msg/detail/obstacle_type__type_support.cpp.o\x1b[0m\n'}
[157.541319] (-) TimerEvent: {}
[157.646302] (-) TimerEvent: {}
[157.751455] (-) TimerEvent: {}
[157.868279] (-) TimerEvent: {}
[157.985344] (-) TimerEvent: {}
[158.099120] (-) TimerEvent: {}
[158.201323] (-) TimerEvent: {}
[158.316113] (-) TimerEvent: {}
[158.429502] (-) TimerEvent: {}
[158.531288] (-) TimerEvent: {}
[158.648210] (-) TimerEvent: {}
[158.764494] (-) TimerEvent: {}
[158.870192] (-) TimerEvent: {}
[158.980034] (-) TimerEvent: {}
[158.981903] (duckietown_msgs) StdoutLine: {'line': b'[ 74%] \x1b[32mBuilding CXX object CMakeFiles/duckietown_msgs__rosidl_typesupport_introspection_cpp.dir/rosidl_typesupport_introspection_cpp/duckietown_msgs/msg/detail/obstacle_image_detection__type_support.cpp.o\x1b[0m\n'}
[159.087139] (-) TimerEvent: {}
[159.190131] (-) TimerEvent: {}
[159.296243] (-) TimerEvent: {}
[159.398379] (-) TimerEvent: {}
[159.499190] (-) TimerEvent: {}
[159.614345] (-) TimerEvent: {}
[159.717214] (-) TimerEvent: {}
[159.827502] (-) TimerEvent: {}
[159.935713] (-) TimerEvent: {}
[160.047088] (-) TimerEvent: {}
[160.151101] (-) TimerEvent: {}
[160.255128] (-) TimerEvent: {}
[160.362658] (-) TimerEvent: {}
[160.463373] (-) TimerEvent: {}
[160.507045] (duckietown_msgs) StdoutLine: {'line': b'[ 75%] \x1b[32mBuilding CXX object CMakeFiles/duckietown_msgs__rosidl_typesupport_introspection_cpp.dir/rosidl_typesupport_introspection_cpp/duckietown_msgs/msg/detail/obstacle_image_detection_list__type_support.cpp.o\x1b[0m\n'}
[160.566250] (-) TimerEvent: {}
[160.667786] (-) TimerEvent: {}
[160.771199] (-) TimerEvent: {}
[160.873121] (-) TimerEvent: {}
[160.977235] (-) TimerEvent: {}
[161.078178] (-) TimerEvent: {}
[161.182282] (-) TimerEvent: {}
[161.286151] (-) TimerEvent: {}
[161.389179] (-) TimerEvent: {}
[161.494865] (-) TimerEvent: {}
[161.595547] (-) TimerEvent: {}
[161.693983] (duckietown_msgs) StdoutLine: {'line': b'[ 75%] \x1b[32mBuilding CXX object CMakeFiles/duckietown_msgs__rosidl_typesupport_introspection_cpp.dir/rosidl_typesupport_introspection_cpp/duckietown_msgs/msg/detail/obstacle_projected_detection__type_support.cpp.o\x1b[0m\n'}
[161.696409] (-) TimerEvent: {}
[161.799228] (-) TimerEvent: {}
[161.908322] (-) TimerEvent: {}
[162.012509] (-) TimerEvent: {}
[162.116248] (-) TimerEvent: {}
[162.219897] (-) TimerEvent: {}
[162.320472] (-) TimerEvent: {}
[162.423114] (-) TimerEvent: {}
[162.526151] (-) TimerEvent: {}
[162.636119] (-) TimerEvent: {}
[162.741602] (-) TimerEvent: {}
[162.843680] (-) TimerEvent: {}
[162.948130] (-) TimerEvent: {}
[163.049116] (-) TimerEvent: {}
[163.109117] (duckietown_msgs) StdoutLine: {'line': b'[ 75%] \x1b[32mBuilding CXX object CMakeFiles/duckietown_msgs__rosidl_typesupport_introspection_cpp.dir/rosidl_typesupport_introspection_cpp/duckietown_msgs/msg/detail/obstacle_projected_detection_list__type_support.cpp.o\x1b[0m\n'}
[163.154532] (-) TimerEvent: {}
[163.259084] (-) TimerEvent: {}
[163.361090] (-) TimerEvent: {}
[163.470359] (-) TimerEvent: {}
[163.576454] (-) TimerEvent: {}
[163.680640] (-) TimerEvent: {}
[163.783606] (-) TimerEvent: {}
[163.890667] (-) TimerEvent: {}
[163.998531] (-) TimerEvent: {}
[164.102253] (-) TimerEvent: {}
[164.205879] (-) TimerEvent: {}
[164.306269] (duckietown_msgs) StdoutLine: {'line': b'[ 75%] \x1b[32mBuilding CXX object CMakeFiles/duckietown_msgs__rosidl_typesupport_introspection_cpp.dir/rosidl_typesupport_introspection_cpp/duckietown_msgs/msg/detail/num__type_support.cpp.o\x1b[0m\n'}
[164.306836] (-) TimerEvent: {}
[164.422188] (-) TimerEvent: {}
[164.525288] (-) TimerEvent: {}
[164.628084] (-) TimerEvent: {}
[164.729143] (-) TimerEvent: {}
[164.833144] (-) TimerEvent: {}
[164.934253] (-) TimerEvent: {}
[165.035195] (-) TimerEvent: {}
[165.145420] (-) TimerEvent: {}
[165.256267] (-) TimerEvent: {}
[165.360296] (-) TimerEvent: {}
[165.475143] (-) TimerEvent: {}
[165.578048] (-) TimerEvent: {}
[165.690226] (-) TimerEvent: {}
[165.780153] (duckietown_msgs) StdoutLine: {'line': b'[ 75%] \x1b[32mBuilding CXX object CMakeFiles/duckietown_msgs__rosidl_typesupport_introspection_cpp.dir/rosidl_typesupport_introspection_cpp/duckietown_msgs/srv/detail/set_fsm_state__type_support.cpp.o\x1b[0m\n'}
[165.791199] (-) TimerEvent: {}
[165.896074] (-) TimerEvent: {}
[165.998112] (-) TimerEvent: {}
[166.101026] (-) TimerEvent: {}
[166.204308] (-) TimerEvent: {}
[166.306282] (-) TimerEvent: {}
[166.411098] (-) TimerEvent: {}
[166.513230] (-) TimerEvent: {}
[166.615135] (-) TimerEvent: {}
[166.690563] (duckietown_msgs) StdoutLine: {'line': b'[ 76%] \x1b[32mBuilding CXX object CMakeFiles/duckietown_msgs__rosidl_typesupport_introspection_cpp.dir/rosidl_typesupport_introspection_cpp/duckietown_msgs/srv/detail/set_value__type_support.cpp.o\x1b[0m\n'}
[166.721444] (-) TimerEvent: {}
[166.824099] (-) TimerEvent: {}
[166.931019] (-) TimerEvent: {}
[167.038291] (-) TimerEvent: {}
[167.142244] (-) TimerEvent: {}
[167.245220] (-) TimerEvent: {}
[167.347118] (-) TimerEvent: {}
[167.369617] (duckietown_msgs) StdoutLine: {'line': b'[ 76%] \x1b[32mBuilding CXX object CMakeFiles/duckietown_msgs__rosidl_typesupport_introspection_cpp.dir/rosidl_typesupport_introspection_cpp/duckietown_msgs/srv/detail/set_variable__type_support.cpp.o\x1b[0m\n'}
[167.452276] (-) TimerEvent: {}
[167.554493] (-) TimerEvent: {}
[167.657265] (-) TimerEvent: {}
[167.762293] (-) TimerEvent: {}
[167.863137] (-) TimerEvent: {}
[167.967061] (-) TimerEvent: {}
[168.069087] (-) TimerEvent: {}
[168.076159] (duckietown_msgs) StdoutLine: {'line': b'[ 76%] \x1b[32mBuilding CXX object CMakeFiles/duckietown_msgs__rosidl_typesupport_introspection_cpp.dir/rosidl_typesupport_introspection_cpp/duckietown_msgs/srv/detail/get_variable__type_support.cpp.o\x1b[0m\n'}
[168.174236] (-) TimerEvent: {}
[168.277403] (-) TimerEvent: {}
[168.381144] (-) TimerEvent: {}
[168.485114] (-) TimerEvent: {}
[168.588145] (-) TimerEvent: {}
[168.690763] (-) TimerEvent: {}
[168.792632] (-) TimerEvent: {}
[168.824702] (duckietown_msgs) StdoutLine: {'line': b'[ 76%] \x1b[32m\x1b[1mLinking CXX shared library libduckietown_msgs__rosidl_typesupport_introspection_cpp.so\x1b[0m\n'}
[168.895824] (-) TimerEvent: {}
[169.008158] (-) TimerEvent: {}
[169.113529] (-) TimerEvent: {}
[169.216296] (-) TimerEvent: {}
[169.320510] (-) TimerEvent: {}
[169.351642] (duckietown_msgs) StdoutLine: {'line': b'[ 76%] Built target duckietown_msgs__rosidl_typesupport_introspection_cpp\n'}
[169.389637] (duckietown_msgs) StdoutLine: {'line': b'[ 76%] \x1b[34m\x1b[1mGenerating C++ type support dispatch for ROS interfaces\x1b[0m\n'}
[169.422486] (-) TimerEvent: {}
[169.527217] (-) TimerEvent: {}
[169.629121] (-) TimerEvent: {}
[169.734347] (-) TimerEvent: {}
[169.836327] (-) TimerEvent: {}
[169.959311] (-) TimerEvent: {}
[170.064324] (-) TimerEvent: {}
[170.173040] (-) TimerEvent: {}
[170.286514] (-) TimerEvent: {}
[170.393531] (-) TimerEvent: {}
[170.497221] (-) TimerEvent: {}
[170.601149] (-) TimerEvent: {}
[170.703979] (-) TimerEvent: {}
[170.807458] (-) TimerEvent: {}
[170.909783] (-) TimerEvent: {}
[171.013071] (-) TimerEvent: {}
[171.115163] (-) TimerEvent: {}
[171.221292] (-) TimerEvent: {}
[171.323549] (-) TimerEvent: {}
[171.428766] (-) TimerEvent: {}
[171.529291] (-) TimerEvent: {}
[171.632035] (-) TimerEvent: {}
[171.735204] (-) TimerEvent: {}
[171.839079] (-) TimerEvent: {}
[171.942121] (-) TimerEvent: {}
[172.042891] (-) TimerEvent: {}
[172.146073] (-) TimerEvent: {}
[172.249093] (-) TimerEvent: {}
[172.350343] (-) TimerEvent: {}
[172.456182] (-) TimerEvent: {}
[172.560073] (-) TimerEvent: {}
[172.664334] (-) TimerEvent: {}
[172.765275] (-) TimerEvent: {}
[172.869121] (-) TimerEvent: {}
[172.973355] (-) TimerEvent: {}
[173.075050] (-) TimerEvent: {}
[173.177302] (-) TimerEvent: {}
[173.280493] (-) TimerEvent: {}
[173.383134] (-) TimerEvent: {}
[173.485138] (-) TimerEvent: {}
[173.589044] (-) TimerEvent: {}
[173.689438] (-) TimerEvent: {}
[173.691004] (duckietown_msgs) StdoutLine: {'line': b'[ 76%] \x1b[32mBuilding CXX object CMakeFiles/duckietown_msgs__rosidl_typesupport_cpp.dir/rosidl_typesupport_cpp/duckietown_msgs/msg/car_control__type_support.cpp.o\x1b[0m\n'}
[173.796195] (-) TimerEvent: {}
[173.899193] (-) TimerEvent: {}
[174.001122] (-) TimerEvent: {}
[174.104072] (-) TimerEvent: {}
[174.152148] (duckietown_msgs) StdoutLine: {'line': b'[ 77%] \x1b[32mBuilding CXX object CMakeFiles/duckietown_msgs__rosidl_typesupport_cpp.dir/rosidl_typesupport_cpp/duckietown_msgs/msg/coordination_signal__type_support.cpp.o\x1b[0m\n'}
[174.206201] (-) TimerEvent: {}
[174.308112] (-) TimerEvent: {}
[174.412143] (-) TimerEvent: {}
[174.517536] (-) TimerEvent: {}
[174.618592] (-) TimerEvent: {}
[174.648834] (duckietown_msgs) StdoutLine: {'line': b'[ 77%] \x1b[32mBuilding CXX object CMakeFiles/duckietown_msgs__rosidl_typesupport_cpp.dir/rosidl_typesupport_cpp/duckietown_msgs/msg/coordination_signal_ethz17__type_support.cpp.o\x1b[0m\n'}
[174.726266] (-) TimerEvent: {}
[174.827143] (-) TimerEvent: {}
[174.929050] (-) TimerEvent: {}
[175.035198] (-) TimerEvent: {}
[175.135586] (-) TimerEvent: {}
[175.159578] (duckietown_msgs) StdoutLine: {'line': b'[ 77%] \x1b[32mBuilding CXX object CMakeFiles/duckietown_msgs__rosidl_typesupport_cpp.dir/rosidl_typesupport_cpp/duckietown_msgs/msg/duckie_sensor__type_support.cpp.o\x1b[0m\n'}
[175.239174] (-) TimerEvent: {}
[175.342253] (-) TimerEvent: {}
[175.444078] (-) TimerEvent: {}
[175.545452] (-) TimerEvent: {}
[175.646242] (-) TimerEvent: {}
[175.672386] (duckietown_msgs) StdoutLine: {'line': b'[ 77%] \x1b[32mBuilding CXX object CMakeFiles/duckietown_msgs__rosidl_typesupport_cpp.dir/rosidl_typesupport_cpp/duckietown_msgs/msg/lane_pose__type_support.cpp.o\x1b[0m\n'}
[175.754492] (-) TimerEvent: {}
[175.856404] (-) TimerEvent: {}
[175.957097] (-) TimerEvent: {}
[176.062411] (-) TimerEvent: {}
[176.168099] (-) TimerEvent: {}
[176.246065] (duckietown_msgs) StdoutLine: {'line': b'[ 77%] \x1b[32mBuilding CXX object CMakeFiles/duckietown_msgs__rosidl_typesupport_cpp.dir/rosidl_typesupport_cpp/duckietown_msgs/msg/intersection_pose__type_support.cpp.o\x1b[0m\n'}
[176.272124] (-) TimerEvent: {}
[176.374047] (-) TimerEvent: {}
[176.477076] (-) TimerEvent: {}
[176.579116] (-) TimerEvent: {}
[176.679612] (-) TimerEvent: {}
[176.707001] (duckietown_msgs) StdoutLine: {'line': b'[ 78%] \x1b[32mBuilding CXX object CMakeFiles/duckietown_msgs__rosidl_typesupport_cpp.dir/rosidl_typesupport_cpp/duckietown_msgs/msg/intersection_pose_img__type_support.cpp.o\x1b[0m\n'}
[176.783945] (-) TimerEvent: {}
[176.890968] (-) TimerEvent: {}
[176.993092] (-) TimerEvent: {}
[177.096201] (-) TimerEvent: {}
[177.182181] (duckietown_msgs) StdoutLine: {'line': b'[ 78%] \x1b[32mBuilding CXX object CMakeFiles/duckietown_msgs__rosidl_typesupport_cpp.dir/rosidl_typesupport_cpp/duckietown_msgs/msg/intersection_pose_img_debug__type_support.cpp.o\x1b[0m\n'}
[177.197096] (-) TimerEvent: {}
[177.302172] (-) TimerEvent: {}
[177.406250] (-) TimerEvent: {}
[177.508181] (-) TimerEvent: {}
[177.610113] (-) TimerEvent: {}
[177.651767] (duckietown_msgs) StdoutLine: {'line': b'[ 78%] \x1b[32mBuilding CXX object CMakeFiles/duckietown_msgs__rosidl_typesupport_cpp.dir/rosidl_typesupport_cpp/duckietown_msgs/msg/turn_i_dand_type__type_support.cpp.o\x1b[0m\n'}
[177.710908] (-) TimerEvent: {}
[177.818154] (-) TimerEvent: {}
[177.923430] (-) TimerEvent: {}
[178.025077] (-) TimerEvent: {}
[178.126427] (-) TimerEvent: {}
[178.146095] (duckietown_msgs) StdoutLine: {'line': b'[ 78%] \x1b[32mBuilding CXX object CMakeFiles/duckietown_msgs__rosidl_typesupport_cpp.dir/rosidl_typesupport_cpp/duckietown_msgs/msg/led_detection__type_support.cpp.o\x1b[0m\n'}
[178.232252] (-) TimerEvent: {}
[178.336104] (-) TimerEvent: {}
[178.439106] (-) TimerEvent: {}
[178.542143] (-) TimerEvent: {}
[178.615389] (duckietown_msgs) StdoutLine: {'line': b'[ 78%] \x1b[32mBuilding CXX object CMakeFiles/duckietown_msgs__rosidl_typesupport_cpp.dir/rosidl_typesupport_cpp/duckietown_msgs/msg/maintenance_state__type_support.cpp.o\x1b[0m\n'}
[178.646271] (-) TimerEvent: {}
[178.748110] (-) TimerEvent: {}
[178.853110] (-) TimerEvent: {}
[178.958217] (-) TimerEvent: {}
[179.064283] (-) TimerEvent: {}
[179.088250] (duckietown_msgs) StdoutLine: {'line': b'[ 79%] \x1b[32mBuilding CXX object CMakeFiles/duckietown_msgs__rosidl_typesupport_cpp.dir/rosidl_typesupport_cpp/duckietown_msgs/msg/led_detection_array__type_support.cpp.o\x1b[0m\n'}
[179.173191] (-) TimerEvent: {}
[179.276179] (-) TimerEvent: {}
[179.379225] (-) TimerEvent: {}
[179.483039] (-) TimerEvent: {}
[179.532667] (duckietown_msgs) StdoutLine: {'line': b'[ 79%] \x1b[32mBuilding CXX object CMakeFiles/duckietown_msgs__rosidl_typesupport_cpp.dir/rosidl_typesupport_cpp/duckietown_msgs/msg/led_detection_debug_info__type_support.cpp.o\x1b[0m\n'}
[179.587247] (-) TimerEvent: {}
[179.690176] (-) TimerEvent: {}
[179.792123] (-) TimerEvent: {}
[179.895563] (-) TimerEvent: {}
[179.996663] (-) TimerEvent: {}
[179.999131] (duckietown_msgs) StdoutLine: {'line': b'[ 79%] \x1b[32mBuilding CXX object CMakeFiles/duckietown_msgs__rosidl_typesupport_cpp.dir/rosidl_typesupport_cpp/duckietown_msgs/msg/wheels_cmd__type_support.cpp.o\x1b[0m\n'}
[180.103154] (-) TimerEvent: {}
[180.207260] (-) TimerEvent: {}
[180.310101] (-) TimerEvent: {}
[180.413105] (-) TimerEvent: {}
[180.476416] (duckietown_msgs) StdoutLine: {'line': b'[ 79%] \x1b[32mBuilding CXX object CMakeFiles/duckietown_msgs__rosidl_typesupport_cpp.dir/rosidl_typesupport_cpp/duckietown_msgs/msg/wheels_cmd_stamped__type_support.cpp.o\x1b[0m\n'}
[180.516133] (-) TimerEvent: {}
[180.619405] (-) TimerEvent: {}
[180.723299] (-) TimerEvent: {}
[180.825110] (-) TimerEvent: {}
[180.925611] (-) TimerEvent: {}
[180.942360] (duckietown_msgs) StdoutLine: {'line': b'[ 79%] \x1b[32mBuilding CXX object CMakeFiles/duckietown_msgs__rosidl_typesupport_cpp.dir/rosidl_typesupport_cpp/duckietown_msgs/msg/pose2_d_stamped__type_support.cpp.o\x1b[0m\n'}
[181.031262] (-) TimerEvent: {}
[181.134198] (-) TimerEvent: {}
[181.237136] (-) TimerEvent: {}
[181.341098] (-) TimerEvent: {}
[181.415766] (duckietown_msgs) StdoutLine: {'line': b'[ 80%] \x1b[32mBuilding CXX object CMakeFiles/duckietown_msgs__rosidl_typesupport_cpp.dir/rosidl_typesupport_cpp/duckietown_msgs/msg/signals_detection__type_support.cpp.o\x1b[0m\n'}
[181.446037] (-) TimerEvent: {}
[181.549110] (-) TimerEvent: {}
[181.652176] (-) TimerEvent: {}
[181.757435] (-) TimerEvent: {}
[181.862410] (-) TimerEvent: {}
[181.880334] (duckietown_msgs) StdoutLine: {'line': b'[ 80%] \x1b[32mBuilding CXX object CMakeFiles/duckietown_msgs__rosidl_typesupport_cpp.dir/rosidl_typesupport_cpp/duckietown_msgs/msg/signals_detection_ethz17__type_support.cpp.o\x1b[0m\n'}
[181.973170] (-) TimerEvent: {}
[182.077141] (-) TimerEvent: {}
[182.179518] (-) TimerEvent: {}
[182.281276] (-) TimerEvent: {}
[182.377506] (duckietown_msgs) StdoutLine: {'line': b'[ 80%] \x1b[32mBuilding CXX object CMakeFiles/duckietown_msgs__rosidl_typesupport_cpp.dir/rosidl_typesupport_cpp/duckietown_msgs/msg/twist2_d_stamped__type_support.cpp.o\x1b[0m\n'}
[182.381449] (-) TimerEvent: {}
[182.489179] (-) TimerEvent: {}
[182.591236] (-) TimerEvent: {}
[182.693339] (-) TimerEvent: {}
[182.798176] (-) TimerEvent: {}
[182.876586] (duckietown_msgs) StdoutLine: {'line': b'[ 80%] \x1b[32mBuilding CXX object CMakeFiles/duckietown_msgs__rosidl_typesupport_cpp.dir/rosidl_typesupport_cpp/duckietown_msgs/msg/twist2_d_stamped_ethz17__type_support.cpp.o\x1b[0m\n'}
[182.902308] (-) TimerEvent: {}
[183.004093] (-) TimerEvent: {}
[183.108054] (-) TimerEvent: {}
[183.211148] (-) TimerEvent: {}
[183.310433] (duckietown_msgs) StdoutLine: {'line': b'[ 80%] \x1b[32mBuilding CXX object CMakeFiles/duckietown_msgs__rosidl_typesupport_cpp.dir/rosidl_typesupport_cpp/duckietown_msgs/msg/april_tag_detection__type_support.cpp.o\x1b[0m\n'}
[183.313114] (-) TimerEvent: {}
[183.417139] (-) TimerEvent: {}
[183.521161] (-) TimerEvent: {}
[183.624118] (-) TimerEvent: {}
[183.724816] (-) TimerEvent: {}
[183.768008] (duckietown_msgs) StdoutLine: {'line': b'[ 81%] \x1b[32mBuilding CXX object CMakeFiles/duckietown_msgs__rosidl_typesupport_cpp.dir/rosidl_typesupport_cpp/duckietown_msgs/msg/april_tag_detection_array__type_support.cpp.o\x1b[0m\n'}
[183.831655] (-) TimerEvent: {}
[183.935104] (-) TimerEvent: {}
[184.036553] (-) TimerEvent: {}
[184.143085] (-) TimerEvent: {}
[184.236163] (duckietown_msgs) StdoutLine: {'line': b'[ 81%] \x1b[32mBuilding CXX object CMakeFiles/duckietown_msgs__rosidl_typesupport_cpp.dir/rosidl_typesupport_cpp/duckietown_msgs/msg/april_tags_with_infos__type_support.cpp.o\x1b[0m\n'}
[184.244060] (-) TimerEvent: {}
[184.349155] (-) TimerEvent: {}
[184.453213] (-) TimerEvent: {}
[184.556151] (-) TimerEvent: {}
[184.659143] (-) TimerEvent: {}
[184.755084] (duckietown_msgs) StdoutLine: {'line': b'[ 81%] \x1b[32mBuilding CXX object CMakeFiles/duckietown_msgs__rosidl_typesupport_cpp.dir/rosidl_typesupport_cpp/duckietown_msgs/msg/tag_info__type_support.cpp.o\x1b[0m\n'}
[184.760387] (-) TimerEvent: {}
[184.865161] (-) TimerEvent: {}
[184.969379] (-) TimerEvent: {}
[185.072164] (-) TimerEvent: {}
[185.176124] (-) TimerEvent: {}
[185.252905] (duckietown_msgs) StdoutLine: {'line': b'[ 81%] \x1b[32mBuilding CXX object CMakeFiles/duckietown_msgs__rosidl_typesupport_cpp.dir/rosidl_typesupport_cpp/duckietown_msgs/msg/pixel__type_support.cpp.o\x1b[0m\n'}
[185.280927] (-) TimerEvent: {}
[185.382611] (-) TimerEvent: {}
[185.485140] (-) TimerEvent: {}
[185.589051] (-) TimerEvent: {}
[185.678499] (duckietown_msgs) StdoutLine: {'line': b'[ 81%] \x1b[32mBuilding CXX object CMakeFiles/duckietown_msgs__rosidl_typesupport_cpp.dir/rosidl_typesupport_cpp/duckietown_msgs/msg/vector2_d__type_support.cpp.o\x1b[0m\n'}
[185.689211] (-) TimerEvent: {}
[185.796353] (-) TimerEvent: {}
[185.898266] (-) TimerEvent: {}
[186.001137] (-) TimerEvent: {}
[186.104209] (-) TimerEvent: {}
[186.146915] (duckietown_msgs) StdoutLine: {'line': b'[ 82%] \x1b[32mBuilding CXX object CMakeFiles/duckietown_msgs__rosidl_typesupport_cpp.dir/rosidl_typesupport_cpp/duckietown_msgs/msg/segment__type_support.cpp.o\x1b[0m\n'}
[186.206291] (-) TimerEvent: {}
[186.309124] (-) TimerEvent: {}
[186.413264] (-) TimerEvent: {}
[186.515284] (-) TimerEvent: {}
[186.618577] (-) TimerEvent: {}
[186.659387] (duckietown_msgs) StdoutLine: {'line': b'[ 82%] \x1b[32mBuilding CXX object CMakeFiles/duckietown_msgs__rosidl_typesupport_cpp.dir/rosidl_typesupport_cpp/duckietown_msgs/msg/segment_list__type_support.cpp.o\x1b[0m\n'}
[186.724438] (-) TimerEvent: {}
[186.825269] (-) TimerEvent: {}
[186.930117] (-) TimerEvent: {}
[187.034055] (-) TimerEvent: {}
[187.137143] (-) TimerEvent: {}
[187.184099] (duckietown_msgs) StdoutLine: {'line': b'[ 82%] \x1b[32mBuilding CXX object CMakeFiles/duckietown_msgs__rosidl_typesupport_cpp.dir/rosidl_typesupport_cpp/duckietown_msgs/msg/rect__type_support.cpp.o\x1b[0m\n'}
[187.239067] (-) TimerEvent: {}
[187.340492] (-) TimerEvent: {}
[187.446062] (-) TimerEvent: {}
[187.550320] (-) TimerEvent: {}
[187.650793] (-) TimerEvent: {}
[187.690993] (duckietown_msgs) StdoutLine: {'line': b'[ 82%] \x1b[32mBuilding CXX object CMakeFiles/duckietown_msgs__rosidl_typesupport_cpp.dir/rosidl_typesupport_cpp/duckietown_msgs/msg/rects__type_support.cpp.o\x1b[0m\n'}
[187.756294] (-) TimerEvent: {}
[187.859398] (-) TimerEvent: {}
[187.962231] (-) TimerEvent: {}
[188.065454] (-) TimerEvent: {}
[188.168324] (-) TimerEvent: {}
[188.254702] (duckietown_msgs) StdoutLine: {'line': b'[ 82%] \x1b[32mBuilding CXX object CMakeFiles/duckietown_msgs__rosidl_typesupport_cpp.dir/rosidl_typesupport_cpp/duckietown_msgs/msg/scene_segments__type_support.cpp.o\x1b[0m\n'}
[188.269110] (-) TimerEvent: {}
[188.374121] (-) TimerEvent: {}
[188.478077] (-) TimerEvent: {}
[188.580091] (-) TimerEvent: {}
[188.684303] (-) TimerEvent: {}
[188.768534] (duckietown_msgs) StdoutLine: {'line': b'[ 83%] \x1b[32mBuilding CXX object CMakeFiles/duckietown_msgs__rosidl_typesupport_cpp.dir/rosidl_typesupport_cpp/duckietown_msgs/msg/source_target_nodes__type_support.cpp.o\x1b[0m\n'}
[188.785861] (-) TimerEvent: {}
[188.891083] (-) TimerEvent: {}
[188.994370] (-) TimerEvent: {}
[189.097089] (-) TimerEvent: {}
[189.199446] (-) TimerEvent: {}
[189.267749] (duckietown_msgs) StdoutLine: {'line': b'[ 83%] \x1b[32mBuilding CXX object CMakeFiles/duckietown_msgs__rosidl_typesupport_cpp.dir/rosidl_typesupport_cpp/duckietown_msgs/msg/coordination_clearance__type_support.cpp.o\x1b[0m\n'}
[189.301168] (-) TimerEvent: {}
[189.402543] (-) TimerEvent: {}
[189.507042] (-) TimerEvent: {}
[189.611167] (-) TimerEvent: {}
[189.712170] (-) TimerEvent: {}
[189.777233] (duckietown_msgs) StdoutLine: {'line': b'[ 83%] \x1b[32mBuilding CXX object CMakeFiles/duckietown_msgs__rosidl_typesupport_cpp.dir/rosidl_typesupport_cpp/duckietown_msgs/msg/coordination_clearance_ethz17__type_support.cpp.o\x1b[0m\n'}
[189.814311] (-) TimerEvent: {}
[189.915526] (-) TimerEvent: {}
[190.022454] (-) TimerEvent: {}
[190.123053] (-) TimerEvent: {}
[190.236475] (-) TimerEvent: {}
[190.342218] (-) TimerEvent: {}
[190.445958] (-) TimerEvent: {}
[190.550392] (-) TimerEvent: {}
[190.673169] (-) TimerEvent: {}
[190.777097] (-) TimerEvent: {}
[190.888112] (-) TimerEvent: {}
[190.989122] (-) TimerEvent: {}
[191.012286] (duckietown_msgs) StdoutLine: {'line': b'[ 83%] \x1b[32mBuilding CXX object CMakeFiles/duckietown_msgs__rosidl_typesupport_cpp.dir/rosidl_typesupport_cpp/duckietown_msgs/msg/vehicle_corners__type_support.cpp.o\x1b[0m\n'}
[191.096305] (-) TimerEvent: {}
[191.200376] (-) TimerEvent: {}
[191.302182] (-) TimerEvent: {}
[191.407973] (-) TimerEvent: {}
[191.521098] (-) TimerEvent: {}
[191.623071] (-) TimerEvent: {}
[191.724220] (-) TimerEvent: {}
[191.829114] (-) TimerEvent: {}
[191.956501] (-) TimerEvent: {}
[192.058630] (-) TimerEvent: {}
[192.161426] (-) TimerEvent: {}
[192.262230] (-) TimerEvent: {}
[192.302043] (duckietown_msgs) StdoutLine: {'line': b'[ 83%] \x1b[32mBuilding CXX object CMakeFiles/duckietown_msgs__rosidl_typesupport_cpp.dir/rosidl_typesupport_cpp/duckietown_msgs/msg/vehicle_pose__type_support.cpp.o\x1b[0m\n'}
[192.366075] (-) TimerEvent: {}
[192.467080] (-) TimerEvent: {}
[192.584321] (-) TimerEvent: {}
[192.688334] (-) TimerEvent: {}
[192.789450] (-) TimerEvent: {}
[192.890412] (-) TimerEvent: {}
[192.996197] (-) TimerEvent: {}
[193.108047] (-) TimerEvent: {}
[193.219127] (-) TimerEvent: {}
[193.327119] (-) TimerEvent: {}
[193.394193] (duckietown_msgs) StdoutLine: {'line': b'[ 84%] \x1b[32mBuilding CXX object CMakeFiles/duckietown_msgs__rosidl_typesupport_cpp.dir/rosidl_typesupport_cpp/duckietown_msgs/msg/fsm_state__type_support.cpp.o\x1b[0m\n'}
[193.429450] (-) TimerEvent: {}
[193.531204] (-) TimerEvent: {}
[193.634418] (-) TimerEvent: {}
[193.739264] (-) TimerEvent: {}
[193.842180] (-) TimerEvent: {}
[193.895326] (duckietown_msgs) StdoutLine: {'line': b'[ 84%] \x1b[32mBuilding CXX object CMakeFiles/duckietown_msgs__rosidl_typesupport_cpp.dir/rosidl_typesupport_cpp/duckietown_msgs/msg/bool_stamped__type_support.cpp.o\x1b[0m\n'}
[193.947280] (-) TimerEvent: {}
[194.052902] (-) TimerEvent: {}
[194.155267] (-) TimerEvent: {}
[194.264824] (-) TimerEvent: {}
[194.366152] (-) TimerEvent: {}
[194.471147] (-) TimerEvent: {}
[194.573117] (-) TimerEvent: {}
[194.605471] (duckietown_msgs) StdoutLine: {'line': b'[ 84%] \x1b[32mBuilding CXX object CMakeFiles/duckietown_msgs__rosidl_typesupport_cpp.dir/rosidl_typesupport_cpp/duckietown_msgs/msg/bool_stamped_ethz17__type_support.cpp.o\x1b[0m\n'}
[194.678163] (-) TimerEvent: {}
[194.780096] (-) TimerEvent: {}
[194.885142] (-) TimerEvent: {}
[194.988090] (-) TimerEvent: {}
[195.092181] (-) TimerEvent: {}
[195.141104] (duckietown_msgs) StdoutLine: {'line': b'[ 84%] \x1b[32mBuilding CXX object CMakeFiles/duckietown_msgs__rosidl_typesupport_cpp.dir/rosidl_typesupport_cpp/duckietown_msgs/msg/stop_line_reading__type_support.cpp.o\x1b[0m\n'}
[195.194122] (-) TimerEvent: {}
[195.298280] (-) TimerEvent: {}
[195.399127] (-) TimerEvent: {}
[195.505085] (-) TimerEvent: {}
[195.546841] (duckietown_msgs) StdoutLine: {'line': b'[ 84%] \x1b[32mBuilding CXX object CMakeFiles/duckietown_msgs__rosidl_typesupport_cpp.dir/rosidl_typesupport_cpp/duckietown_msgs/msg/led_interpreter__type_support.cpp.o\x1b[0m\n'}
[195.608043] (-) TimerEvent: {}
[195.712159] (-) TimerEvent: {}
[195.812977] (-) TimerEvent: {}
[195.919056] (-) TimerEvent: {}
[196.020139] (-) TimerEvent: {}
[196.106194] (duckietown_msgs) StdoutLine: {'line': b'[ 85%] \x1b[32mBuilding CXX object CMakeFiles/duckietown_msgs__rosidl_typesupport_cpp.dir/rosidl_typesupport_cpp/duckietown_msgs/msg/anti_instagram_health__type_support.cpp.o\x1b[0m\n'}
[196.121142] (-) TimerEvent: {}
[196.225917] (-) TimerEvent: {}
[196.339771] (-) TimerEvent: {}
[196.444921] (-) TimerEvent: {}
[196.554628] (-) TimerEvent: {}
[196.658102] (-) TimerEvent: {}
[196.762198] (-) TimerEvent: {}
[196.844465] (duckietown_msgs) StdoutLine: {'line': b'[ 85%] \x1b[32mBuilding CXX object CMakeFiles/duckietown_msgs__rosidl_typesupport_cpp.dir/rosidl_typesupport_cpp/duckietown_msgs/msg/anti_instagram_transform__type_support.cpp.o\x1b[0m\n'}
[196.866191] (-) TimerEvent: {}
[196.967236] (-) TimerEvent: {}
[197.072078] (-) TimerEvent: {}
[197.175162] (-) TimerEvent: {}
[197.236708] (duckietown_msgs) StdoutLine: {'line': b'[ 85%] \x1b[32mBuilding CXX object CMakeFiles/duckietown_msgs__rosidl_typesupport_cpp.dir/rosidl_typesupport_cpp/duckietown_msgs/msg/anti_instagram_transform_cb__type_support.cpp.o\x1b[0m\n'}
[197.278189] (-) TimerEvent: {}
[197.381095] (-) TimerEvent: {}
[197.490138] (-) TimerEvent: {}
[197.599191] (-) TimerEvent: {}
[197.647710] (duckietown_msgs) StdoutLine: {'line': b'[ 85%] \x1b[32mBuilding CXX object CMakeFiles/duckietown_msgs__rosidl_typesupport_cpp.dir/rosidl_typesupport_cpp/duckietown_msgs/msg/kinematics_weights__type_support.cpp.o\x1b[0m\n'}
[197.701260] (-) TimerEvent: {}
[197.804158] (-) TimerEvent: {}
[197.918179] (-) TimerEvent: {}
[198.020189] (-) TimerEvent: {}
[198.117554] (duckietown_msgs) StdoutLine: {'line': b'[ 85%] \x1b[32mBuilding CXX object CMakeFiles/duckietown_msgs__rosidl_typesupport_cpp.dir/rosidl_typesupport_cpp/duckietown_msgs/msg/kinematics_parameters__type_support.cpp.o\x1b[0m\n'}
[198.120399] (-) TimerEvent: {}
[198.228237] (-) TimerEvent: {}
[198.331781] (-) TimerEvent: {}
[198.433036] (-) TimerEvent: {}
[198.533624] (-) TimerEvent: {}
[198.537382] (duckietown_msgs) StdoutLine: {'line': b'[ 86%] \x1b[32mBuilding CXX object CMakeFiles/duckietown_msgs__rosidl_typesupport_cpp.dir/rosidl_typesupport_cpp/duckietown_msgs/msg/theta_dot_sample__type_support.cpp.o\x1b[0m\n'}
[198.640260] (-) TimerEvent: {}
[198.743331] (-) TimerEvent: {}
[198.847561] (-) TimerEvent: {}
[198.951527] (-) TimerEvent: {}
[199.052227] (-) TimerEvent: {}
[199.152825] (-) TimerEvent: {}
[199.212520] (duckietown_msgs) StdoutLine: {'line': b'[ 86%] \x1b[32mBuilding CXX object CMakeFiles/duckietown_msgs__rosidl_typesupport_cpp.dir/rosidl_typesupport_cpp/duckietown_msgs/msg/vsample__type_support.cpp.o\x1b[0m\n'}
[199.253389] (-) TimerEvent: {}
[199.364876] (-) TimerEvent: {}
[199.465281] (-) TimerEvent: {}
[199.568153] (-) TimerEvent: {}
[199.672148] (-) TimerEvent: {}
[199.775655] (-) TimerEvent: {}
[199.814779] (duckietown_msgs) StdoutLine: {'line': b'[ 86%] \x1b[32mBuilding CXX object CMakeFiles/duckietown_msgs__rosidl_typesupport_cpp.dir/rosidl_typesupport_cpp/duckietown_msgs/msg/trajectory__type_support.cpp.o\x1b[0m\n'}
[199.880525] (-) TimerEvent: {}
[199.986099] (-) TimerEvent: {}
[200.099281] (-) TimerEvent: {}
[200.220102] (-) TimerEvent: {}
[200.324586] (-) TimerEvent: {}
[200.425460] (-) TimerEvent: {}
[200.528969] (-) TimerEvent: {}
[200.639086] (-) TimerEvent: {}
[200.745198] (-) TimerEvent: {}
[200.846260] (-) TimerEvent: {}
[200.951687] (-) TimerEvent: {}
[200.975768] (duckietown_msgs) StdoutLine: {'line': b'[ 86%] \x1b[32mBuilding CXX object CMakeFiles/duckietown_msgs__rosidl_typesupport_cpp.dir/rosidl_typesupport_cpp/duckietown_msgs/msg/obstacle_type__type_support.cpp.o\x1b[0m\n'}
[201.054149] (-) TimerEvent: {}
[201.169162] (-) TimerEvent: {}
[201.279756] (-) TimerEvent: {}
[201.381074] (-) TimerEvent: {}
[201.491362] (-) TimerEvent: {}
[201.593461] (-) TimerEvent: {}
[201.702266] (-) TimerEvent: {}
[201.804168] (-) TimerEvent: {}
[201.882763] (duckietown_msgs) StdoutLine: {'line': b'[ 86%] \x1b[32mBuilding CXX object CMakeFiles/duckietown_msgs__rosidl_typesupport_cpp.dir/rosidl_typesupport_cpp/duckietown_msgs/msg/obstacle_image_detection__type_support.cpp.o\x1b[0m\n'}
[201.908415] (-) TimerEvent: {}
[202.009056] (-) TimerEvent: {}
[202.111170] (-) TimerEvent: {}
[202.215412] (-) TimerEvent: {}
[202.318339] (-) TimerEvent: {}
[202.422148] (-) TimerEvent: {}
[202.507228] (duckietown_msgs) StdoutLine: {'line': b'[ 87%] \x1b[32mBuilding CXX object CMakeFiles/duckietown_msgs__rosidl_typesupport_cpp.dir/rosidl_typesupport_cpp/duckietown_msgs/msg/obstacle_image_detection_list__type_support.cpp.o\x1b[0m\n'}
[202.525189] (-) TimerEvent: {}
[202.626367] (-) TimerEvent: {}
[202.731139] (-) TimerEvent: {}
[202.835120] (-) TimerEvent: {}
[202.938575] (-) TimerEvent: {}
[203.015261] (duckietown_msgs) StdoutLine: {'line': b'[ 87%] \x1b[32mBuilding CXX object CMakeFiles/duckietown_msgs__rosidl_typesupport_cpp.dir/rosidl_typesupport_cpp/duckietown_msgs/msg/obstacle_projected_detection__type_support.cpp.o\x1b[0m\n'}
[203.040200] (-) TimerEvent: {}
[203.145084] (-) TimerEvent: {}
[203.249168] (-) TimerEvent: {}
[203.352156] (-) TimerEvent: {}
[203.439516] (duckietown_msgs) StdoutLine: {'line': b'[ 87%] \x1b[32mBuilding CXX object CMakeFiles/duckietown_msgs__rosidl_typesupport_cpp.dir/rosidl_typesupport_cpp/duckietown_msgs/msg/obstacle_projected_detection_list__type_support.cpp.o\x1b[0m\n'}
[203.453108] (-) TimerEvent: {}
[203.558196] (-) TimerEvent: {}
[203.661121] (-) TimerEvent: {}
[203.764190] (-) TimerEvent: {}
[203.872279] (-) TimerEvent: {}
[203.975473] (-) TimerEvent: {}
[204.086981] (-) TimerEvent: {}
[204.139673] (duckietown_msgs) StdoutLine: {'line': b'[ 87%] \x1b[32mBuilding CXX object CMakeFiles/duckietown_msgs__rosidl_typesupport_cpp.dir/rosidl_typesupport_cpp/duckietown_msgs/msg/num__type_support.cpp.o\x1b[0m\n'}
[204.198708] (-) TimerEvent: {}
[204.302581] (-) TimerEvent: {}
[204.413966] (-) TimerEvent: {}
[204.515548] (-) TimerEvent: {}
[204.628223] (-) TimerEvent: {}
[204.737559] (-) TimerEvent: {}
[204.845486] (-) TimerEvent: {}
[204.969684] (-) TimerEvent: {}
[205.075451] (-) TimerEvent: {}
[205.195282] (-) TimerEvent: {}
[205.299202] (-) TimerEvent: {}
[205.425456] (-) TimerEvent: {}
[205.530365] (-) TimerEvent: {}
[205.636305] (-) TimerEvent: {}
[205.746033] (-) TimerEvent: {}
[205.870194] (-) TimerEvent: {}
[205.982325] (-) TimerEvent: {}
[206.083186] (-) TimerEvent: {}
[206.191872] (-) TimerEvent: {}
[206.303207] (-) TimerEvent: {}
[206.407081] (-) TimerEvent: {}
[206.508072] (-) TimerEvent: {}
[206.609404] (-) TimerEvent: {}
[206.716143] (-) TimerEvent: {}
[206.818085] (-) TimerEvent: {}
[206.923364] (-) TimerEvent: {}
[207.032486] (-) TimerEvent: {}
[207.133129] (-) TimerEvent: {}
[207.151126] (duckietown_msgs) StdoutLine: {'line': b'[ 87%] \x1b[32mBuilding CXX object CMakeFiles/duckietown_msgs__rosidl_typesupport_cpp.dir/rosidl_typesupport_cpp/duckietown_msgs/srv/set_fsm_state__type_support.cpp.o\x1b[0m\n'}
[207.239179] (-) TimerEvent: {}
[207.341173] (-) TimerEvent: {}
[207.442397] (-) TimerEvent: {}
[207.550287] (-) TimerEvent: {}
[207.661357] (-) TimerEvent: {}
[207.765280] (-) TimerEvent: {}
[207.867348] (-) TimerEvent: {}
[207.973613] (-) TimerEvent: {}
[208.074160] (-) TimerEvent: {}
[208.184295] (-) TimerEvent: {}
[208.255631] (duckietown_msgs) StdoutLine: {'line': b'[ 88%] \x1b[32mBuilding CXX object CMakeFiles/duckietown_msgs__rosidl_typesupport_cpp.dir/rosidl_typesupport_cpp/duckietown_msgs/srv/set_value__type_support.cpp.o\x1b[0m\n'}
[208.302130] (-) TimerEvent: {}
[208.406257] (-) TimerEvent: {}
[208.509565] (-) TimerEvent: {}
[208.613283] (-) TimerEvent: {}
[208.717213] (-) TimerEvent: {}
[208.798730] (duckietown_msgs) StdoutLine: {'line': b'[ 88%] \x1b[32mBuilding CXX object CMakeFiles/duckietown_msgs__rosidl_typesupport_cpp.dir/rosidl_typesupport_cpp/duckietown_msgs/srv/set_variable__type_support.cpp.o\x1b[0m\n'}
[208.820491] (-) TimerEvent: {}
[208.924998] (-) TimerEvent: {}
[209.035121] (-) TimerEvent: {}
[209.148755] (-) TimerEvent: {}
[209.255233] (-) TimerEvent: {}
[209.356280] (-) TimerEvent: {}
[209.460378] (-) TimerEvent: {}
[209.563216] (-) TimerEvent: {}
[209.677095] (-) TimerEvent: {}
[209.779210] (-) TimerEvent: {}
[209.803477] (duckietown_msgs) StdoutLine: {'line': b'[ 88%] \x1b[32mBuilding CXX object CMakeFiles/duckietown_msgs__rosidl_typesupport_cpp.dir/rosidl_typesupport_cpp/duckietown_msgs/srv/get_variable__type_support.cpp.o\x1b[0m\n'}
[209.904149] (-) TimerEvent: {}
[210.016102] (-) TimerEvent: {}
[210.131146] (-) TimerEvent: {}
[210.245171] (-) TimerEvent: {}
[210.349205] (-) TimerEvent: {}
[210.453482] (-) TimerEvent: {}
[210.546679] (duckietown_msgs) StdoutLine: {'line': b'[ 88%] \x1b[32m\x1b[1mLinking CXX shared library libduckietown_msgs__rosidl_typesupport_cpp.so\x1b[0m\n'}
[210.560256] (-) TimerEvent: {}
[210.661227] (-) TimerEvent: {}
[210.666065] (duckietown_msgs) StdoutLine: {'line': b'[ 88%] Built target duckietown_msgs__rosidl_typesupport_cpp\n'}
[210.722956] (duckietown_msgs) StdoutLine: {'line': b'[ 88%] Built target duckietown_msgs\n'}
[210.761417] (-) TimerEvent: {}
[210.784085] (duckietown_msgs) StdoutLine: {'line': b'[ 88%] Built target ament_cmake_python_symlink_duckietown_msgs\n'}
[210.864250] (-) TimerEvent: {}
[210.966176] (-) TimerEvent: {}
[211.069128] (-) TimerEvent: {}
[211.171115] (-) TimerEvent: {}
[211.173457] (duckietown_msgs) StdoutLine: {'line': b'running egg_info\n'}
[211.175774] (duckietown_msgs) StdoutLine: {'line': b'creating duckietown_msgs.egg-info\n'}
[211.175870] (duckietown_msgs) StdoutLine: {'line': b'writing duckietown_msgs.egg-info/PKG-INFO\n'}
[211.175931] (duckietown_msgs) StdoutLine: {'line': b'writing dependency_links to duckietown_msgs.egg-info/dependency_links.txt\n'}
[211.176013] (duckietown_msgs) StdoutLine: {'line': b'writing top-level names to duckietown_msgs.egg-info/top_level.txt\n'}
[211.183445] (duckietown_msgs) StdoutLine: {'line': b"writing manifest file 'duckietown_msgs.egg-info/SOURCES.txt'\n"}
[211.192698] (duckietown_msgs) StdoutLine: {'line': b"reading manifest file 'duckietown_msgs.egg-info/SOURCES.txt'\n"}
[211.193543] (duckietown_msgs) StdoutLine: {'line': b"writing manifest file 'duckietown_msgs.egg-info/SOURCES.txt'\n"}
[211.271422] (-) TimerEvent: {}
[211.301132] (duckietown_msgs) StdoutLine: {'line': b'[ 88%] Built target ament_cmake_python_build_duckietown_msgs_egg\n'}
[211.359318] (duckietown_msgs) StdoutLine: {'line': b'[ 88%] \x1b[34m\x1b[1mGenerating Python code for ROS interfaces\x1b[0m\n'}
[211.373170] (-) TimerEvent: {}
[211.479065] (-) TimerEvent: {}
[211.585300] (-) TimerEvent: {}
[211.690170] (-) TimerEvent: {}
[211.791087] (-) TimerEvent: {}
[211.895180] (-) TimerEvent: {}
[211.999371] (-) TimerEvent: {}
[212.102230] (-) TimerEvent: {}
[212.207660] (-) TimerEvent: {}
[212.309133] (-) TimerEvent: {}
[212.412094] (-) TimerEvent: {}
[212.514168] (-) TimerEvent: {}
[212.618122] (-) TimerEvent: {}
[212.720055] (-) TimerEvent: {}
[212.823253] (-) TimerEvent: {}
[212.925095] (-) TimerEvent: {}
[213.028111] (-) TimerEvent: {}
[213.131135] (-) TimerEvent: {}
[213.235100] (-) TimerEvent: {}
[213.338269] (-) TimerEvent: {}
[213.442052] (-) TimerEvent: {}
[213.544035] (-) TimerEvent: {}
[213.648269] (-) TimerEvent: {}
[213.751060] (-) TimerEvent: {}
[213.852097] (-) TimerEvent: {}
[213.954658] (-) TimerEvent: {}
[214.061292] (-) TimerEvent: {}
[214.163107] (-) TimerEvent: {}
[214.265218] (-) TimerEvent: {}
[214.370125] (-) TimerEvent: {}
[214.488059] (-) TimerEvent: {}
[214.588538] (-) TimerEvent: {}
[214.691069] (-) TimerEvent: {}
[214.793352] (-) TimerEvent: {}
[214.898041] (-) TimerEvent: {}
[215.001078] (-) TimerEvent: {}
[215.105099] (-) TimerEvent: {}
[215.208226] (-) TimerEvent: {}
[215.312025] (-) TimerEvent: {}
[215.415044] (-) TimerEvent: {}
[215.515629] (-) TimerEvent: {}
[215.622167] (-) TimerEvent: {}
[215.724173] (-) TimerEvent: {}
[215.829176] (-) TimerEvent: {}
[215.931303] (-) TimerEvent: {}
[216.032237] (-) TimerEvent: {}
[216.134399] (-) TimerEvent: {}
[216.235113] (-) TimerEvent: {}
[216.336164] (-) TimerEvent: {}
[216.442268] (-) TimerEvent: {}
[216.551415] (-) TimerEvent: {}
[216.655091] (-) TimerEvent: {}
[216.757163] (-) TimerEvent: {}
[216.862105] (-) TimerEvent: {}
[216.963279] (-) TimerEvent: {}
[217.067171] (-) TimerEvent: {}
[217.169231] (-) TimerEvent: {}
[217.269687] (-) TimerEvent: {}
[217.377351] (-) TimerEvent: {}
[217.486225] (-) TimerEvent: {}
[217.605148] (-) TimerEvent: {}
[217.708424] (-) TimerEvent: {}
[217.811579] (-) TimerEvent: {}
[217.917305] (-) TimerEvent: {}
[218.017917] (-) TimerEvent: {}
[218.133086] (-) TimerEvent: {}
[218.236289] (-) TimerEvent: {}
[218.350054] (-) TimerEvent: {}
[218.461433] (-) TimerEvent: {}
[218.567105] (-) TimerEvent: {}
[218.670125] (-) TimerEvent: {}
[218.772172] (-) TimerEvent: {}
[218.875098] (-) TimerEvent: {}
[218.980036] (-) TimerEvent: {}
[219.081388] (-) TimerEvent: {}
[219.187191] (-) TimerEvent: {}
[219.289276] (-) TimerEvent: {}
[219.394108] (-) TimerEvent: {}
[219.496158] (-) TimerEvent: {}
[219.598155] (-) TimerEvent: {}
[219.701335] (-) TimerEvent: {}
[219.804180] (-) TimerEvent: {}
[219.908182] (-) TimerEvent: {}
[220.010071] (-) TimerEvent: {}
[220.115300] (-) TimerEvent: {}
[220.217346] (-) TimerEvent: {}
[220.320170] (-) TimerEvent: {}
[220.424380] (-) TimerEvent: {}
[220.526102] (-) TimerEvent: {}
[220.631641] (-) TimerEvent: {}
[220.754251] (-) TimerEvent: {}
[220.856159] (-) TimerEvent: {}
[220.957163] (-) TimerEvent: {}
[221.061273] (-) TimerEvent: {}
[221.166316] (-) TimerEvent: {}
[221.269273] (-) TimerEvent: {}
[221.371089] (-) TimerEvent: {}
[221.474340] (-) TimerEvent: {}
[221.578154] (-) TimerEvent: {}
[221.680485] (-) TimerEvent: {}
[221.784161] (-) TimerEvent: {}
[221.888095] (-) TimerEvent: {}
[221.990207] (-) TimerEvent: {}
[222.092315] (-) TimerEvent: {}
[222.197053] (-) TimerEvent: {}
[222.298164] (-) TimerEvent: {}
[222.399083] (-) TimerEvent: {}
[222.503136] (-) TimerEvent: {}
[222.605474] (-) TimerEvent: {}
[222.708243] (-) TimerEvent: {}
[222.811122] (-) TimerEvent: {}
[222.911590] (-) TimerEvent: {}
[223.013289] (-) TimerEvent: {}
[223.124559] (-) TimerEvent: {}
[223.225286] (-) TimerEvent: {}
[223.327119] (-) TimerEvent: {}
[223.428230] (-) TimerEvent: {}
[223.529607] (-) TimerEvent: {}
[223.633320] (-) TimerEvent: {}
[223.734020] (-) TimerEvent: {}
[223.835132] (-) TimerEvent: {}
[223.936091] (-) TimerEvent: {}
[224.037281] (-) TimerEvent: {}
[224.146497] (-) TimerEvent: {}
[224.247385] (-) TimerEvent: {}
[224.353225] (-) TimerEvent: {}
[224.453708] (-) TimerEvent: {}
[224.557288] (-) TimerEvent: {}
[224.660148] (-) TimerEvent: {}
[224.664330] (duckietown_msgs) StdoutLine: {'line': b'[ 88%] Built target duckietown_msgs__py\n'}
[224.732624] (duckietown_msgs) StdoutLine: {'line': b'[ 88%] \x1b[32mBuilding C object CMakeFiles/duckietown_msgs__rosidl_generator_py.dir/rosidl_generator_py/duckietown_msgs/msg/_car_control_s.c.o\x1b[0m\n'}
[224.768576] (-) TimerEvent: {}
[224.869191] (-) TimerEvent: {}
[224.935660] (duckietown_msgs) StdoutLine: {'line': b'[ 89%] \x1b[32mBuilding C object CMakeFiles/duckietown_msgs__rosidl_generator_py.dir/rosidl_generator_py/duckietown_msgs/msg/_coordination_signal_s.c.o\x1b[0m\n'}
[224.971137] (-) TimerEvent: {}
[225.076255] (-) TimerEvent: {}
[225.176207] (duckietown_msgs) StdoutLine: {'line': b'[ 89%] \x1b[32mBuilding C object CMakeFiles/duckietown_msgs__rosidl_generator_py.dir/rosidl_generator_py/duckietown_msgs/msg/_coordination_signal_ethz17_s.c.o\x1b[0m\n'}
[225.176436] (-) TimerEvent: {}
[225.281155] (-) TimerEvent: {}
[225.385366] (-) TimerEvent: {}
[225.477533] (duckietown_msgs) StdoutLine: {'line': b'[ 89%] \x1b[32mBuilding C object CMakeFiles/duckietown_msgs__rosidl_generator_py.dir/rosidl_generator_py/duckietown_msgs/msg/_duckie_sensor_s.c.o\x1b[0m\n'}
[225.485581] (-) TimerEvent: {}
[225.593241] (-) TimerEvent: {}
[225.686260] (duckietown_msgs) StdoutLine: {'line': b'[ 89%] \x1b[32mBuilding C object CMakeFiles/duckietown_msgs__rosidl_generator_py.dir/rosidl_generator_py/duckietown_msgs/msg/_lane_pose_s.c.o\x1b[0m\n'}
[225.693383] (-) TimerEvent: {}
[225.796957] (-) TimerEvent: {}
[225.891230] (duckietown_msgs) StdoutLine: {'line': b'[ 89%] \x1b[32mBuilding C object CMakeFiles/duckietown_msgs__rosidl_generator_py.dir/rosidl_generator_py/duckietown_msgs/msg/_intersection_pose_s.c.o\x1b[0m\n'}
[225.903328] (-) TimerEvent: {}
[226.007359] (-) TimerEvent: {}
[226.110113] (-) TimerEvent: {}
[226.164499] (duckietown_msgs) StdoutLine: {'line': b'[ 90%] \x1b[32mBuilding C object CMakeFiles/duckietown_msgs__rosidl_generator_py.dir/rosidl_generator_py/duckietown_msgs/msg/_intersection_pose_img_s.c.o\x1b[0m\n'}
[226.214076] (-) TimerEvent: {}
[226.315089] (-) TimerEvent: {}
[226.359232] (duckietown_msgs) StdoutLine: {'line': b'[ 90%] \x1b[32mBuilding C object CMakeFiles/duckietown_msgs__rosidl_generator_py.dir/rosidl_generator_py/duckietown_msgs/msg/_intersection_pose_img_debug_s.c.o\x1b[0m\n'}
[226.419434] (-) TimerEvent: {}
[226.522121] (-) TimerEvent: {}
[226.606926] (duckietown_msgs) StdoutLine: {'line': b'[ 90%] \x1b[32mBuilding C object CMakeFiles/duckietown_msgs__rosidl_generator_py.dir/rosidl_generator_py/duckietown_msgs/msg/_turn_i_dand_type_s.c.o\x1b[0m\n'}
[226.627161] (-) TimerEvent: {}
[226.727563] (-) TimerEvent: {}
[226.791684] (duckietown_msgs) StdoutLine: {'line': b'[ 90%] \x1b[32mBuilding C object CMakeFiles/duckietown_msgs__rosidl_generator_py.dir/rosidl_generator_py/duckietown_msgs/msg/_led_detection_s.c.o\x1b[0m\n'}
[226.833128] (-) TimerEvent: {}
[226.936155] (-) TimerEvent: {}
[227.014152] (duckietown_msgs) StdoutLine: {'line': b'[ 90%] \x1b[32mBuilding C object CMakeFiles/duckietown_msgs__rosidl_generator_py.dir/rosidl_generator_py/duckietown_msgs/msg/_maintenance_state_s.c.o\x1b[0m\n'}
[227.039422] (-) TimerEvent: {}
[227.142166] (-) TimerEvent: {}
[227.216687] (duckietown_msgs) StdoutLine: {'line': b'[ 91%] \x1b[32mBuilding C object CMakeFiles/duckietown_msgs__rosidl_generator_py.dir/rosidl_generator_py/duckietown_msgs/msg/_led_detection_array_s.c.o\x1b[0m\n'}
[227.245642] (-) TimerEvent: {}
[227.346110] (-) TimerEvent: {}
[227.410839] (duckietown_msgs) StdoutLine: {'line': b'[ 91%] \x1b[32mBuilding C object CMakeFiles/duckietown_msgs__rosidl_generator_py.dir/rosidl_generator_py/duckietown_msgs/msg/_led_detection_debug_info_s.c.o\x1b[0m\n'}
[227.449352] (-) TimerEvent: {}
[227.552550] (-) TimerEvent: {}
[227.652921] (-) TimerEvent: {}
[227.687243] (duckietown_msgs) StdoutLine: {'line': b'[ 91%] \x1b[32mBuilding C object CMakeFiles/duckietown_msgs__rosidl_generator_py.dir/rosidl_generator_py/duckietown_msgs/msg/_wheels_cmd_s.c.o\x1b[0m\n'}
[227.760089] (-) TimerEvent: {}
[227.863119] (-) TimerEvent: {}
[227.866550] (duckietown_msgs) StdoutLine: {'line': b'[ 91%] \x1b[32mBuilding C object CMakeFiles/duckietown_msgs__rosidl_generator_py.dir/rosidl_generator_py/duckietown_msgs/msg/_wheels_cmd_stamped_s.c.o\x1b[0m\n'}
[227.965370] (-) TimerEvent: {}
[228.043470] (duckietown_msgs) StdoutLine: {'line': b'[ 91%] \x1b[32mBuilding C object CMakeFiles/duckietown_msgs__rosidl_generator_py.dir/rosidl_generator_py/duckietown_msgs/msg/_pose2_d_stamped_s.c.o\x1b[0m\n'}
[228.070424] (-) TimerEvent: {}
[228.172080] (-) TimerEvent: {}
[228.258860] (duckietown_msgs) StdoutLine: {'line': b'[ 92%] \x1b[32mBuilding C object CMakeFiles/duckietown_msgs__rosidl_generator_py.dir/rosidl_generator_py/duckietown_msgs/msg/_signals_detection_s.c.o\x1b[0m\n'}
[228.273148] (-) TimerEvent: {}
[228.378141] (-) TimerEvent: {}
[228.457443] (duckietown_msgs) StdoutLine: {'line': b'[ 92%] \x1b[32mBuilding C object CMakeFiles/duckietown_msgs__rosidl_generator_py.dir/rosidl_generator_py/duckietown_msgs/msg/_signals_detection_ethz17_s.c.o\x1b[0m\n'}
[228.483188] (-) TimerEvent: {}
[228.585107] (-) TimerEvent: {}
[228.633807] (duckietown_msgs) StdoutLine: {'line': b'[ 92%] \x1b[32mBuilding C object CMakeFiles/duckietown_msgs__rosidl_generator_py.dir/rosidl_generator_py/duckietown_msgs/msg/_twist2_d_stamped_s.c.o\x1b[0m\n'}
[228.689111] (-) TimerEvent: {}
[228.792194] (-) TimerEvent: {}
[228.827652] (duckietown_msgs) StdoutLine: {'line': b'[ 92%] \x1b[32mBuilding C object CMakeFiles/duckietown_msgs__rosidl_generator_py.dir/rosidl_generator_py/duckietown_msgs/msg/_twist2_d_stamped_ethz17_s.c.o\x1b[0m\n'}
[228.894392] (-) TimerEvent: {}
[228.998212] (-) TimerEvent: {}
[229.065254] (duckietown_msgs) StdoutLine: {'line': b'[ 92%] \x1b[32mBuilding C object CMakeFiles/duckietown_msgs__rosidl_generator_py.dir/rosidl_generator_py/duckietown_msgs/msg/_april_tag_detection_s.c.o\x1b[0m\n'}
[229.102740] (-) TimerEvent: {}
[229.206435] (-) TimerEvent: {}
[229.266615] (duckietown_msgs) StdoutLine: {'line': b'[ 93%] \x1b[32mBuilding C object CMakeFiles/duckietown_msgs__rosidl_generator_py.dir/rosidl_generator_py/duckietown_msgs/msg/_april_tag_detection_array_s.c.o\x1b[0m\n'}
[229.309110] (-) TimerEvent: {}
[229.411491] (-) TimerEvent: {}
[229.448462] (duckietown_msgs) StdoutLine: {'line': b'[ 93%] \x1b[32mBuilding C object CMakeFiles/duckietown_msgs__rosidl_generator_py.dir/rosidl_generator_py/duckietown_msgs/msg/_april_tags_with_infos_s.c.o\x1b[0m\n'}
[229.515161] (-) TimerEvent: {}
[229.616121] (-) TimerEvent: {}
[229.624425] (duckietown_msgs) StdoutLine: {'line': b'[ 93%] \x1b[32mBuilding C object CMakeFiles/duckietown_msgs__rosidl_generator_py.dir/rosidl_generator_py/duckietown_msgs/msg/_tag_info_s.c.o\x1b[0m\n'}
[229.721072] (-) TimerEvent: {}
[229.817325] (duckietown_msgs) StdoutLine: {'line': b'[ 93%] \x1b[32mBuilding C object CMakeFiles/duckietown_msgs__rosidl_generator_py.dir/rosidl_generator_py/duckietown_msgs/msg/_pixel_s.c.o\x1b[0m\n'}
[229.821179] (-) TimerEvent: {}
[229.947108] (-) TimerEvent: {}
[230.048467] (-) TimerEvent: {}
[230.153483] (-) TimerEvent: {}
[230.232105] (duckietown_msgs) StdoutLine: {'line': b'[ 93%] \x1b[32mBuilding C object CMakeFiles/duckietown_msgs__rosidl_generator_py.dir/rosidl_generator_py/duckietown_msgs/msg/_vector2_d_s.c.o\x1b[0m\n'}
[230.254820] (-) TimerEvent: {}
[230.358144] (-) TimerEvent: {}
[230.459567] (-) TimerEvent: {}
[230.560222] (-) TimerEvent: {}
[230.604106] (duckietown_msgs) StdoutLine: {'line': b'[ 94%] \x1b[32mBuilding C object CMakeFiles/duckietown_msgs__rosidl_generator_py.dir/rosidl_generator_py/duckietown_msgs/msg/_segment_s.c.o\x1b[0m\n'}
[230.677313] (-) TimerEvent: {}
[230.779200] (-) TimerEvent: {}
[230.882459] (-) TimerEvent: {}
[230.961925] (duckietown_msgs) StdoutLine: {'line': b'[ 94%] \x1b[32mBuilding C object CMakeFiles/duckietown_msgs__rosidl_generator_py.dir/rosidl_generator_py/duckietown_msgs/msg/_segment_list_s.c.o\x1b[0m\n'}
[230.987565] (-) TimerEvent: {}
[231.090112] (-) TimerEvent: {}
[231.167598] (duckietown_msgs) StdoutLine: {'line': b'[ 94%] \x1b[32mBuilding C object CMakeFiles/duckietown_msgs__rosidl_generator_py.dir/rosidl_generator_py/duckietown_msgs/msg/_rect_s.c.o\x1b[0m\n'}
[231.193549] (-) TimerEvent: {}
[231.295266] (-) TimerEvent: {}
[231.350498] (duckietown_msgs) StdoutLine: {'line': b'[ 94%] \x1b[32mBuilding C object CMakeFiles/duckietown_msgs__rosidl_generator_py.dir/rosidl_generator_py/duckietown_msgs/msg/_rects_s.c.o\x1b[0m\n'}
[231.399138] (-) TimerEvent: {}
[231.502347] (-) TimerEvent: {}
[231.539778] (duckietown_msgs) StdoutLine: {'line': b'[ 94%] \x1b[32mBuilding C object CMakeFiles/duckietown_msgs__rosidl_generator_py.dir/rosidl_generator_py/duckietown_msgs/msg/_scene_segments_s.c.o\x1b[0m\n'}
[231.606143] (-) TimerEvent: {}
[231.709388] (-) TimerEvent: {}
[231.715111] (duckietown_msgs) StdoutLine: {'line': b'[ 95%] \x1b[32mBuilding C object CMakeFiles/duckietown_msgs__rosidl_generator_py.dir/rosidl_generator_py/duckietown_msgs/msg/_source_target_nodes_s.c.o\x1b[0m\n'}
[231.813248] (-) TimerEvent: {}
[231.896194] (duckietown_msgs) StdoutLine: {'line': b'[ 95%] \x1b[32mBuilding C object CMakeFiles/duckietown_msgs__rosidl_generator_py.dir/rosidl_generator_py/duckietown_msgs/msg/_coordination_clearance_s.c.o\x1b[0m\n'}
[231.916460] (-) TimerEvent: {}
[232.019108] (-) TimerEvent: {}
[232.073705] (duckietown_msgs) StdoutLine: {'line': b'[ 95%] \x1b[32mBuilding C object CMakeFiles/duckietown_msgs__rosidl_generator_py.dir/rosidl_generator_py/duckietown_msgs/msg/_coordination_clearance_ethz17_s.c.o\x1b[0m\n'}
[232.121445] (-) TimerEvent: {}
[232.222180] (-) TimerEvent: {}
[232.247498] (duckietown_msgs) StdoutLine: {'line': b'[ 95%] \x1b[32mBuilding C object CMakeFiles/duckietown_msgs__rosidl_generator_py.dir/rosidl_generator_py/duckietown_msgs/msg/_vehicle_corners_s.c.o\x1b[0m\n'}
[232.330186] (-) TimerEvent: {}
[232.431151] (-) TimerEvent: {}
[232.441744] (duckietown_msgs) StdoutLine: {'line': b'[ 95%] \x1b[32mBuilding C object CMakeFiles/duckietown_msgs__rosidl_generator_py.dir/rosidl_generator_py/duckietown_msgs/msg/_vehicle_pose_s.c.o\x1b[0m\n'}
[232.536232] (-) TimerEvent: {}
[232.636756] (-) TimerEvent: {}
[232.650499] (duckietown_msgs) StdoutLine: {'line': b'[ 96%] \x1b[32mBuilding C object CMakeFiles/duckietown_msgs__rosidl_generator_py.dir/rosidl_generator_py/duckietown_msgs/msg/_fsm_state_s.c.o\x1b[0m\n'}
[232.744248] (-) TimerEvent: {}
[232.846180] (-) TimerEvent: {}
[232.850493] (duckietown_msgs) StdoutLine: {'line': b'[ 96%] \x1b[32mBuilding C object CMakeFiles/duckietown_msgs__rosidl_generator_py.dir/rosidl_generator_py/duckietown_msgs/msg/_bool_stamped_s.c.o\x1b[0m\n'}
[232.950405] (-) TimerEvent: {}
[233.047074] (duckietown_msgs) StdoutLine: {'line': b'[ 96%] \x1b[32mBuilding C object CMakeFiles/duckietown_msgs__rosidl_generator_py.dir/rosidl_generator_py/duckietown_msgs/msg/_bool_stamped_ethz17_s.c.o\x1b[0m\n'}
[233.051318] (-) TimerEvent: {}
[233.160908] (-) TimerEvent: {}
[233.252352] (duckietown_msgs) StdoutLine: {'line': b'[ 96%] \x1b[32mBuilding C object CMakeFiles/duckietown_msgs__rosidl_generator_py.dir/rosidl_generator_py/duckietown_msgs/msg/_stop_line_reading_s.c.o\x1b[0m\n'}
[233.263148] (-) TimerEvent: {}
[233.372219] (-) TimerEvent: {}
[233.435288] (duckietown_msgs) StdoutLine: {'line': b'[ 96%] \x1b[32mBuilding C object CMakeFiles/duckietown_msgs__rosidl_generator_py.dir/rosidl_generator_py/duckietown_msgs/msg/_led_interpreter_s.c.o\x1b[0m\n'}
[233.475474] (-) TimerEvent: {}
[233.576114] (-) TimerEvent: {}
[233.600160] (duckietown_msgs) StdoutLine: {'line': b'[ 97%] \x1b[32mBuilding C object CMakeFiles/duckietown_msgs__rosidl_generator_py.dir/rosidl_generator_py/duckietown_msgs/msg/_anti_instagram_health_s.c.o\x1b[0m\n'}
[233.678223] (-) TimerEvent: {}
[233.782092] (-) TimerEvent: {}
[233.812380] (duckietown_msgs) StdoutLine: {'line': b'[ 97%] \x1b[32mBuilding C object CMakeFiles/duckietown_msgs__rosidl_generator_py.dir/rosidl_generator_py/duckietown_msgs/msg/_anti_instagram_transform_s.c.o\x1b[0m\n'}
[233.888184] (-) TimerEvent: {}
[233.984392] (duckietown_msgs) StdoutLine: {'line': b'[ 97%] \x1b[32mBuilding C object CMakeFiles/duckietown_msgs__rosidl_generator_py.dir/rosidl_generator_py/duckietown_msgs/msg/_anti_instagram_transform_cb_s.c.o\x1b[0m\n'}
[233.988396] (-) TimerEvent: {}
[234.094190] (-) TimerEvent: {}
[234.181121] (duckietown_msgs) StdoutLine: {'line': b'[ 97%] \x1b[32mBuilding C object CMakeFiles/duckietown_msgs__rosidl_generator_py.dir/rosidl_generator_py/duckietown_msgs/msg/_kinematics_weights_s.c.o\x1b[0m\n'}
[234.196159] (-) TimerEvent: {}
[234.301412] (-) TimerEvent: {}
[234.376214] (duckietown_msgs) StdoutLine: {'line': b'[ 97%] \x1b[32mBuilding C object CMakeFiles/duckietown_msgs__rosidl_generator_py.dir/rosidl_generator_py/duckietown_msgs/msg/_kinematics_parameters_s.c.o\x1b[0m\n'}
[234.405512] (-) TimerEvent: {}
[234.516633] (-) TimerEvent: {}
[234.556786] (duckietown_msgs) StdoutLine: {'line': b'[ 98%] \x1b[32mBuilding C object CMakeFiles/duckietown_msgs__rosidl_generator_py.dir/rosidl_generator_py/duckietown_msgs/msg/_theta_dot_sample_s.c.o\x1b[0m\n'}
[234.620437] (-) TimerEvent: {}
[234.724130] (-) TimerEvent: {}
[234.729849] (duckietown_msgs) StdoutLine: {'line': b'[ 98%] \x1b[32mBuilding C object CMakeFiles/duckietown_msgs__rosidl_generator_py.dir/rosidl_generator_py/duckietown_msgs/msg/_vsample_s.c.o\x1b[0m\n'}
[234.826209] (-) TimerEvent: {}
[234.923507] (duckietown_msgs) StdoutLine: {'line': b'[ 98%] \x1b[32mBuilding C object CMakeFiles/duckietown_msgs__rosidl_generator_py.dir/rosidl_generator_py/duckietown_msgs/msg/_trajectory_s.c.o\x1b[0m\n'}
[234.926386] (-) TimerEvent: {}
[235.033431] (-) TimerEvent: {}
[235.122215] (duckietown_msgs) StdoutLine: {'line': b'[ 98%] \x1b[32mBuilding C object CMakeFiles/duckietown_msgs__rosidl_generator_py.dir/rosidl_generator_py/duckietown_msgs/msg/_obstacle_type_s.c.o\x1b[0m\n'}
[235.133555] (-) TimerEvent: {}
[235.240234] (-) TimerEvent: {}
[235.323449] (duckietown_msgs) StdoutLine: {'line': b'[ 98%] \x1b[32mBuilding C object CMakeFiles/duckietown_msgs__rosidl_generator_py.dir/rosidl_generator_py/duckietown_msgs/msg/_obstacle_image_detection_s.c.o\x1b[0m\n'}
[235.344257] (-) TimerEvent: {}
[235.447154] (-) TimerEvent: {}
[235.517897] (duckietown_msgs) StdoutLine: {'line': b'[ 99%] \x1b[32mBuilding C object CMakeFiles/duckietown_msgs__rosidl_generator_py.dir/rosidl_generator_py/duckietown_msgs/msg/_obstacle_image_detection_list_s.c.o\x1b[0m\n'}
[235.548344] (-) TimerEvent: {}
[235.653150] (-) TimerEvent: {}
[235.731410] (duckietown_msgs) StdoutLine: {'line': b'[ 99%] \x1b[32mBuilding C object CMakeFiles/duckietown_msgs__rosidl_generator_py.dir/rosidl_generator_py/duckietown_msgs/msg/_obstacle_projected_detection_s.c.o\x1b[0m\n'}
[235.756081] (-) TimerEvent: {}
[235.860070] (-) TimerEvent: {}
[235.925161] (duckietown_msgs) StdoutLine: {'line': b'[ 99%] \x1b[32mBuilding C object CMakeFiles/duckietown_msgs__rosidl_generator_py.dir/rosidl_generator_py/duckietown_msgs/msg/_obstacle_projected_detection_list_s.c.o\x1b[0m\n'}
[235.963160] (-) TimerEvent: {}
[236.066982] (-) TimerEvent: {}
[236.135653] (duckietown_msgs) StdoutLine: {'line': b'[ 99%] \x1b[32mBuilding C object CMakeFiles/duckietown_msgs__rosidl_generator_py.dir/rosidl_generator_py/duckietown_msgs/msg/_num_s.c.o\x1b[0m\n'}
[236.171249] (-) TimerEvent: {}
[236.272297] (-) TimerEvent: {}
[236.344134] (duckietown_msgs) StdoutLine: {'line': b'[ 99%] \x1b[32mBuilding C object CMakeFiles/duckietown_msgs__rosidl_generator_py.dir/rosidl_generator_py/duckietown_msgs/srv/_set_fsm_state_s.c.o\x1b[0m\n'}
[236.375096] (-) TimerEvent: {}
[236.518379] (-) TimerEvent: {}
[236.578443] (duckietown_msgs) StdoutLine: {'line': b'[100%] \x1b[32mBuilding C object CMakeFiles/duckietown_msgs__rosidl_generator_py.dir/rosidl_generator_py/duckietown_msgs/srv/_set_value_s.c.o\x1b[0m\n'}
[236.622182] (-) TimerEvent: {}
[236.725162] (-) TimerEvent: {}
[236.779733] (duckietown_msgs) StdoutLine: {'line': b'[100%] \x1b[32mBuilding C object CMakeFiles/duckietown_msgs__rosidl_generator_py.dir/rosidl_generator_py/duckietown_msgs/srv/_set_variable_s.c.o\x1b[0m\n'}
[236.828226] (-) TimerEvent: {}
[236.930104] (-) TimerEvent: {}
[236.969550] (duckietown_msgs) StdoutLine: {'line': b'[100%] \x1b[32mBuilding C object CMakeFiles/duckietown_msgs__rosidl_generator_py.dir/rosidl_generator_py/duckietown_msgs/srv/_get_variable_s.c.o\x1b[0m\n'}
[237.034125] (-) TimerEvent: {}
[237.134506] (-) TimerEvent: {}
[237.170729] (duckietown_msgs) StdoutLine: {'line': b'[100%] \x1b[32m\x1b[1mLinking C shared library rosidl_generator_py/duckietown_msgs/libduckietown_msgs__rosidl_generator_py.so\x1b[0m\n'}
[237.244253] (-) TimerEvent: {}
[237.330349] (duckietown_msgs) StdoutLine: {'line': b'[100%] Built target duckietown_msgs__rosidl_generator_py\n'}
[237.350200] (-) TimerEvent: {}
[237.388710] (duckietown_msgs) StdoutLine: {'line': b'[100%] \x1b[32mBuilding C object CMakeFiles/duckietown_msgs__rosidl_typesupport_fastrtps_c__pyext.dir/rosidl_generator_py/duckietown_msgs/_duckietown_msgs_s.ep.rosidl_typesupport_fastrtps_c.c.o\x1b[0m\n'}
[237.456717] (-) TimerEvent: {}
[237.560172] (-) TimerEvent: {}
[237.663172] (-) TimerEvent: {}
[237.766240] (-) TimerEvent: {}
[237.831127] (duckietown_msgs) StdoutLine: {'line': b'[100%] \x1b[32m\x1b[1mLinking C shared library rosidl_generator_py/duckietown_msgs/duckietown_msgs_s__rosidl_typesupport_fastrtps_c.cpython-310-x86_64-linux-gnu.so\x1b[0m\n'}
[237.866647] (-) TimerEvent: {}
[237.953645] (duckietown_msgs) StdoutLine: {'line': b'[100%] Built target duckietown_msgs__rosidl_typesupport_fastrtps_c__pyext\n'}
[237.969138] (-) TimerEvent: {}
[238.008694] (duckietown_msgs) StdoutLine: {'line': b'[100%] \x1b[32mBuilding C object CMakeFiles/duckietown_msgs__rosidl_typesupport_introspection_c__pyext.dir/rosidl_generator_py/duckietown_msgs/_duckietown_msgs_s.ep.rosidl_typesupport_introspection_c.c.o\x1b[0m\n'}
[238.074355] (-) TimerEvent: {}
[238.179132] (-) TimerEvent: {}
[238.281178] (-) TimerEvent: {}
[238.384443] (-) TimerEvent: {}
[238.448585] (duckietown_msgs) StdoutLine: {'line': b'[100%] \x1b[32m\x1b[1mLinking C shared library rosidl_generator_py/duckietown_msgs/duckietown_msgs_s__rosidl_typesupport_introspection_c.cpython-310-x86_64-linux-gnu.so\x1b[0m\n'}
[238.488684] (-) TimerEvent: {}
[238.547644] (duckietown_msgs) StdoutLine: {'line': b'[100%] Built target duckietown_msgs__rosidl_typesupport_introspection_c__pyext\n'}
[238.588990] (duckietown_msgs) StdoutLine: {'line': b'[100%] \x1b[32mBuilding C object CMakeFiles/duckietown_msgs__rosidl_typesupport_c__pyext.dir/rosidl_generator_py/duckietown_msgs/_duckietown_msgs_s.ep.rosidl_typesupport_c.c.o\x1b[0m\n'}
[238.589191] (-) TimerEvent: {}
[238.694409] (-) TimerEvent: {}
[238.797362] (-) TimerEvent: {}
[238.900458] (-) TimerEvent: {}
[239.003126] (-) TimerEvent: {}
[239.048479] (duckietown_msgs) StdoutLine: {'line': b'[100%] \x1b[32m\x1b[1mLinking C shared library rosidl_generator_py/duckietown_msgs/duckietown_msgs_s__rosidl_typesupport_c.cpython-310-x86_64-linux-gnu.so\x1b[0m\n'}
[239.107094] (-) TimerEvent: {}
[239.149969] (duckietown_msgs) StdoutLine: {'line': b'[100%] Built target duckietown_msgs__rosidl_typesupport_c__pyext\n'}
[239.190589] (duckietown_msgs) CommandEnded: {'returncode': 0}
[239.191036] (duckietown_msgs) JobProgress: {'identifier': 'duckietown_msgs', 'progress': 'install'}
[239.208320] (-) TimerEvent: {}
[239.214298] (duckietown_msgs) Command: {'cmd': ['/usr/bin/cmake', '--install', '/home/vboxuser/duckietown_ws/build/duckietown_msgs'], 'cwd': '/home/vboxuser/duckietown_ws/build/duckietown_msgs', 'env': OrderedDict([('LESSOPEN', '| /usr/bin/lesspipe %s'), ('USER', 'vboxuser'), ('XDG_SESSION_TYPE', 'wayland'), ('SHLVL', '1'), ('LD_LIBRARY_PATH', '/opt/ros/humble/lib/x86_64-linux-gnu:/opt/ros/humble/lib'), ('HOME', '/home/vboxuser'), ('OLDPWD', '/home/vboxuser/duckietown_ws'), ('DESKTOP_SESSION', 'ubuntu'), ('ROS_PYTHON_VERSION', '3'), ('GNOME_SHELL_SESSION_MODE', 'ubuntu'), ('GTK_MODULES', 'gail:atk-bridge'), ('SYSTEMD_EXEC_PID', '2071'), ('DBUS_SESSION_BUS_ADDRESS', 'unix:path=/run/user/1000/bus'), ('COLORTERM', 'truecolor'), ('IM_CONFIG_PHASE', '1'), ('WAYLAND_DISPLAY', 'wayland-0'), ('ROS_DISTRO', 'humble'), ('LOGNAME', 'vboxuser'), ('_', '/usr/bin/colcon'), ('ROS_VERSION', '2'), ('XDG_SESSION_CLASS', 'user'), ('USERNAME', 'vboxuser'), ('TERM', 'xterm-256color'), ('GNOME_DESKTOP_SESSION_ID', 'this-is-deprecated'), ('ROS_LOCALHOST_ONLY', '0'), ('PATH', '/opt/ros/humble/bin:/home/vboxuser/.local/bin:/usr/local/sbin:/usr/local/bin:/usr/sbin:/usr/bin:/sbin:/bin:/usr/games:/usr/local/games:/snap/bin:/snap/bin:/home/vboxuser/.local/bin:/home/vboxuser/.local/bin'), ('SESSION_MANAGER', 'local/ubuntu2204:@/tmp/.ICE-unix/1583,unix/ubuntu2204:/tmp/.ICE-unix/1583'), ('XDG_MENU_PREFIX', 'gnome-'), ('GNOME_TERMINAL_SCREEN', '/org/gnome/Terminal/screen/accff446_1ed2_4278_83cc_8344dd50a3d7'), ('GNOME_SETUP_DISPLAY', ':1'), ('XDG_RUNTIME_DIR', '/run/user/1000'), ('DISPLAY', ':0'), ('LANG', 'en_US.UTF-8'), ('XDG_CURRENT_DESKTOP', 'ubuntu:GNOME'), ('XMODIFIERS', '@im=ibus'), ('XDG_SESSION_DESKTOP', 'ubuntu'), ('XAUTHORITY', '/run/user/1000/.mutter-Xwaylandauth.WU9FN3'), ('LS_COLORS', 'rs=0:di=01;34:ln=01;36:mh=00:pi=40;33:so=01;35:do=01;35:bd=40;33;01:cd=40;33;01:or=40;31;01:mi=00:su=37;41:sg=30;43:ca=30;41:tw=30;42:ow=34;42:st=37;44:ex=01;32:*.tar=01;31:*.tgz=01;31:*.arc=01;31:*.arj=01;31:*.taz=01;31:*.lha=01;31:*.lz4=01;31:*.lzh=01;31:*.lzma=01;31:*.tlz=01;31:*.txz=01;31:*.tzo=01;31:*.t7z=01;31:*.zip=01;31:*.z=01;31:*.dz=01;31:*.gz=01;31:*.lrz=01;31:*.lz=01;31:*.lzo=01;31:*.xz=01;31:*.zst=01;31:*.tzst=01;31:*.bz2=01;31:*.bz=01;31:*.tbz=01;31:*.tbz2=01;31:*.tz=01;31:*.deb=01;31:*.rpm=01;31:*.jar=01;31:*.war=01;31:*.ear=01;31:*.sar=01;31:*.rar=01;31:*.alz=01;31:*.ace=01;31:*.zoo=01;31:*.cpio=01;31:*.7z=01;31:*.rz=01;31:*.cab=01;31:*.wim=01;31:*.swm=01;31:*.dwm=01;31:*.esd=01;31:*.jpg=01;35:*.jpeg=01;35:*.mjpg=01;35:*.mjpeg=01;35:*.gif=01;35:*.bmp=01;35:*.pbm=01;35:*.pgm=01;35:*.ppm=01;35:*.tga=01;35:*.xbm=01;35:*.xpm=01;35:*.tif=01;35:*.tiff=01;35:*.png=01;35:*.svg=01;35:*.svgz=01;35:*.mng=01;35:*.pcx=01;35:*.mov=01;35:*.mpg=01;35:*.mpeg=01;35:*.m2v=01;35:*.mkv=01;35:*.webm=01;35:*.webp=01;35:*.ogm=01;35:*.mp4=01;35:*.m4v=01;35:*.mp4v=01;35:*.vob=01;35:*.qt=01;35:*.nuv=01;35:*.wmv=01;35:*.asf=01;35:*.rm=01;35:*.rmvb=01;35:*.flc=01;35:*.avi=01;35:*.fli=01;35:*.flv=01;35:*.gl=01;35:*.dl=01;35:*.xcf=01;35:*.xwd=01;35:*.yuv=01;35:*.cgm=01;35:*.emf=01;35:*.ogv=01;35:*.ogx=01;35:*.aac=00;36:*.au=00;36:*.flac=00;36:*.m4a=00;36:*.mid=00;36:*.midi=00;36:*.mka=00;36:*.mp3=00;36:*.mpc=00;36:*.ogg=00;36:*.ra=00;36:*.wav=00;36:*.oga=00;36:*.opus=00;36:*.spx=00;36:*.xspf=00;36:'), ('GNOME_TERMINAL_SERVICE', ':1.92'), ('SSH_AGENT_LAUNCHER', 'gnome-keyring'), ('SSH_AUTH_SOCK', '/run/user/1000/keyring/ssh'), ('AMENT_PREFIX_PATH', '/opt/ros/humble'), ('SHELL', '/bin/bash'), ('QT_ACCESSIBILITY', '1'), ('GDMSESSION', 'ubuntu'), ('LESSCLOSE', '/usr/bin/lesspipe %s %s'), ('QT_IM_MODULE', 'ibus'), ('PWD', '/home/vboxuser/duckietown_ws/build/duckietown_msgs'), ('XDG_CONFIG_DIRS', '/etc/xdg/xdg-ubuntu:/etc/xdg'), ('XDG_DATA_DIRS', '/usr/share/ubuntu:/usr/local/share/:/usr/share/:/var/lib/snapd/desktop'), ('PYTHONPATH', '/opt/ros/humble/lib/python3.10/site-packages:/opt/ros/humble/local/lib/python3.10/dist-packages'), ('COLCON', '1'), ('VTE_VERSION', '6800'), ('CMAKE_PREFIX_PATH', '/opt/ros/humble')]), 'shell': False}
[239.234294] (duckietown_msgs) StdoutLine: {'line': b'-- Install configuration: ""\n'}
[239.235401] (duckietown_msgs) StdoutLine: {'line': b'-- Execute custom install script\n'}
[239.235515] (duckietown_msgs) StdoutLine: {'line': b'-- Symlinking: /home/vboxuser/duckietown_ws/install/duckietown_msgs/share/ament_index/resource_index/rosidl_interfaces/duckietown_msgs\n'}
[239.266837] (duckietown_msgs) StdoutLine: {'line': b'-- Symlinking: /home/vboxuser/duckietown_ws/install/duckietown_msgs/include/duckietown_msgs/duckietown_msgs/msg/anti_instagram_health.h\n'}
[239.284588] (duckietown_msgs) StdoutLine: {'line': b'-- Symlinking: /home/vboxuser/duckietown_ws/install/duckietown_msgs/include/duckietown_msgs/duckietown_msgs/msg/anti_instagram_transform.h\n'}
[239.311411] (-) TimerEvent: {}
[239.318592] (duckietown_msgs) StdoutLine: {'line': b'-- Symlinking: /home/vboxuser/duckietown_ws/install/duckietown_msgs/include/duckietown_msgs/duckietown_msgs/msg/anti_instagram_transform_cb.h\n'}
[239.337945] (duckietown_msgs) StdoutLine: {'line': b'-- Symlinking: /home/vboxuser/duckietown_ws/install/duckietown_msgs/include/duckietown_msgs/duckietown_msgs/msg/april_tag_detection.h\n'}
[239.366421] (duckietown_msgs) StdoutLine: {'line': b'-- Symlinking: /home/vboxuser/duckietown_ws/install/duckietown_msgs/include/duckietown_msgs/duckietown_msgs/msg/april_tag_detection_array.h\n'}
[239.384580] (duckietown_msgs) StdoutLine: {'line': b'-- Symlinking: /home/vboxuser/duckietown_ws/install/duckietown_msgs/include/duckietown_msgs/duckietown_msgs/msg/april_tags_with_infos.h\n'}
[239.404043] (duckietown_msgs) StdoutLine: {'line': b'-- Symlinking: /home/vboxuser/duckietown_ws/install/duckietown_msgs/include/duckietown_msgs/duckietown_msgs/msg/bool_stamped.h\n'}
[239.418000] (-) TimerEvent: {}
[239.421980] (duckietown_msgs) StdoutLine: {'line': b'-- Symlinking: /home/vboxuser/duckietown_ws/install/duckietown_msgs/include/duckietown_msgs/duckietown_msgs/msg/bool_stamped_ethz17.h\n'}
[239.439807] (duckietown_msgs) StdoutLine: {'line': b'-- Symlinking: /home/vboxuser/duckietown_ws/install/duckietown_msgs/include/duckietown_msgs/duckietown_msgs/msg/car_control.h\n'}
[239.466454] (duckietown_msgs) StdoutLine: {'line': b'-- Symlinking: /home/vboxuser/duckietown_ws/install/duckietown_msgs/include/duckietown_msgs/duckietown_msgs/msg/coordination_clearance.h\n'}
[239.483805] (duckietown_msgs) StdoutLine: {'line': b'-- Symlinking: /home/vboxuser/duckietown_ws/install/duckietown_msgs/include/duckietown_msgs/duckietown_msgs/msg/coordination_clearance_ethz17.h\n'}
[239.501107] (duckietown_msgs) StdoutLine: {'line': b'-- Symlinking: /home/vboxuser/duckietown_ws/install/duckietown_msgs/include/duckietown_msgs/duckietown_msgs/msg/coordination_signal.h\n'}
[239.517513] (duckietown_msgs) StdoutLine: {'line': b'-- Symlinking: /home/vboxuser/duckietown_ws/install/duckietown_msgs/include/duckietown_msgs/duckietown_msgs/msg/coordination_signal_ethz17.h\n'}
[239.519129] (-) TimerEvent: {}
[239.536674] (duckietown_msgs) StdoutLine: {'line': b'-- Symlinking: /home/vboxuser/duckietown_ws/install/duckietown_msgs/include/duckietown_msgs/duckietown_msgs/msg/detail/anti_instagram_health__functions.h\n'}
[239.564866] (duckietown_msgs) StdoutLine: {'line': b'-- Symlinking: /home/vboxuser/duckietown_ws/install/duckietown_msgs/include/duckietown_msgs/duckietown_msgs/msg/detail/anti_instagram_health__struct.h\n'}
[239.583859] (duckietown_msgs) StdoutLine: {'line': b'-- Symlinking: /home/vboxuser/duckietown_ws/install/duckietown_msgs/include/duckietown_msgs/duckietown_msgs/msg/detail/anti_instagram_health__type_support.h\n'}
[239.600345] (duckietown_msgs) StdoutLine: {'line': b'-- Symlinking: /home/vboxuser/duckietown_ws/install/duckietown_msgs/include/duckietown_msgs/duckietown_msgs/msg/detail/anti_instagram_transform__functions.h\n'}
[239.616693] (duckietown_msgs) StdoutLine: {'line': b'-- Symlinking: /home/vboxuser/duckietown_ws/install/duckietown_msgs/include/duckietown_msgs/duckietown_msgs/msg/detail/anti_instagram_transform__struct.h\n'}
[239.619995] (-) TimerEvent: {}
[239.635331] (duckietown_msgs) StdoutLine: {'line': b'-- Symlinking: /home/vboxuser/duckietown_ws/install/duckietown_msgs/include/duckietown_msgs/duckietown_msgs/msg/detail/anti_instagram_transform__type_support.h\n'}
[239.661676] (duckietown_msgs) StdoutLine: {'line': b'-- Symlinking: /home/vboxuser/duckietown_ws/install/duckietown_msgs/include/duckietown_msgs/duckietown_msgs/msg/detail/anti_instagram_transform_cb__functions.h\n'}
[239.681122] (duckietown_msgs) StdoutLine: {'line': b'-- Symlinking: /home/vboxuser/duckietown_ws/install/duckietown_msgs/include/duckietown_msgs/duckietown_msgs/msg/detail/anti_instagram_transform_cb__struct.h\n'}
[239.695006] (duckietown_msgs) StdoutLine: {'line': b'-- Symlinking: /home/vboxuser/duckietown_ws/install/duckietown_msgs/include/duckietown_msgs/duckietown_msgs/msg/detail/anti_instagram_transform_cb__type_support.h\n'}
[239.713034] (duckietown_msgs) StdoutLine: {'line': b'-- Symlinking: /home/vboxuser/duckietown_ws/install/duckietown_msgs/include/duckietown_msgs/duckietown_msgs/msg/detail/april_tag_detection__functions.h\n'}
[239.721070] (-) TimerEvent: {}
[239.735316] (duckietown_msgs) StdoutLine: {'line': b'-- Symlinking: /home/vboxuser/duckietown_ws/install/duckietown_msgs/include/duckietown_msgs/duckietown_msgs/msg/detail/april_tag_detection__struct.h\n'}
[239.762326] (duckietown_msgs) StdoutLine: {'line': b'-- Symlinking: /home/vboxuser/duckietown_ws/install/duckietown_msgs/include/duckietown_msgs/duckietown_msgs/msg/detail/april_tag_detection__type_support.h\n'}
[239.780299] (duckietown_msgs) StdoutLine: {'line': b'-- Symlinking: /home/vboxuser/duckietown_ws/install/duckietown_msgs/include/duckietown_msgs/duckietown_msgs/msg/detail/april_tag_detection_array__functions.h\n'}
[239.795208] (duckietown_msgs) StdoutLine: {'line': b'-- Symlinking: /home/vboxuser/duckietown_ws/install/duckietown_msgs/include/duckietown_msgs/duckietown_msgs/msg/detail/april_tag_detection_array__struct.h\n'}
[239.812722] (duckietown_msgs) StdoutLine: {'line': b'-- Symlinking: /home/vboxuser/duckietown_ws/install/duckietown_msgs/include/duckietown_msgs/duckietown_msgs/msg/detail/april_tag_detection_array__type_support.h\n'}
[239.822030] (-) TimerEvent: {}
[239.828445] (duckietown_msgs) StdoutLine: {'line': b'-- Symlinking: /home/vboxuser/duckietown_ws/install/duckietown_msgs/include/duckietown_msgs/duckietown_msgs/msg/detail/april_tags_with_infos__functions.h\n'}
[239.846557] (duckietown_msgs) StdoutLine: {'line': b'-- Symlinking: /home/vboxuser/duckietown_ws/install/duckietown_msgs/include/duckietown_msgs/duckietown_msgs/msg/detail/april_tags_with_infos__struct.h\n'}
[239.873924] (duckietown_msgs) StdoutLine: {'line': b'-- Symlinking: /home/vboxuser/duckietown_ws/install/duckietown_msgs/include/duckietown_msgs/duckietown_msgs/msg/detail/april_tags_with_infos__type_support.h\n'}
[239.896760] (duckietown_msgs) StdoutLine: {'line': b'-- Symlinking: /home/vboxuser/duckietown_ws/install/duckietown_msgs/include/duckietown_msgs/duckietown_msgs/msg/detail/bool_stamped__functions.h\n'}
[239.913116] (duckietown_msgs) StdoutLine: {'line': b'-- Symlinking: /home/vboxuser/duckietown_ws/install/duckietown_msgs/include/duckietown_msgs/duckietown_msgs/msg/detail/bool_stamped__struct.h\n'}
[239.926096] (-) TimerEvent: {}
[239.932086] (duckietown_msgs) StdoutLine: {'line': b'-- Symlinking: /home/vboxuser/duckietown_ws/install/duckietown_msgs/include/duckietown_msgs/duckietown_msgs/msg/detail/bool_stamped__type_support.h\n'}
[239.958659] (duckietown_msgs) StdoutLine: {'line': b'-- Symlinking: /home/vboxuser/duckietown_ws/install/duckietown_msgs/include/duckietown_msgs/duckietown_msgs/msg/detail/bool_stamped_ethz17__functions.h\n'}
[239.977006] (duckietown_msgs) StdoutLine: {'line': b'-- Symlinking: /home/vboxuser/duckietown_ws/install/duckietown_msgs/include/duckietown_msgs/duckietown_msgs/msg/detail/bool_stamped_ethz17__struct.h\n'}
[239.993766] (duckietown_msgs) StdoutLine: {'line': b'-- Symlinking: /home/vboxuser/duckietown_ws/install/duckietown_msgs/include/duckietown_msgs/duckietown_msgs/msg/detail/bool_stamped_ethz17__type_support.h\n'}
[240.010623] (duckietown_msgs) StdoutLine: {'line': b'-- Symlinking: /home/vboxuser/duckietown_ws/install/duckietown_msgs/include/duckietown_msgs/duckietown_msgs/msg/detail/car_control__functions.h\n'}
[240.028059] (duckietown_msgs) StdoutLine: {'line': b'-- Symlinking: /home/vboxuser/duckietown_ws/install/duckietown_msgs/include/duckietown_msgs/duckietown_msgs/msg/detail/car_control__struct.h\n'}
[240.028251] (-) TimerEvent: {}
[240.043430] (duckietown_msgs) StdoutLine: {'line': b'-- Symlinking: /home/vboxuser/duckietown_ws/install/duckietown_msgs/include/duckietown_msgs/duckietown_msgs/msg/detail/car_control__type_support.h\n'}
[240.069634] (duckietown_msgs) StdoutLine: {'line': b'-- Symlinking: /home/vboxuser/duckietown_ws/install/duckietown_msgs/include/duckietown_msgs/duckietown_msgs/msg/detail/coordination_clearance__functions.h\n'}
[240.087679] (duckietown_msgs) StdoutLine: {'line': b'-- Symlinking: /home/vboxuser/duckietown_ws/install/duckietown_msgs/include/duckietown_msgs/duckietown_msgs/msg/detail/coordination_clearance__struct.h\n'}
[240.109416] (duckietown_msgs) StdoutLine: {'line': b'-- Symlinking: /home/vboxuser/duckietown_ws/install/duckietown_msgs/include/duckietown_msgs/duckietown_msgs/msg/detail/coordination_clearance__type_support.h\n'}
[240.123480] (duckietown_msgs) StdoutLine: {'line': b'-- Symlinking: /home/vboxuser/duckietown_ws/install/duckietown_msgs/include/duckietown_msgs/duckietown_msgs/msg/detail/coordination_clearance_ethz17__functions.h\n'}
[240.133199] (-) TimerEvent: {}
[240.141125] (duckietown_msgs) StdoutLine: {'line': b'-- Symlinking: /home/vboxuser/duckietown_ws/install/duckietown_msgs/include/duckietown_msgs/duckietown_msgs/msg/detail/coordination_clearance_ethz17__struct.h\n'}
[240.176995] (duckietown_msgs) StdoutLine: {'line': b'-- Symlinking: /home/vboxuser/duckietown_ws/install/duckietown_msgs/include/duckietown_msgs/duckietown_msgs/msg/detail/coordination_clearance_ethz17__type_support.h\n'}
[240.208632] (duckietown_msgs) StdoutLine: {'line': b'-- Symlinking: /home/vboxuser/duckietown_ws/install/duckietown_msgs/include/duckietown_msgs/duckietown_msgs/msg/detail/coordination_signal__functions.h\n'}
[240.226735] (duckietown_msgs) StdoutLine: {'line': b'-- Symlinking: /home/vboxuser/duckietown_ws/install/duckietown_msgs/include/duckietown_msgs/duckietown_msgs/msg/detail/coordination_signal__struct.h\n'}
[240.236099] (-) TimerEvent: {}
[240.242075] (duckietown_msgs) StdoutLine: {'line': b'-- Symlinking: /home/vboxuser/duckietown_ws/install/duckietown_msgs/include/duckietown_msgs/duckietown_msgs/msg/detail/coordination_signal__type_support.h\n'}
[240.261393] (duckietown_msgs) StdoutLine: {'line': b'-- Symlinking: /home/vboxuser/duckietown_ws/install/duckietown_msgs/include/duckietown_msgs/duckietown_msgs/msg/detail/coordination_signal_ethz17__functions.h\n'}
[240.292245] (duckietown_msgs) StdoutLine: {'line': b'-- Symlinking: /home/vboxuser/duckietown_ws/install/duckietown_msgs/include/duckietown_msgs/duckietown_msgs/msg/detail/coordination_signal_ethz17__struct.h\n'}
[240.309825] (duckietown_msgs) StdoutLine: {'line': b'-- Symlinking: /home/vboxuser/duckietown_ws/install/duckietown_msgs/include/duckietown_msgs/duckietown_msgs/msg/detail/coordination_signal_ethz17__type_support.h\n'}
[240.336556] (duckietown_msgs) StdoutLine: {'line': b'-- Symlinking: /home/vboxuser/duckietown_ws/install/duckietown_msgs/include/duckietown_msgs/duckietown_msgs/msg/detail/duckie_sensor__functions.h\n'}
[240.336764] (-) TimerEvent: {}
[240.355589] (duckietown_msgs) StdoutLine: {'line': b'-- Symlinking: /home/vboxuser/duckietown_ws/install/duckietown_msgs/include/duckietown_msgs/duckietown_msgs/msg/detail/duckie_sensor__struct.h\n'}
[240.387604] (duckietown_msgs) StdoutLine: {'line': b'-- Symlinking: /home/vboxuser/duckietown_ws/install/duckietown_msgs/include/duckietown_msgs/duckietown_msgs/msg/detail/duckie_sensor__type_support.h\n'}
[240.405299] (duckietown_msgs) StdoutLine: {'line': b'-- Symlinking: /home/vboxuser/duckietown_ws/install/duckietown_msgs/include/duckietown_msgs/duckietown_msgs/msg/detail/fsm_state__functions.h\n'}
[240.423606] (duckietown_msgs) StdoutLine: {'line': b'-- Symlinking: /home/vboxuser/duckietown_ws/install/duckietown_msgs/include/duckietown_msgs/duckietown_msgs/msg/detail/fsm_state__struct.h\n'}
[240.440344] (duckietown_msgs) StdoutLine: {'line': b'-- Symlinking: /home/vboxuser/duckietown_ws/install/duckietown_msgs/include/duckietown_msgs/duckietown_msgs/msg/detail/fsm_state__type_support.h\n'}
[240.440522] (-) TimerEvent: {}
[240.456510] (duckietown_msgs) StdoutLine: {'line': b'-- Symlinking: /home/vboxuser/duckietown_ws/install/duckietown_msgs/include/duckietown_msgs/duckietown_msgs/msg/detail/intersection_pose__functions.h\n'}
[240.496904] (duckietown_msgs) StdoutLine: {'line': b'-- Symlinking: /home/vboxuser/duckietown_ws/install/duckietown_msgs/include/duckietown_msgs/duckietown_msgs/msg/detail/intersection_pose__struct.h\n'}
[240.513847] (duckietown_msgs) StdoutLine: {'line': b'-- Symlinking: /home/vboxuser/duckietown_ws/install/duckietown_msgs/include/duckietown_msgs/duckietown_msgs/msg/detail/intersection_pose__type_support.h\n'}
[240.531984] (duckietown_msgs) StdoutLine: {'line': b'-- Symlinking: /home/vboxuser/duckietown_ws/install/duckietown_msgs/include/duckietown_msgs/duckietown_msgs/msg/detail/intersection_pose_img__functions.h\n'}
[240.544022] (-) TimerEvent: {}
[240.548144] (duckietown_msgs) StdoutLine: {'line': b'-- Symlinking: /home/vboxuser/duckietown_ws/install/duckietown_msgs/include/duckietown_msgs/duckietown_msgs/msg/detail/intersection_pose_img__struct.h\n'}
[240.565084] (duckietown_msgs) StdoutLine: {'line': b'-- Symlinking: /home/vboxuser/duckietown_ws/install/duckietown_msgs/include/duckietown_msgs/duckietown_msgs/msg/detail/intersection_pose_img__type_support.h\n'}
[240.590177] (duckietown_msgs) StdoutLine: {'line': b'-- Symlinking: /home/vboxuser/duckietown_ws/install/duckietown_msgs/include/duckietown_msgs/duckietown_msgs/msg/detail/intersection_pose_img_debug__functions.h\n'}
[240.607331] (duckietown_msgs) StdoutLine: {'line': b'-- Symlinking: /home/vboxuser/duckietown_ws/install/duckietown_msgs/include/duckietown_msgs/duckietown_msgs/msg/detail/intersection_pose_img_debug__struct.h\n'}
[240.624499] (duckietown_msgs) StdoutLine: {'line': b'-- Symlinking: /home/vboxuser/duckietown_ws/install/duckietown_msgs/include/duckietown_msgs/duckietown_msgs/msg/detail/intersection_pose_img_debug__type_support.h\n'}
[240.642603] (duckietown_msgs) StdoutLine: {'line': b'-- Symlinking: /home/vboxuser/duckietown_ws/install/duckietown_msgs/include/duckietown_msgs/duckietown_msgs/msg/detail/kinematics_parameters__functions.h\n'}
[240.645006] (-) TimerEvent: {}
[240.660285] (duckietown_msgs) StdoutLine: {'line': b'-- Symlinking: /home/vboxuser/duckietown_ws/install/duckietown_msgs/include/duckietown_msgs/duckietown_msgs/msg/detail/kinematics_parameters__struct.h\n'}
[240.686261] (duckietown_msgs) StdoutLine: {'line': b'-- Symlinking: /home/vboxuser/duckietown_ws/install/duckietown_msgs/include/duckietown_msgs/duckietown_msgs/msg/detail/kinematics_parameters__type_support.h\n'}
[240.705164] (duckietown_msgs) StdoutLine: {'line': b'-- Symlinking: /home/vboxuser/duckietown_ws/install/duckietown_msgs/include/duckietown_msgs/duckietown_msgs/msg/detail/kinematics_weights__functions.h\n'}
[240.724518] (duckietown_msgs) StdoutLine: {'line': b'-- Symlinking: /home/vboxuser/duckietown_ws/install/duckietown_msgs/include/duckietown_msgs/duckietown_msgs/msg/detail/kinematics_weights__struct.h\n'}
[240.744103] (duckietown_msgs) StdoutLine: {'line': b'-- Symlinking: /home/vboxuser/duckietown_ws/install/duckietown_msgs/include/duckietown_msgs/duckietown_msgs/msg/detail/kinematics_weights__type_support.h\n'}
[240.745503] (-) TimerEvent: {}
[240.761641] (duckietown_msgs) StdoutLine: {'line': b'-- Symlinking: /home/vboxuser/duckietown_ws/install/duckietown_msgs/include/duckietown_msgs/duckietown_msgs/msg/detail/lane_pose__functions.h\n'}
[240.780095] (duckietown_msgs) StdoutLine: {'line': b'-- Symlinking: /home/vboxuser/duckietown_ws/install/duckietown_msgs/include/duckietown_msgs/duckietown_msgs/msg/detail/lane_pose__struct.h\n'}
[240.805807] (duckietown_msgs) StdoutLine: {'line': b'-- Symlinking: /home/vboxuser/duckietown_ws/install/duckietown_msgs/include/duckietown_msgs/duckietown_msgs/msg/detail/lane_pose__type_support.h\n'}
[240.822136] (duckietown_msgs) StdoutLine: {'line': b'-- Symlinking: /home/vboxuser/duckietown_ws/install/duckietown_msgs/include/duckietown_msgs/duckietown_msgs/msg/detail/led_detection__functions.h\n'}
[240.838004] (duckietown_msgs) StdoutLine: {'line': b'-- Symlinking: /home/vboxuser/duckietown_ws/install/duckietown_msgs/include/duckietown_msgs/duckietown_msgs/msg/detail/led_detection__struct.h\n'}
[240.849164] (-) TimerEvent: {}
[240.855320] (duckietown_msgs) StdoutLine: {'line': b'-- Symlinking: /home/vboxuser/duckietown_ws/install/duckietown_msgs/include/duckietown_msgs/duckietown_msgs/msg/detail/led_detection__type_support.h\n'}
[240.872558] (duckietown_msgs) StdoutLine: {'line': b'-- Symlinking: /home/vboxuser/duckietown_ws/install/duckietown_msgs/include/duckietown_msgs/duckietown_msgs/msg/detail/led_detection_array__functions.h\n'}
[240.902981] (duckietown_msgs) StdoutLine: {'line': b'-- Symlinking: /home/vboxuser/duckietown_ws/install/duckietown_msgs/include/duckietown_msgs/duckietown_msgs/msg/detail/led_detection_array__struct.h\n'}
[240.921930] (duckietown_msgs) StdoutLine: {'line': b'-- Symlinking: /home/vboxuser/duckietown_ws/install/duckietown_msgs/include/duckietown_msgs/duckietown_msgs/msg/detail/led_detection_array__type_support.h\n'}
[240.950182] (duckietown_msgs) StdoutLine: {'line': b'-- Symlinking: /home/vboxuser/duckietown_ws/install/duckietown_msgs/include/duckietown_msgs/duckietown_msgs/msg/detail/led_detection_debug_info__functions.h\n'}
[240.950395] (-) TimerEvent: {}
[240.966652] (duckietown_msgs) StdoutLine: {'line': b'-- Symlinking: /home/vboxuser/duckietown_ws/install/duckietown_msgs/include/duckietown_msgs/duckietown_msgs/msg/detail/led_detection_debug_info__struct.h\n'}
[240.993153] (duckietown_msgs) StdoutLine: {'line': b'-- Symlinking: /home/vboxuser/duckietown_ws/install/duckietown_msgs/include/duckietown_msgs/duckietown_msgs/msg/detail/led_detection_debug_info__type_support.h\n'}
[241.012584] (duckietown_msgs) StdoutLine: {'line': b'-- Symlinking: /home/vboxuser/duckietown_ws/install/duckietown_msgs/include/duckietown_msgs/duckietown_msgs/msg/detail/led_interpreter__functions.h\n'}
[241.030055] (duckietown_msgs) StdoutLine: {'line': b'-- Symlinking: /home/vboxuser/duckietown_ws/install/duckietown_msgs/include/duckietown_msgs/duckietown_msgs/msg/detail/led_interpreter__struct.h\n'}
[241.044337] (duckietown_msgs) StdoutLine: {'line': b'-- Symlinking: /home/vboxuser/duckietown_ws/install/duckietown_msgs/include/duckietown_msgs/duckietown_msgs/msg/detail/led_interpreter__type_support.h\n'}
[241.051061] (-) TimerEvent: {}
[241.062077] (duckietown_msgs) StdoutLine: {'line': b'-- Symlinking: /home/vboxuser/duckietown_ws/install/duckietown_msgs/include/duckietown_msgs/duckietown_msgs/msg/detail/maintenance_state__functions.h\n'}
[241.079343] (duckietown_msgs) StdoutLine: {'line': b'-- Symlinking: /home/vboxuser/duckietown_ws/install/duckietown_msgs/include/duckietown_msgs/duckietown_msgs/msg/detail/maintenance_state__struct.h\n'}
[241.106497] (duckietown_msgs) StdoutLine: {'line': b'-- Symlinking: /home/vboxuser/duckietown_ws/install/duckietown_msgs/include/duckietown_msgs/duckietown_msgs/msg/detail/maintenance_state__type_support.h\n'}
[241.125207] (duckietown_msgs) StdoutLine: {'line': b'-- Symlinking: /home/vboxuser/duckietown_ws/install/duckietown_msgs/include/duckietown_msgs/duckietown_msgs/msg/detail/num__functions.h\n'}
[241.140886] (duckietown_msgs) StdoutLine: {'line': b'-- Symlinking: /home/vboxuser/duckietown_ws/install/duckietown_msgs/include/duckietown_msgs/duckietown_msgs/msg/detail/num__struct.h\n'}
[241.152694] (-) TimerEvent: {}
[241.170751] (duckietown_msgs) StdoutLine: {'line': b'-- Symlinking: /home/vboxuser/duckietown_ws/install/duckietown_msgs/include/duckietown_msgs/duckietown_msgs/msg/detail/num__type_support.h\n'}
[241.199146] (duckietown_msgs) StdoutLine: {'line': b'-- Symlinking: /home/vboxuser/duckietown_ws/install/duckietown_msgs/include/duckietown_msgs/duckietown_msgs/msg/detail/obstacle_image_detection__functions.h\n'}
[241.232142] (duckietown_msgs) StdoutLine: {'line': b'-- Symlinking: /home/vboxuser/duckietown_ws/install/duckietown_msgs/include/duckietown_msgs/duckietown_msgs/msg/detail/obstacle_image_detection__struct.h\n'}
[241.248529] (duckietown_msgs) StdoutLine: {'line': b'-- Symlinking: /home/vboxuser/duckietown_ws/install/duckietown_msgs/include/duckietown_msgs/duckietown_msgs/msg/detail/obstacle_image_detection__type_support.h\n'}
[241.256989] (-) TimerEvent: {}
[241.266960] (duckietown_msgs) StdoutLine: {'line': b'-- Symlinking: /home/vboxuser/duckietown_ws/install/duckietown_msgs/include/duckietown_msgs/duckietown_msgs/msg/detail/obstacle_image_detection_list__functions.h\n'}
[241.284588] (duckietown_msgs) StdoutLine: {'line': b'-- Symlinking: /home/vboxuser/duckietown_ws/install/duckietown_msgs/include/duckietown_msgs/duckietown_msgs/msg/detail/obstacle_image_detection_list__struct.h\n'}
[241.313867] (duckietown_msgs) StdoutLine: {'line': b'-- Symlinking: /home/vboxuser/duckietown_ws/install/duckietown_msgs/include/duckietown_msgs/duckietown_msgs/msg/detail/obstacle_image_detection_list__type_support.h\n'}
[241.330985] (duckietown_msgs) StdoutLine: {'line': b'-- Symlinking: /home/vboxuser/duckietown_ws/install/duckietown_msgs/include/duckietown_msgs/duckietown_msgs/msg/detail/obstacle_projected_detection__functions.h\n'}
[241.350746] (duckietown_msgs) StdoutLine: {'line': b'-- Symlinking: /home/vboxuser/duckietown_ws/install/duckietown_msgs/include/duckietown_msgs/duckietown_msgs/msg/detail/obstacle_projected_detection__struct.h\n'}
[241.359054] (-) TimerEvent: {}
[241.370237] (duckietown_msgs) StdoutLine: {'line': b'-- Symlinking: /home/vboxuser/duckietown_ws/install/duckietown_msgs/include/duckietown_msgs/duckietown_msgs/msg/detail/obstacle_projected_detection__type_support.h\n'}
[241.387264] (duckietown_msgs) StdoutLine: {'line': b'-- Symlinking: /home/vboxuser/duckietown_ws/install/duckietown_msgs/include/duckietown_msgs/duckietown_msgs/msg/detail/obstacle_projected_detection_list__functions.h\n'}
[241.415844] (duckietown_msgs) StdoutLine: {'line': b'-- Symlinking: /home/vboxuser/duckietown_ws/install/duckietown_msgs/include/duckietown_msgs/duckietown_msgs/msg/detail/obstacle_projected_detection_list__struct.h\n'}
[241.434125] (duckietown_msgs) StdoutLine: {'line': b'-- Symlinking: /home/vboxuser/duckietown_ws/install/duckietown_msgs/include/duckietown_msgs/duckietown_msgs/msg/detail/obstacle_projected_detection_list__type_support.h\n'}
[241.448395] (duckietown_msgs) StdoutLine: {'line': b'-- Symlinking: /home/vboxuser/duckietown_ws/install/duckietown_msgs/include/duckietown_msgs/duckietown_msgs/msg/detail/obstacle_type__functions.h\n'}
[241.460139] (-) TimerEvent: {}
[241.466190] (duckietown_msgs) StdoutLine: {'line': b'-- Symlinking: /home/vboxuser/duckietown_ws/install/duckietown_msgs/include/duckietown_msgs/duckietown_msgs/msg/detail/obstacle_type__struct.h\n'}
[241.482919] (duckietown_msgs) StdoutLine: {'line': b'-- Symlinking: /home/vboxuser/duckietown_ws/install/duckietown_msgs/include/duckietown_msgs/duckietown_msgs/msg/detail/obstacle_type__type_support.h\n'}
[241.509826] (duckietown_msgs) StdoutLine: {'line': b'-- Symlinking: /home/vboxuser/duckietown_ws/install/duckietown_msgs/include/duckietown_msgs/duckietown_msgs/msg/detail/pixel__functions.h\n'}
[241.528318] (duckietown_msgs) StdoutLine: {'line': b'-- Symlinking: /home/vboxuser/duckietown_ws/install/duckietown_msgs/include/duckietown_msgs/duckietown_msgs/msg/detail/pixel__struct.h\n'}
[241.555510] (duckietown_msgs) StdoutLine: {'line': b'-- Symlinking: /home/vboxuser/duckietown_ws/install/duckietown_msgs/include/duckietown_msgs/duckietown_msgs/msg/detail/pixel__type_support.h\n'}
[241.567223] (-) TimerEvent: {}
[241.572195] (duckietown_msgs) StdoutLine: {'line': b'-- Symlinking: /home/vboxuser/duckietown_ws/install/duckietown_msgs/include/duckietown_msgs/duckietown_msgs/msg/detail/pose2_d_stamped__functions.h\n'}
[241.588783] (duckietown_msgs) StdoutLine: {'line': b'-- Symlinking: /home/vboxuser/duckietown_ws/install/duckietown_msgs/include/duckietown_msgs/duckietown_msgs/msg/detail/pose2_d_stamped__struct.h\n'}
[241.617044] (duckietown_msgs) StdoutLine: {'line': b'-- Symlinking: /home/vboxuser/duckietown_ws/install/duckietown_msgs/include/duckietown_msgs/duckietown_msgs/msg/detail/pose2_d_stamped__type_support.h\n'}
[241.634861] (duckietown_msgs) StdoutLine: {'line': b'-- Symlinking: /home/vboxuser/duckietown_ws/install/duckietown_msgs/include/duckietown_msgs/duckietown_msgs/msg/detail/rect__functions.h\n'}
[241.650182] (duckietown_msgs) StdoutLine: {'line': b'-- Symlinking: /home/vboxuser/duckietown_ws/install/duckietown_msgs/include/duckietown_msgs/duckietown_msgs/msg/detail/rect__struct.h\n'}
[241.668177] (duckietown_msgs) StdoutLine: {'line': b'-- Symlinking: /home/vboxuser/duckietown_ws/install/duckietown_msgs/include/duckietown_msgs/duckietown_msgs/msg/detail/rect__type_support.h\n'}
[241.668352] (-) TimerEvent: {}
[241.686845] (duckietown_msgs) StdoutLine: {'line': b'-- Symlinking: /home/vboxuser/duckietown_ws/install/duckietown_msgs/include/duckietown_msgs/duckietown_msgs/msg/detail/rects__functions.h\n'}
[241.713520] (duckietown_msgs) StdoutLine: {'line': b'-- Symlinking: /home/vboxuser/duckietown_ws/install/duckietown_msgs/include/duckietown_msgs/duckietown_msgs/msg/detail/rects__struct.h\n'}
[241.735415] (duckietown_msgs) StdoutLine: {'line': b'-- Symlinking: /home/vboxuser/duckietown_ws/install/duckietown_msgs/include/duckietown_msgs/duckietown_msgs/msg/detail/rects__type_support.h\n'}
[241.753625] (duckietown_msgs) StdoutLine: {'line': b'-- Symlinking: /home/vboxuser/duckietown_ws/install/duckietown_msgs/include/duckietown_msgs/duckietown_msgs/msg/detail/scene_segments__functions.h\n'}
[241.768541] (-) TimerEvent: {}
[241.772933] (duckietown_msgs) StdoutLine: {'line': b'-- Symlinking: /home/vboxuser/duckietown_ws/install/duckietown_msgs/include/duckietown_msgs/duckietown_msgs/msg/detail/scene_segments__struct.h\n'}
[241.790731] (duckietown_msgs) StdoutLine: {'line': b'-- Symlinking: /home/vboxuser/duckietown_ws/install/duckietown_msgs/include/duckietown_msgs/duckietown_msgs/msg/detail/scene_segments__type_support.h\n'}
[241.817058] (duckietown_msgs) StdoutLine: {'line': b'-- Symlinking: /home/vboxuser/duckietown_ws/install/duckietown_msgs/include/duckietown_msgs/duckietown_msgs/msg/detail/segment__functions.h\n'}
[241.835802] (duckietown_msgs) StdoutLine: {'line': b'-- Symlinking: /home/vboxuser/duckietown_ws/install/duckietown_msgs/include/duckietown_msgs/duckietown_msgs/msg/detail/segment__struct.h\n'}
[241.850976] (duckietown_msgs) StdoutLine: {'line': b'-- Symlinking: /home/vboxuser/duckietown_ws/install/duckietown_msgs/include/duckietown_msgs/duckietown_msgs/msg/detail/segment__type_support.h\n'}
[241.867418] (duckietown_msgs) StdoutLine: {'line': b'-- Symlinking: /home/vboxuser/duckietown_ws/install/duckietown_msgs/include/duckietown_msgs/duckietown_msgs/msg/detail/segment_list__functions.h\n'}
[241.869182] (-) TimerEvent: {}
[241.884991] (duckietown_msgs) StdoutLine: {'line': b'-- Symlinking: /home/vboxuser/duckietown_ws/install/duckietown_msgs/include/duckietown_msgs/duckietown_msgs/msg/detail/segment_list__struct.h\n'}
[241.916117] (duckietown_msgs) StdoutLine: {'line': b'-- Symlinking: /home/vboxuser/duckietown_ws/install/duckietown_msgs/include/duckietown_msgs/duckietown_msgs/msg/detail/segment_list__type_support.h\n'}
[241.938045] (duckietown_msgs) StdoutLine: {'line': b'-- Symlinking: /home/vboxuser/duckietown_ws/install/duckietown_msgs/include/duckietown_msgs/duckietown_msgs/msg/detail/signals_detection__functions.h\n'}
[241.953649] (duckietown_msgs) StdoutLine: {'line': b'-- Symlinking: /home/vboxuser/duckietown_ws/install/duckietown_msgs/include/duckietown_msgs/duckietown_msgs/msg/detail/signals_detection__struct.h\n'}
[241.970903] (duckietown_msgs) StdoutLine: {'line': b'-- Symlinking: /home/vboxuser/duckietown_ws/install/duckietown_msgs/include/duckietown_msgs/duckietown_msgs/msg/detail/signals_detection__type_support.h\n'}
[241.971064] (-) TimerEvent: {}
[241.988630] (duckietown_msgs) StdoutLine: {'line': b'-- Symlinking: /home/vboxuser/duckietown_ws/install/duckietown_msgs/include/duckietown_msgs/duckietown_msgs/msg/detail/signals_detection_ethz17__functions.h\n'}
[242.013180] (duckietown_msgs) StdoutLine: {'line': b'-- Symlinking: /home/vboxuser/duckietown_ws/install/duckietown_msgs/include/duckietown_msgs/duckietown_msgs/msg/detail/signals_detection_ethz17__struct.h\n'}
[242.032180] (duckietown_msgs) StdoutLine: {'line': b'-- Symlinking: /home/vboxuser/duckietown_ws/install/duckietown_msgs/include/duckietown_msgs/duckietown_msgs/msg/detail/signals_detection_ethz17__type_support.h\n'}
[242.049265] (duckietown_msgs) StdoutLine: {'line': b'-- Symlinking: /home/vboxuser/duckietown_ws/install/duckietown_msgs/include/duckietown_msgs/duckietown_msgs/msg/detail/source_target_nodes__functions.h\n'}
[242.065905] (duckietown_msgs) StdoutLine: {'line': b'-- Symlinking: /home/vboxuser/duckietown_ws/install/duckietown_msgs/include/duckietown_msgs/duckietown_msgs/msg/detail/source_target_nodes__struct.h\n'}
[242.072342] (-) TimerEvent: {}
[242.082539] (duckietown_msgs) StdoutLine: {'line': b'-- Symlinking: /home/vboxuser/duckietown_ws/install/duckietown_msgs/include/duckietown_msgs/duckietown_msgs/msg/detail/source_target_nodes__type_support.h\n'}
[242.099395] (duckietown_msgs) StdoutLine: {'line': b'-- Symlinking: /home/vboxuser/duckietown_ws/install/duckietown_msgs/include/duckietown_msgs/duckietown_msgs/msg/detail/stop_line_reading__functions.h\n'}
[242.129271] (duckietown_msgs) StdoutLine: {'line': b'-- Symlinking: /home/vboxuser/duckietown_ws/install/duckietown_msgs/include/duckietown_msgs/duckietown_msgs/msg/detail/stop_line_reading__struct.h\n'}
[242.163985] (duckietown_msgs) StdoutLine: {'line': b'-- Symlinking: /home/vboxuser/duckietown_ws/install/duckietown_msgs/include/duckietown_msgs/duckietown_msgs/msg/detail/stop_line_reading__type_support.h\n'}
[242.184406] (-) TimerEvent: {}
[242.192056] (duckietown_msgs) StdoutLine: {'line': b'-- Symlinking: /home/vboxuser/duckietown_ws/install/duckietown_msgs/include/duckietown_msgs/duckietown_msgs/msg/detail/tag_info__functions.h\n'}
[242.230775] (duckietown_msgs) StdoutLine: {'line': b'-- Symlinking: /home/vboxuser/duckietown_ws/install/duckietown_msgs/include/duckietown_msgs/duckietown_msgs/msg/detail/tag_info__struct.h\n'}
[242.247309] (duckietown_msgs) StdoutLine: {'line': b'-- Symlinking: /home/vboxuser/duckietown_ws/install/duckietown_msgs/include/duckietown_msgs/duckietown_msgs/msg/detail/tag_info__type_support.h\n'}
[242.263876] (duckietown_msgs) StdoutLine: {'line': b'-- Symlinking: /home/vboxuser/duckietown_ws/install/duckietown_msgs/include/duckietown_msgs/duckietown_msgs/msg/detail/theta_dot_sample__functions.h\n'}
[242.280188] (duckietown_msgs) StdoutLine: {'line': b'-- Symlinking: /home/vboxuser/duckietown_ws/install/duckietown_msgs/include/duckietown_msgs/duckietown_msgs/msg/detail/theta_dot_sample__struct.h\n'}
[242.284500] (-) TimerEvent: {}
[242.299928] (duckietown_msgs) StdoutLine: {'line': b'-- Symlinking: /home/vboxuser/duckietown_ws/install/duckietown_msgs/include/duckietown_msgs/duckietown_msgs/msg/detail/theta_dot_sample__type_support.h\n'}
[242.326636] (duckietown_msgs) StdoutLine: {'line': b'-- Symlinking: /home/vboxuser/duckietown_ws/install/duckietown_msgs/include/duckietown_msgs/duckietown_msgs/msg/detail/trajectory__functions.h\n'}
[242.344256] (duckietown_msgs) StdoutLine: {'line': b'-- Symlinking: /home/vboxuser/duckietown_ws/install/duckietown_msgs/include/duckietown_msgs/duckietown_msgs/msg/detail/trajectory__struct.h\n'}
[242.361901] (duckietown_msgs) StdoutLine: {'line': b'-- Symlinking: /home/vboxuser/duckietown_ws/install/duckietown_msgs/include/duckietown_msgs/duckietown_msgs/msg/detail/trajectory__type_support.h\n'}
[242.379936] (duckietown_msgs) StdoutLine: {'line': b'-- Symlinking: /home/vboxuser/duckietown_ws/install/duckietown_msgs/include/duckietown_msgs/duckietown_msgs/msg/detail/turn_i_dand_type__functions.h\n'}
[242.391144] (-) TimerEvent: {}
[242.395695] (duckietown_msgs) StdoutLine: {'line': b'-- Symlinking: /home/vboxuser/duckietown_ws/install/duckietown_msgs/include/duckietown_msgs/duckietown_msgs/msg/detail/turn_i_dand_type__struct.h\n'}
[242.413957] (duckietown_msgs) StdoutLine: {'line': b'-- Symlinking: /home/vboxuser/duckietown_ws/install/duckietown_msgs/include/duckietown_msgs/duckietown_msgs/msg/detail/turn_i_dand_type__type_support.h\n'}
[242.442531] (duckietown_msgs) StdoutLine: {'line': b'-- Symlinking: /home/vboxuser/duckietown_ws/install/duckietown_msgs/include/duckietown_msgs/duckietown_msgs/msg/detail/twist2_d_stamped__functions.h\n'}
[242.459832] (duckietown_msgs) StdoutLine: {'line': b'-- Symlinking: /home/vboxuser/duckietown_ws/install/duckietown_msgs/include/duckietown_msgs/duckietown_msgs/msg/detail/twist2_d_stamped__struct.h\n'}
[242.476423] (duckietown_msgs) StdoutLine: {'line': b'-- Symlinking: /home/vboxuser/duckietown_ws/install/duckietown_msgs/include/duckietown_msgs/duckietown_msgs/msg/detail/twist2_d_stamped__type_support.h\n'}
[242.492278] (duckietown_msgs) StdoutLine: {'line': b'-- Symlinking: /home/vboxuser/duckietown_ws/install/duckietown_msgs/include/duckietown_msgs/duckietown_msgs/msg/detail/twist2_d_stamped_ethz17__functions.h\n'}
[242.492446] (-) TimerEvent: {}
[242.510629] (duckietown_msgs) StdoutLine: {'line': b'-- Symlinking: /home/vboxuser/duckietown_ws/install/duckietown_msgs/include/duckietown_msgs/duckietown_msgs/msg/detail/twist2_d_stamped_ethz17__struct.h\n'}
[242.533968] (duckietown_msgs) StdoutLine: {'line': b'-- Symlinking: /home/vboxuser/duckietown_ws/install/duckietown_msgs/include/duckietown_msgs/duckietown_msgs/msg/detail/twist2_d_stamped_ethz17__type_support.h\n'}
[242.552633] (duckietown_msgs) StdoutLine: {'line': b'-- Symlinking: /home/vboxuser/duckietown_ws/install/duckietown_msgs/include/duckietown_msgs/duckietown_msgs/msg/detail/vector2_d__functions.h\n'}
[242.568563] (duckietown_msgs) StdoutLine: {'line': b'-- Symlinking: /home/vboxuser/duckietown_ws/install/duckietown_msgs/include/duckietown_msgs/duckietown_msgs/msg/detail/vector2_d__struct.h\n'}
[242.595217] (-) TimerEvent: {}
[242.600778] (duckietown_msgs) StdoutLine: {'line': b'-- Symlinking: /home/vboxuser/duckietown_ws/install/duckietown_msgs/include/duckietown_msgs/duckietown_msgs/msg/detail/vector2_d__type_support.h\n'}
[242.618146] (duckietown_msgs) StdoutLine: {'line': b'-- Symlinking: /home/vboxuser/duckietown_ws/install/duckietown_msgs/include/duckietown_msgs/duckietown_msgs/msg/detail/vehicle_corners__functions.h\n'}
[242.643196] (duckietown_msgs) StdoutLine: {'line': b'-- Symlinking: /home/vboxuser/duckietown_ws/install/duckietown_msgs/include/duckietown_msgs/duckietown_msgs/msg/detail/vehicle_corners__struct.h\n'}
[242.660863] (duckietown_msgs) StdoutLine: {'line': b'-- Symlinking: /home/vboxuser/duckietown_ws/install/duckietown_msgs/include/duckietown_msgs/duckietown_msgs/msg/detail/vehicle_corners__type_support.h\n'}
[242.677526] (duckietown_msgs) StdoutLine: {'line': b'-- Symlinking: /home/vboxuser/duckietown_ws/install/duckietown_msgs/include/duckietown_msgs/duckietown_msgs/msg/detail/vehicle_pose__functions.h\n'}
[242.693754] (duckietown_msgs) StdoutLine: {'line': b'-- Symlinking: /home/vboxuser/duckietown_ws/install/duckietown_msgs/include/duckietown_msgs/duckietown_msgs/msg/detail/vehicle_pose__struct.h\n'}
[242.695417] (-) TimerEvent: {}
[242.711616] (duckietown_msgs) StdoutLine: {'line': b'-- Symlinking: /home/vboxuser/duckietown_ws/install/duckietown_msgs/include/duckietown_msgs/duckietown_msgs/msg/detail/vehicle_pose__type_support.h\n'}
[242.741783] (duckietown_msgs) StdoutLine: {'line': b'-- Symlinking: /home/vboxuser/duckietown_ws/install/duckietown_msgs/include/duckietown_msgs/duckietown_msgs/msg/detail/vsample__functions.h\n'}
[242.767541] (duckietown_msgs) StdoutLine: {'line': b'-- Symlinking: /home/vboxuser/duckietown_ws/install/duckietown_msgs/include/duckietown_msgs/duckietown_msgs/msg/detail/vsample__struct.h\n'}
[242.786216] (duckietown_msgs) StdoutLine: {'line': b'-- Symlinking: /home/vboxuser/duckietown_ws/install/duckietown_msgs/include/duckietown_msgs/duckietown_msgs/msg/detail/vsample__type_support.h\n'}
[242.796240] (-) TimerEvent: {}
[242.803344] (duckietown_msgs) StdoutLine: {'line': b'-- Symlinking: /home/vboxuser/duckietown_ws/install/duckietown_msgs/include/duckietown_msgs/duckietown_msgs/msg/detail/wheels_cmd__functions.h\n'}
[242.822464] (duckietown_msgs) StdoutLine: {'line': b'-- Symlinking: /home/vboxuser/duckietown_ws/install/duckietown_msgs/include/duckietown_msgs/duckietown_msgs/msg/detail/wheels_cmd__struct.h\n'}
[242.848964] (duckietown_msgs) StdoutLine: {'line': b'-- Symlinking: /home/vboxuser/duckietown_ws/install/duckietown_msgs/include/duckietown_msgs/duckietown_msgs/msg/detail/wheels_cmd__type_support.h\n'}
[242.866152] (duckietown_msgs) StdoutLine: {'line': b'-- Symlinking: /home/vboxuser/duckietown_ws/install/duckietown_msgs/include/duckietown_msgs/duckietown_msgs/msg/detail/wheels_cmd_stamped__functions.h\n'}
[242.885593] (duckietown_msgs) StdoutLine: {'line': b'-- Symlinking: /home/vboxuser/duckietown_ws/install/duckietown_msgs/include/duckietown_msgs/duckietown_msgs/msg/detail/wheels_cmd_stamped__struct.h\n'}
[242.899161] (-) TimerEvent: {}
[242.903876] (duckietown_msgs) StdoutLine: {'line': b'-- Symlinking: /home/vboxuser/duckietown_ws/install/duckietown_msgs/include/duckietown_msgs/duckietown_msgs/msg/detail/wheels_cmd_stamped__type_support.h\n'}
[242.922255] (duckietown_msgs) StdoutLine: {'line': b'-- Symlinking: /home/vboxuser/duckietown_ws/install/duckietown_msgs/include/duckietown_msgs/duckietown_msgs/msg/duckie_sensor.h\n'}
[242.957252] (duckietown_msgs) StdoutLine: {'line': b'-- Symlinking: /home/vboxuser/duckietown_ws/install/duckietown_msgs/include/duckietown_msgs/duckietown_msgs/msg/fsm_state.h\n'}
[242.974936] (duckietown_msgs) StdoutLine: {'line': b'-- Symlinking: /home/vboxuser/duckietown_ws/install/duckietown_msgs/include/duckietown_msgs/duckietown_msgs/msg/intersection_pose.h\n'}
[242.991559] (duckietown_msgs) StdoutLine: {'line': b'-- Symlinking: /home/vboxuser/duckietown_ws/install/duckietown_msgs/include/duckietown_msgs/duckietown_msgs/msg/intersection_pose_img.h\n'}
[243.004315] (-) TimerEvent: {}
[243.010325] (duckietown_msgs) StdoutLine: {'line': b'-- Symlinking: /home/vboxuser/duckietown_ws/install/duckietown_msgs/include/duckietown_msgs/duckietown_msgs/msg/intersection_pose_img_debug.h\n'}
[243.030368] (duckietown_msgs) StdoutLine: {'line': b'-- Symlinking: /home/vboxuser/duckietown_ws/install/duckietown_msgs/include/duckietown_msgs/duckietown_msgs/msg/kinematics_parameters.h\n'}
[243.055372] (duckietown_msgs) StdoutLine: {'line': b'-- Symlinking: /home/vboxuser/duckietown_ws/install/duckietown_msgs/include/duckietown_msgs/duckietown_msgs/msg/kinematics_weights.h\n'}
[243.073995] (duckietown_msgs) StdoutLine: {'line': b'-- Symlinking: /home/vboxuser/duckietown_ws/install/duckietown_msgs/include/duckietown_msgs/duckietown_msgs/msg/lane_pose.h\n'}
[243.090484] (duckietown_msgs) StdoutLine: {'line': b'-- Symlinking: /home/vboxuser/duckietown_ws/install/duckietown_msgs/include/duckietown_msgs/duckietown_msgs/msg/led_detection.h\n'}
[243.104467] (-) TimerEvent: {}
[243.107109] (duckietown_msgs) StdoutLine: {'line': b'-- Symlinking: /home/vboxuser/duckietown_ws/install/duckietown_msgs/include/duckietown_msgs/duckietown_msgs/msg/led_detection_array.h\n'}
[243.124535] (duckietown_msgs) StdoutLine: {'line': b'-- Symlinking: /home/vboxuser/duckietown_ws/install/duckietown_msgs/include/duckietown_msgs/duckietown_msgs/msg/led_detection_debug_info.h\n'}
[243.149666] (duckietown_msgs) StdoutLine: {'line': b'-- Symlinking: /home/vboxuser/duckietown_ws/install/duckietown_msgs/include/duckietown_msgs/duckietown_msgs/msg/led_interpreter.h\n'}
[243.175703] (duckietown_msgs) StdoutLine: {'line': b'-- Symlinking: /home/vboxuser/duckietown_ws/install/duckietown_msgs/include/duckietown_msgs/duckietown_msgs/msg/maintenance_state.h\n'}
[243.204752] (-) TimerEvent: {}
[243.209015] (duckietown_msgs) StdoutLine: {'line': b'-- Symlinking: /home/vboxuser/duckietown_ws/install/duckietown_msgs/include/duckietown_msgs/duckietown_msgs/msg/num.h\n'}
[243.227994] (duckietown_msgs) StdoutLine: {'line': b'-- Symlinking: /home/vboxuser/duckietown_ws/install/duckietown_msgs/include/duckietown_msgs/duckietown_msgs/msg/obstacle_image_detection.h\n'}
[243.254537] (duckietown_msgs) StdoutLine: {'line': b'-- Symlinking: /home/vboxuser/duckietown_ws/install/duckietown_msgs/include/duckietown_msgs/duckietown_msgs/msg/obstacle_image_detection_list.h\n'}
[243.272314] (duckietown_msgs) StdoutLine: {'line': b'-- Symlinking: /home/vboxuser/duckietown_ws/install/duckietown_msgs/include/duckietown_msgs/duckietown_msgs/msg/obstacle_projected_detection.h\n'}
[243.288157] (duckietown_msgs) StdoutLine: {'line': b'-- Symlinking: /home/vboxuser/duckietown_ws/install/duckietown_msgs/include/duckietown_msgs/duckietown_msgs/msg/obstacle_projected_detection_list.h\n'}
[243.306427] (duckietown_msgs) StdoutLine: {'line': b'-- Symlinking: /home/vboxuser/duckietown_ws/install/duckietown_msgs/include/duckietown_msgs/duckietown_msgs/msg/obstacle_type.h\n'}
[243.306617] (-) TimerEvent: {}
[243.326099] (duckietown_msgs) StdoutLine: {'line': b'-- Symlinking: /home/vboxuser/duckietown_ws/install/duckietown_msgs/include/duckietown_msgs/duckietown_msgs/msg/pixel.h\n'}
[243.348338] (duckietown_msgs) StdoutLine: {'line': b'-- Symlinking: /home/vboxuser/duckietown_ws/install/duckietown_msgs/include/duckietown_msgs/duckietown_msgs/msg/pose2_d_stamped.h\n'}
[243.366779] (duckietown_msgs) StdoutLine: {'line': b'-- Symlinking: /home/vboxuser/duckietown_ws/install/duckietown_msgs/include/duckietown_msgs/duckietown_msgs/msg/rect.h\n'}
[243.384580] (duckietown_msgs) StdoutLine: {'line': b'-- Symlinking: /home/vboxuser/duckietown_ws/install/duckietown_msgs/include/duckietown_msgs/duckietown_msgs/msg/rects.h\n'}
[243.404479] (duckietown_msgs) StdoutLine: {'line': b'-- Symlinking: /home/vboxuser/duckietown_ws/install/duckietown_msgs/include/duckietown_msgs/duckietown_msgs/msg/rosidl_generator_c__visibility_control.h\n'}
[243.407097] (-) TimerEvent: {}
[243.425233] (duckietown_msgs) StdoutLine: {'line': b'-- Symlinking: /home/vboxuser/duckietown_ws/install/duckietown_msgs/include/duckietown_msgs/duckietown_msgs/msg/scene_segments.h\n'}
[243.450690] (duckietown_msgs) StdoutLine: {'line': b'-- Symlinking: /home/vboxuser/duckietown_ws/install/duckietown_msgs/include/duckietown_msgs/duckietown_msgs/msg/segment.h\n'}
[243.468991] (duckietown_msgs) StdoutLine: {'line': b'-- Symlinking: /home/vboxuser/duckietown_ws/install/duckietown_msgs/include/duckietown_msgs/duckietown_msgs/msg/segment_list.h\n'}
[243.487019] (duckietown_msgs) StdoutLine: {'line': b'-- Symlinking: /home/vboxuser/duckietown_ws/install/duckietown_msgs/include/duckietown_msgs/duckietown_msgs/msg/signals_detection.h\n'}
[243.501902] (duckietown_msgs) StdoutLine: {'line': b'-- Symlinking: /home/vboxuser/duckietown_ws/install/duckietown_msgs/include/duckietown_msgs/duckietown_msgs/msg/signals_detection_ethz17.h\n'}
[243.507415] (-) TimerEvent: {}
[243.519447] (duckietown_msgs) StdoutLine: {'line': b'-- Symlinking: /home/vboxuser/duckietown_ws/install/duckietown_msgs/include/duckietown_msgs/duckietown_msgs/msg/source_target_nodes.h\n'}
[243.546569] (duckietown_msgs) StdoutLine: {'line': b'-- Symlinking: /home/vboxuser/duckietown_ws/install/duckietown_msgs/include/duckietown_msgs/duckietown_msgs/msg/stop_line_reading.h\n'}
[243.564646] (duckietown_msgs) StdoutLine: {'line': b'-- Symlinking: /home/vboxuser/duckietown_ws/install/duckietown_msgs/include/duckietown_msgs/duckietown_msgs/msg/tag_info.h\n'}
[243.581297] (duckietown_msgs) StdoutLine: {'line': b'-- Symlinking: /home/vboxuser/duckietown_ws/install/duckietown_msgs/include/duckietown_msgs/duckietown_msgs/msg/theta_dot_sample.h\n'}
[243.597171] (duckietown_msgs) StdoutLine: {'line': b'-- Symlinking: /home/vboxuser/duckietown_ws/install/duckietown_msgs/include/duckietown_msgs/duckietown_msgs/msg/trajectory.h\n'}
[243.608024] (-) TimerEvent: {}
[243.612809] (duckietown_msgs) StdoutLine: {'line': b'-- Symlinking: /home/vboxuser/duckietown_ws/install/duckietown_msgs/include/duckietown_msgs/duckietown_msgs/msg/turn_i_dand_type.h\n'}
[243.633336] (duckietown_msgs) StdoutLine: {'line': b'-- Symlinking: /home/vboxuser/duckietown_ws/install/duckietown_msgs/include/duckietown_msgs/duckietown_msgs/msg/twist2_d_stamped.h\n'}
[243.660251] (duckietown_msgs) StdoutLine: {'line': b'-- Symlinking: /home/vboxuser/duckietown_ws/install/duckietown_msgs/include/duckietown_msgs/duckietown_msgs/msg/twist2_d_stamped_ethz17.h\n'}
[243.677696] (duckietown_msgs) StdoutLine: {'line': b'-- Symlinking: /home/vboxuser/duckietown_ws/install/duckietown_msgs/include/duckietown_msgs/duckietown_msgs/msg/vector2_d.h\n'}
[243.694608] (duckietown_msgs) StdoutLine: {'line': b'-- Symlinking: /home/vboxuser/duckietown_ws/install/duckietown_msgs/include/duckietown_msgs/duckietown_msgs/msg/vehicle_corners.h\n'}
[243.710445] (-) TimerEvent: {}
[243.711177] (duckietown_msgs) StdoutLine: {'line': b'-- Symlinking: /home/vboxuser/duckietown_ws/install/duckietown_msgs/include/duckietown_msgs/duckietown_msgs/msg/vehicle_pose.h\n'}
[243.732849] (duckietown_msgs) StdoutLine: {'line': b'-- Symlinking: /home/vboxuser/duckietown_ws/install/duckietown_msgs/include/duckietown_msgs/duckietown_msgs/msg/vsample.h\n'}
[243.760203] (duckietown_msgs) StdoutLine: {'line': b'-- Symlinking: /home/vboxuser/duckietown_ws/install/duckietown_msgs/include/duckietown_msgs/duckietown_msgs/msg/wheels_cmd.h\n'}
[243.778783] (duckietown_msgs) StdoutLine: {'line': b'-- Symlinking: /home/vboxuser/duckietown_ws/install/duckietown_msgs/include/duckietown_msgs/duckietown_msgs/msg/wheels_cmd_stamped.h\n'}
[243.796761] (duckietown_msgs) StdoutLine: {'line': b'-- Symlinking: /home/vboxuser/duckietown_ws/install/duckietown_msgs/include/duckietown_msgs/duckietown_msgs/srv/detail/get_variable__functions.h\n'}
[243.814417] (duckietown_msgs) StdoutLine: {'line': b'-- Symlinking: /home/vboxuser/duckietown_ws/install/duckietown_msgs/include/duckietown_msgs/duckietown_msgs/srv/detail/get_variable__struct.h\n'}
[243.814587] (-) TimerEvent: {}
[243.829851] (duckietown_msgs) StdoutLine: {'line': b'-- Symlinking: /home/vboxuser/duckietown_ws/install/duckietown_msgs/include/duckietown_msgs/duckietown_msgs/srv/detail/get_variable__type_support.h\n'}
[243.855765] (duckietown_msgs) StdoutLine: {'line': b'-- Symlinking: /home/vboxuser/duckietown_ws/install/duckietown_msgs/include/duckietown_msgs/duckietown_msgs/srv/detail/set_fsm_state__functions.h\n'}
[243.872614] (duckietown_msgs) StdoutLine: {'line': b'-- Symlinking: /home/vboxuser/duckietown_ws/install/duckietown_msgs/include/duckietown_msgs/duckietown_msgs/srv/detail/set_fsm_state__struct.h\n'}
[243.891079] (duckietown_msgs) StdoutLine: {'line': b'-- Symlinking: /home/vboxuser/duckietown_ws/install/duckietown_msgs/include/duckietown_msgs/duckietown_msgs/srv/detail/set_fsm_state__type_support.h\n'}
[243.906265] (duckietown_msgs) StdoutLine: {'line': b'-- Symlinking: /home/vboxuser/duckietown_ws/install/duckietown_msgs/include/duckietown_msgs/duckietown_msgs/srv/detail/set_value__functions.h\n'}
[243.917121] (-) TimerEvent: {}
[243.922342] (duckietown_msgs) StdoutLine: {'line': b'-- Symlinking: /home/vboxuser/duckietown_ws/install/duckietown_msgs/include/duckietown_msgs/duckietown_msgs/srv/detail/set_value__struct.h\n'}
[243.941756] (duckietown_msgs) StdoutLine: {'line': b'-- Symlinking: /home/vboxuser/duckietown_ws/install/duckietown_msgs/include/duckietown_msgs/duckietown_msgs/srv/detail/set_value__type_support.h\n'}
[243.972118] (duckietown_msgs) StdoutLine: {'line': b'-- Symlinking: /home/vboxuser/duckietown_ws/install/duckietown_msgs/include/duckietown_msgs/duckietown_msgs/srv/detail/set_variable__functions.h\n'}
[243.989456] (duckietown_msgs) StdoutLine: {'line': b'-- Symlinking: /home/vboxuser/duckietown_ws/install/duckietown_msgs/include/duckietown_msgs/duckietown_msgs/srv/detail/set_variable__struct.h\n'}
[244.005511] (duckietown_msgs) StdoutLine: {'line': b'-- Symlinking: /home/vboxuser/duckietown_ws/install/duckietown_msgs/include/duckietown_msgs/duckietown_msgs/srv/detail/set_variable__type_support.h\n'}
[244.017426] (-) TimerEvent: {}
[244.022433] (duckietown_msgs) StdoutLine: {'line': b'-- Symlinking: /home/vboxuser/duckietown_ws/install/duckietown_msgs/include/duckietown_msgs/duckietown_msgs/srv/get_variable.h\n'}
[244.040653] (duckietown_msgs) StdoutLine: {'line': b'-- Symlinking: /home/vboxuser/duckietown_ws/install/duckietown_msgs/include/duckietown_msgs/duckietown_msgs/srv/set_fsm_state.h\n'}
[244.059618] (duckietown_msgs) StdoutLine: {'line': b'-- Symlinking: /home/vboxuser/duckietown_ws/install/duckietown_msgs/include/duckietown_msgs/duckietown_msgs/srv/set_value.h\n'}
[244.083386] (duckietown_msgs) StdoutLine: {'line': b'-- Symlinking: /home/vboxuser/duckietown_ws/install/duckietown_msgs/include/duckietown_msgs/duckietown_msgs/srv/set_variable.h\n'}
[244.103159] (duckietown_msgs) StdoutLine: {'line': b'-- Symlinking: /home/vboxuser/duckietown_ws/install/duckietown_msgs/share/duckietown_msgs/environment/library_path.sh\n'}
[244.118550] (duckietown_msgs) StdoutLine: {'line': b'-- Symlinking: /home/vboxuser/duckietown_ws/install/duckietown_msgs/share/duckietown_msgs/environment/library_path.dsv\n'}
[244.118721] (-) TimerEvent: {}
[244.139509] (duckietown_msgs) StdoutLine: {'line': b'-- Symlinking: /home/vboxuser/duckietown_ws/install/duckietown_msgs/include/duckietown_msgs/duckietown_msgs/msg/detail/anti_instagram_health__rosidl_typesupport_fastrtps_c.h\n'}
[244.169275] (duckietown_msgs) StdoutLine: {'line': b'-- Symlinking: /home/vboxuser/duckietown_ws/install/duckietown_msgs/include/duckietown_msgs/duckietown_msgs/msg/detail/anti_instagram_transform__rosidl_typesupport_fastrtps_c.h\n'}
[244.201624] (duckietown_msgs) StdoutLine: {'line': b'-- Symlinking: /home/vboxuser/duckietown_ws/install/duckietown_msgs/include/duckietown_msgs/duckietown_msgs/msg/detail/anti_instagram_transform_cb__rosidl_typesupport_fastrtps_c.h\n'}
[244.220108] (-) TimerEvent: {}
[244.220865] (duckietown_msgs) StdoutLine: {'line': b'-- Symlinking: /home/vboxuser/duckietown_ws/install/duckietown_msgs/include/duckietown_msgs/duckietown_msgs/msg/detail/april_tag_detection__rosidl_typesupport_fastrtps_c.h\n'}
[244.237662] (duckietown_msgs) StdoutLine: {'line': b'-- Symlinking: /home/vboxuser/duckietown_ws/install/duckietown_msgs/include/duckietown_msgs/duckietown_msgs/msg/detail/april_tag_detection_array__rosidl_typesupport_fastrtps_c.h\n'}
[244.263558] (duckietown_msgs) StdoutLine: {'line': b'-- Symlinking: /home/vboxuser/duckietown_ws/install/duckietown_msgs/include/duckietown_msgs/duckietown_msgs/msg/detail/april_tags_with_infos__rosidl_typesupport_fastrtps_c.h\n'}
[244.283055] (duckietown_msgs) StdoutLine: {'line': b'-- Symlinking: /home/vboxuser/duckietown_ws/install/duckietown_msgs/include/duckietown_msgs/duckietown_msgs/msg/detail/bool_stamped__rosidl_typesupport_fastrtps_c.h\n'}
[244.303143] (duckietown_msgs) StdoutLine: {'line': b'-- Symlinking: /home/vboxuser/duckietown_ws/install/duckietown_msgs/include/duckietown_msgs/duckietown_msgs/msg/detail/bool_stamped_ethz17__rosidl_typesupport_fastrtps_c.h\n'}
[244.322516] (duckietown_msgs) StdoutLine: {'line': b'-- Symlinking: /home/vboxuser/duckietown_ws/install/duckietown_msgs/include/duckietown_msgs/duckietown_msgs/msg/detail/car_control__rosidl_typesupport_fastrtps_c.h\n'}
[244.322706] (-) TimerEvent: {}
[244.339352] (duckietown_msgs) StdoutLine: {'line': b'-- Symlinking: /home/vboxuser/duckietown_ws/install/duckietown_msgs/include/duckietown_msgs/duckietown_msgs/msg/detail/coordination_clearance__rosidl_typesupport_fastrtps_c.h\n'}
[244.367177] (duckietown_msgs) StdoutLine: {'line': b'-- Symlinking: /home/vboxuser/duckietown_ws/install/duckietown_msgs/include/duckietown_msgs/duckietown_msgs/msg/detail/coordination_clearance_ethz17__rosidl_typesupport_fastrtps_c.h\n'}
[244.386301] (duckietown_msgs) StdoutLine: {'line': b'-- Symlinking: /home/vboxuser/duckietown_ws/install/duckietown_msgs/include/duckietown_msgs/duckietown_msgs/msg/detail/coordination_signal__rosidl_typesupport_fastrtps_c.h\n'}
[244.403866] (duckietown_msgs) StdoutLine: {'line': b'-- Symlinking: /home/vboxuser/duckietown_ws/install/duckietown_msgs/include/duckietown_msgs/duckietown_msgs/msg/detail/coordination_signal_ethz17__rosidl_typesupport_fastrtps_c.h\n'}
[244.422503] (duckietown_msgs) StdoutLine: {'line': b'-- Symlinking: /home/vboxuser/duckietown_ws/install/duckietown_msgs/include/duckietown_msgs/duckietown_msgs/msg/detail/duckie_sensor__rosidl_typesupport_fastrtps_c.h\n'}
[244.422739] (-) TimerEvent: {}
[244.440621] (duckietown_msgs) StdoutLine: {'line': b'-- Symlinking: /home/vboxuser/duckietown_ws/install/duckietown_msgs/include/duckietown_msgs/duckietown_msgs/msg/detail/fsm_state__rosidl_typesupport_fastrtps_c.h\n'}
[244.467410] (duckietown_msgs) StdoutLine: {'line': b'-- Symlinking: /home/vboxuser/duckietown_ws/install/duckietown_msgs/include/duckietown_msgs/duckietown_msgs/msg/detail/intersection_pose__rosidl_typesupport_fastrtps_c.h\n'}
[244.482718] (duckietown_msgs) StdoutLine: {'line': b'-- Symlinking: /home/vboxuser/duckietown_ws/install/duckietown_msgs/include/duckietown_msgs/duckietown_msgs/msg/detail/intersection_pose_img__rosidl_typesupport_fastrtps_c.h\n'}
[244.499417] (duckietown_msgs) StdoutLine: {'line': b'-- Symlinking: /home/vboxuser/duckietown_ws/install/duckietown_msgs/include/duckietown_msgs/duckietown_msgs/msg/detail/intersection_pose_img_debug__rosidl_typesupport_fastrtps_c.h\n'}
[244.515146] (duckietown_msgs) StdoutLine: {'line': b'-- Symlinking: /home/vboxuser/duckietown_ws/install/duckietown_msgs/include/duckietown_msgs/duckietown_msgs/msg/detail/kinematics_parameters__rosidl_typesupport_fastrtps_c.h\n'}
[244.527385] (-) TimerEvent: {}
[244.532286] (duckietown_msgs) StdoutLine: {'line': b'-- Symlinking: /home/vboxuser/duckietown_ws/install/duckietown_msgs/include/duckietown_msgs/duckietown_msgs/msg/detail/kinematics_weights__rosidl_typesupport_fastrtps_c.h\n'}
[244.548519] (duckietown_msgs) StdoutLine: {'line': b'-- Symlinking: /home/vboxuser/duckietown_ws/install/duckietown_msgs/include/duckietown_msgs/duckietown_msgs/msg/detail/lane_pose__rosidl_typesupport_fastrtps_c.h\n'}
[244.576658] (duckietown_msgs) StdoutLine: {'line': b'-- Symlinking: /home/vboxuser/duckietown_ws/install/duckietown_msgs/include/duckietown_msgs/duckietown_msgs/msg/detail/led_detection__rosidl_typesupport_fastrtps_c.h\n'}
[244.593998] (duckietown_msgs) StdoutLine: {'line': b'-- Symlinking: /home/vboxuser/duckietown_ws/install/duckietown_msgs/include/duckietown_msgs/duckietown_msgs/msg/detail/led_detection_array__rosidl_typesupport_fastrtps_c.h\n'}
[244.610056] (duckietown_msgs) StdoutLine: {'line': b'-- Symlinking: /home/vboxuser/duckietown_ws/install/duckietown_msgs/include/duckietown_msgs/duckietown_msgs/msg/detail/led_detection_debug_info__rosidl_typesupport_fastrtps_c.h\n'}
[244.627201] (duckietown_msgs) StdoutLine: {'line': b'-- Symlinking: /home/vboxuser/duckietown_ws/install/duckietown_msgs/include/duckietown_msgs/duckietown_msgs/msg/detail/led_interpreter__rosidl_typesupport_fastrtps_c.h\n'}
[244.627464] (-) TimerEvent: {}
[244.644296] (duckietown_msgs) StdoutLine: {'line': b'-- Symlinking: /home/vboxuser/duckietown_ws/install/duckietown_msgs/include/duckietown_msgs/duckietown_msgs/msg/detail/maintenance_state__rosidl_typesupport_fastrtps_c.h\n'}
[244.669622] (duckietown_msgs) StdoutLine: {'line': b'-- Symlinking: /home/vboxuser/duckietown_ws/install/duckietown_msgs/include/duckietown_msgs/duckietown_msgs/msg/detail/num__rosidl_typesupport_fastrtps_c.h\n'}
[244.686566] (duckietown_msgs) StdoutLine: {'line': b'-- Symlinking: /home/vboxuser/duckietown_ws/install/duckietown_msgs/include/duckietown_msgs/duckietown_msgs/msg/detail/obstacle_image_detection__rosidl_typesupport_fastrtps_c.h\n'}
[244.703174] (duckietown_msgs) StdoutLine: {'line': b'-- Symlinking: /home/vboxuser/duckietown_ws/install/duckietown_msgs/include/duckietown_msgs/duckietown_msgs/msg/detail/obstacle_image_detection_list__rosidl_typesupport_fastrtps_c.h\n'}
[244.720858] (duckietown_msgs) StdoutLine: {'line': b'-- Symlinking: /home/vboxuser/duckietown_ws/install/duckietown_msgs/include/duckietown_msgs/duckietown_msgs/msg/detail/obstacle_projected_detection__rosidl_typesupport_fastrtps_c.h\n'}
[244.728061] (-) TimerEvent: {}
[244.745403] (duckietown_msgs) StdoutLine: {'line': b'-- Symlinking: /home/vboxuser/duckietown_ws/install/duckietown_msgs/include/duckietown_msgs/duckietown_msgs/msg/detail/obstacle_projected_detection_list__rosidl_typesupport_fastrtps_c.h\n'}
[244.775028] (duckietown_msgs) StdoutLine: {'line': b'-- Symlinking: /home/vboxuser/duckietown_ws/install/duckietown_msgs/include/duckietown_msgs/duckietown_msgs/msg/detail/obstacle_type__rosidl_typesupport_fastrtps_c.h\n'}
[244.790405] (duckietown_msgs) StdoutLine: {'line': b'-- Symlinking: /home/vboxuser/duckietown_ws/install/duckietown_msgs/include/duckietown_msgs/duckietown_msgs/msg/detail/pixel__rosidl_typesupport_fastrtps_c.h\n'}
[244.808053] (duckietown_msgs) StdoutLine: {'line': b'-- Symlinking: /home/vboxuser/duckietown_ws/install/duckietown_msgs/include/duckietown_msgs/duckietown_msgs/msg/detail/pose2_d_stamped__rosidl_typesupport_fastrtps_c.h\n'}
[244.824480] (duckietown_msgs) StdoutLine: {'line': b'-- Symlinking: /home/vboxuser/duckietown_ws/install/duckietown_msgs/include/duckietown_msgs/duckietown_msgs/msg/detail/rect__rosidl_typesupport_fastrtps_c.h\n'}
[244.835240] (-) TimerEvent: {}
[244.840197] (duckietown_msgs) StdoutLine: {'line': b'-- Symlinking: /home/vboxuser/duckietown_ws/install/duckietown_msgs/include/duckietown_msgs/duckietown_msgs/msg/detail/rects__rosidl_typesupport_fastrtps_c.h\n'}
[244.857325] (duckietown_msgs) StdoutLine: {'line': b'-- Symlinking: /home/vboxuser/duckietown_ws/install/duckietown_msgs/include/duckietown_msgs/duckietown_msgs/msg/detail/scene_segments__rosidl_typesupport_fastrtps_c.h\n'}
[244.882042] (duckietown_msgs) StdoutLine: {'line': b'-- Symlinking: /home/vboxuser/duckietown_ws/install/duckietown_msgs/include/duckietown_msgs/duckietown_msgs/msg/detail/segment__rosidl_typesupport_fastrtps_c.h\n'}
[244.899687] (duckietown_msgs) StdoutLine: {'line': b'-- Symlinking: /home/vboxuser/duckietown_ws/install/duckietown_msgs/include/duckietown_msgs/duckietown_msgs/msg/detail/segment_list__rosidl_typesupport_fastrtps_c.h\n'}
[244.917105] (duckietown_msgs) StdoutLine: {'line': b'-- Symlinking: /home/vboxuser/duckietown_ws/install/duckietown_msgs/include/duckietown_msgs/duckietown_msgs/msg/detail/signals_detection__rosidl_typesupport_fastrtps_c.h\n'}
[244.934513] (duckietown_msgs) StdoutLine: {'line': b'-- Symlinking: /home/vboxuser/duckietown_ws/install/duckietown_msgs/include/duckietown_msgs/duckietown_msgs/msg/detail/signals_detection_ethz17__rosidl_typesupport_fastrtps_c.h\n'}
[244.936255] (-) TimerEvent: {}
[244.953238] (duckietown_msgs) StdoutLine: {'line': b'-- Symlinking: /home/vboxuser/duckietown_ws/install/duckietown_msgs/include/duckietown_msgs/duckietown_msgs/msg/detail/source_target_nodes__rosidl_typesupport_fastrtps_c.h\n'}
[244.986468] (duckietown_msgs) StdoutLine: {'line': b'-- Symlinking: /home/vboxuser/duckietown_ws/install/duckietown_msgs/include/duckietown_msgs/duckietown_msgs/msg/detail/stop_line_reading__rosidl_typesupport_fastrtps_c.h\n'}
[245.006997] (duckietown_msgs) StdoutLine: {'line': b'-- Symlinking: /home/vboxuser/duckietown_ws/install/duckietown_msgs/include/duckietown_msgs/duckietown_msgs/msg/detail/tag_info__rosidl_typesupport_fastrtps_c.h\n'}
[245.022299] (duckietown_msgs) StdoutLine: {'line': b'-- Symlinking: /home/vboxuser/duckietown_ws/install/duckietown_msgs/include/duckietown_msgs/duckietown_msgs/msg/detail/theta_dot_sample__rosidl_typesupport_fastrtps_c.h\n'}
[245.036578] (-) TimerEvent: {}
[245.040102] (duckietown_msgs) StdoutLine: {'line': b'-- Symlinking: /home/vboxuser/duckietown_ws/install/duckietown_msgs/include/duckietown_msgs/duckietown_msgs/msg/detail/trajectory__rosidl_typesupport_fastrtps_c.h\n'}
[245.057906] (duckietown_msgs) StdoutLine: {'line': b'-- Symlinking: /home/vboxuser/duckietown_ws/install/duckietown_msgs/include/duckietown_msgs/duckietown_msgs/msg/detail/turn_i_dand_type__rosidl_typesupport_fastrtps_c.h\n'}
[245.083571] (duckietown_msgs) StdoutLine: {'line': b'-- Symlinking: /home/vboxuser/duckietown_ws/install/duckietown_msgs/include/duckietown_msgs/duckietown_msgs/msg/detail/twist2_d_stamped__rosidl_typesupport_fastrtps_c.h\n'}
[245.100041] (duckietown_msgs) StdoutLine: {'line': b'-- Symlinking: /home/vboxuser/duckietown_ws/install/duckietown_msgs/include/duckietown_msgs/duckietown_msgs/msg/detail/twist2_d_stamped_ethz17__rosidl_typesupport_fastrtps_c.h\n'}
[245.135276] (duckietown_msgs) StdoutLine: {'line': b'-- Symlinking: /home/vboxuser/duckietown_ws/install/duckietown_msgs/include/duckietown_msgs/duckietown_msgs/msg/detail/vector2_d__rosidl_typesupport_fastrtps_c.h\n'}
[245.144090] (-) TimerEvent: {}
[245.171451] (duckietown_msgs) StdoutLine: {'line': b'-- Symlinking: /home/vboxuser/duckietown_ws/install/duckietown_msgs/include/duckietown_msgs/duckietown_msgs/msg/detail/vehicle_corners__rosidl_typesupport_fastrtps_c.h\n'}
[245.205452] (duckietown_msgs) StdoutLine: {'line': b'-- Symlinking: /home/vboxuser/duckietown_ws/install/duckietown_msgs/include/duckietown_msgs/duckietown_msgs/msg/detail/vehicle_pose__rosidl_typesupport_fastrtps_c.h\n'}
[245.233776] (duckietown_msgs) StdoutLine: {'line': b'-- Symlinking: /home/vboxuser/duckietown_ws/install/duckietown_msgs/include/duckietown_msgs/duckietown_msgs/msg/detail/vsample__rosidl_typesupport_fastrtps_c.h\n'}
[245.245178] (-) TimerEvent: {}
[245.252525] (duckietown_msgs) StdoutLine: {'line': b'-- Symlinking: /home/vboxuser/duckietown_ws/install/duckietown_msgs/include/duckietown_msgs/duckietown_msgs/msg/detail/wheels_cmd__rosidl_typesupport_fastrtps_c.h\n'}
[245.269765] (duckietown_msgs) StdoutLine: {'line': b'-- Symlinking: /home/vboxuser/duckietown_ws/install/duckietown_msgs/include/duckietown_msgs/duckietown_msgs/msg/detail/wheels_cmd_stamped__rosidl_typesupport_fastrtps_c.h\n'}
[245.294381] (duckietown_msgs) StdoutLine: {'line': b'-- Symlinking: /home/vboxuser/duckietown_ws/install/duckietown_msgs/include/duckietown_msgs/duckietown_msgs/msg/rosidl_typesupport_fastrtps_c__visibility_control.h\n'}
[245.314439] (duckietown_msgs) StdoutLine: {'line': b'-- Symlinking: /home/vboxuser/duckietown_ws/install/duckietown_msgs/include/duckietown_msgs/duckietown_msgs/srv/detail/get_variable__rosidl_typesupport_fastrtps_c.h\n'}
[245.331680] (duckietown_msgs) StdoutLine: {'line': b'-- Symlinking: /home/vboxuser/duckietown_ws/install/duckietown_msgs/include/duckietown_msgs/duckietown_msgs/srv/detail/set_fsm_state__rosidl_typesupport_fastrtps_c.h\n'}
[245.346104] (-) TimerEvent: {}
[245.350895] (duckietown_msgs) StdoutLine: {'line': b'-- Symlinking: /home/vboxuser/duckietown_ws/install/duckietown_msgs/include/duckietown_msgs/duckietown_msgs/srv/detail/set_value__rosidl_typesupport_fastrtps_c.h\n'}
[245.367065] (duckietown_msgs) StdoutLine: {'line': b'-- Symlinking: /home/vboxuser/duckietown_ws/install/duckietown_msgs/include/duckietown_msgs/duckietown_msgs/srv/detail/set_variable__rosidl_typesupport_fastrtps_c.h\n'}
[245.394338] (duckietown_msgs) StdoutLine: {'line': b'-- Symlinking: /home/vboxuser/duckietown_ws/install/duckietown_msgs/include/duckietown_msgs/duckietown_msgs/msg/detail/anti_instagram_health__rosidl_typesupport_introspection_c.h\n'}
[245.414999] (duckietown_msgs) StdoutLine: {'line': b'-- Symlinking: /home/vboxuser/duckietown_ws/install/duckietown_msgs/include/duckietown_msgs/duckietown_msgs/msg/detail/anti_instagram_transform__rosidl_typesupport_introspection_c.h\n'}
[245.431633] (duckietown_msgs) StdoutLine: {'line': b'-- Symlinking: /home/vboxuser/duckietown_ws/install/duckietown_msgs/include/duckietown_msgs/duckietown_msgs/msg/detail/anti_instagram_transform_cb__rosidl_typesupport_introspection_c.h\n'}
[245.446327] (-) TimerEvent: {}
[245.450263] (duckietown_msgs) StdoutLine: {'line': b'-- Symlinking: /home/vboxuser/duckietown_ws/install/duckietown_msgs/include/duckietown_msgs/duckietown_msgs/msg/detail/april_tag_detection__rosidl_typesupport_introspection_c.h\n'}
[245.467651] (duckietown_msgs) StdoutLine: {'line': b'-- Symlinking: /home/vboxuser/duckietown_ws/install/duckietown_msgs/include/duckietown_msgs/duckietown_msgs/msg/detail/april_tag_detection_array__rosidl_typesupport_introspection_c.h\n'}
[245.493184] (duckietown_msgs) StdoutLine: {'line': b'-- Symlinking: /home/vboxuser/duckietown_ws/install/duckietown_msgs/include/duckietown_msgs/duckietown_msgs/msg/detail/april_tags_with_infos__rosidl_typesupport_introspection_c.h\n'}
[245.514872] (duckietown_msgs) StdoutLine: {'line': b'-- Symlinking: /home/vboxuser/duckietown_ws/install/duckietown_msgs/include/duckietown_msgs/duckietown_msgs/msg/detail/bool_stamped__rosidl_typesupport_introspection_c.h\n'}
[245.534494] (duckietown_msgs) StdoutLine: {'line': b'-- Symlinking: /home/vboxuser/duckietown_ws/install/duckietown_msgs/include/duckietown_msgs/duckietown_msgs/msg/detail/bool_stamped_ethz17__rosidl_typesupport_introspection_c.h\n'}
[245.547276] (-) TimerEvent: {}
[245.552045] (duckietown_msgs) StdoutLine: {'line': b'-- Symlinking: /home/vboxuser/duckietown_ws/install/duckietown_msgs/include/duckietown_msgs/duckietown_msgs/msg/detail/car_control__rosidl_typesupport_introspection_c.h\n'}
[245.572129] (duckietown_msgs) StdoutLine: {'line': b'-- Symlinking: /home/vboxuser/duckietown_ws/install/duckietown_msgs/include/duckietown_msgs/duckietown_msgs/msg/detail/coordination_clearance__rosidl_typesupport_introspection_c.h\n'}
[245.596974] (duckietown_msgs) StdoutLine: {'line': b'-- Symlinking: /home/vboxuser/duckietown_ws/install/duckietown_msgs/include/duckietown_msgs/duckietown_msgs/msg/detail/coordination_clearance_ethz17__rosidl_typesupport_introspection_c.h\n'}
[245.615960] (duckietown_msgs) StdoutLine: {'line': b'-- Symlinking: /home/vboxuser/duckietown_ws/install/duckietown_msgs/include/duckietown_msgs/duckietown_msgs/msg/detail/coordination_signal__rosidl_typesupport_introspection_c.h\n'}
[245.634620] (duckietown_msgs) StdoutLine: {'line': b'-- Symlinking: /home/vboxuser/duckietown_ws/install/duckietown_msgs/include/duckietown_msgs/duckietown_msgs/msg/detail/coordination_signal_ethz17__rosidl_typesupport_introspection_c.h\n'}
[245.648607] (-) TimerEvent: {}
[245.653135] (duckietown_msgs) StdoutLine: {'line': b'-- Symlinking: /home/vboxuser/duckietown_ws/install/duckietown_msgs/include/duckietown_msgs/duckietown_msgs/msg/detail/duckie_sensor__rosidl_typesupport_introspection_c.h\n'}
[245.669620] (duckietown_msgs) StdoutLine: {'line': b'-- Symlinking: /home/vboxuser/duckietown_ws/install/duckietown_msgs/include/duckietown_msgs/duckietown_msgs/msg/detail/fsm_state__rosidl_typesupport_introspection_c.h\n'}
[245.695396] (duckietown_msgs) StdoutLine: {'line': b'-- Symlinking: /home/vboxuser/duckietown_ws/install/duckietown_msgs/include/duckietown_msgs/duckietown_msgs/msg/detail/intersection_pose__rosidl_typesupport_introspection_c.h\n'}
[245.718671] (duckietown_msgs) StdoutLine: {'line': b'-- Symlinking: /home/vboxuser/duckietown_ws/install/duckietown_msgs/include/duckietown_msgs/duckietown_msgs/msg/detail/intersection_pose_img__rosidl_typesupport_introspection_c.h\n'}
[245.739025] (duckietown_msgs) StdoutLine: {'line': b'-- Symlinking: /home/vboxuser/duckietown_ws/install/duckietown_msgs/include/duckietown_msgs/duckietown_msgs/msg/detail/intersection_pose_img_debug__rosidl_typesupport_introspection_c.h\n'}
[245.749631] (-) TimerEvent: {}
[245.767215] (duckietown_msgs) StdoutLine: {'line': b'-- Symlinking: /home/vboxuser/duckietown_ws/install/duckietown_msgs/include/duckietown_msgs/duckietown_msgs/msg/detail/kinematics_parameters__rosidl_typesupport_introspection_c.h\n'}
[245.791964] (duckietown_msgs) StdoutLine: {'line': b'-- Symlinking: /home/vboxuser/duckietown_ws/install/duckietown_msgs/include/duckietown_msgs/duckietown_msgs/msg/detail/kinematics_weights__rosidl_typesupport_introspection_c.h\n'}
[245.810663] (duckietown_msgs) StdoutLine: {'line': b'-- Symlinking: /home/vboxuser/duckietown_ws/install/duckietown_msgs/include/duckietown_msgs/duckietown_msgs/msg/detail/lane_pose__rosidl_typesupport_introspection_c.h\n'}
[245.827698] (duckietown_msgs) StdoutLine: {'line': b'-- Symlinking: /home/vboxuser/duckietown_ws/install/duckietown_msgs/include/duckietown_msgs/duckietown_msgs/msg/detail/led_detection__rosidl_typesupport_introspection_c.h\n'}
[245.844357] (duckietown_msgs) StdoutLine: {'line': b'-- Symlinking: /home/vboxuser/duckietown_ws/install/duckietown_msgs/include/duckietown_msgs/duckietown_msgs/msg/detail/led_detection_array__rosidl_typesupport_introspection_c.h\n'}
[245.850046] (-) TimerEvent: {}
[245.861938] (duckietown_msgs) StdoutLine: {'line': b'-- Symlinking: /home/vboxuser/duckietown_ws/install/duckietown_msgs/include/duckietown_msgs/duckietown_msgs/msg/detail/led_detection_debug_info__rosidl_typesupport_introspection_c.h\n'}
[245.886215] (duckietown_msgs) StdoutLine: {'line': b'-- Symlinking: /home/vboxuser/duckietown_ws/install/duckietown_msgs/include/duckietown_msgs/duckietown_msgs/msg/detail/led_interpreter__rosidl_typesupport_introspection_c.h\n'}
[245.905530] (duckietown_msgs) StdoutLine: {'line': b'-- Symlinking: /home/vboxuser/duckietown_ws/install/duckietown_msgs/include/duckietown_msgs/duckietown_msgs/msg/detail/maintenance_state__rosidl_typesupport_introspection_c.h\n'}
[245.922593] (duckietown_msgs) StdoutLine: {'line': b'-- Symlinking: /home/vboxuser/duckietown_ws/install/duckietown_msgs/include/duckietown_msgs/duckietown_msgs/msg/detail/num__rosidl_typesupport_introspection_c.h\n'}
[245.942100] (duckietown_msgs) StdoutLine: {'line': b'-- Symlinking: /home/vboxuser/duckietown_ws/install/duckietown_msgs/include/duckietown_msgs/duckietown_msgs/msg/detail/obstacle_image_detection__rosidl_typesupport_introspection_c.h\n'}
[245.952295] (-) TimerEvent: {}
[245.957160] (duckietown_msgs) StdoutLine: {'line': b'-- Symlinking: /home/vboxuser/duckietown_ws/install/duckietown_msgs/include/duckietown_msgs/duckietown_msgs/msg/detail/obstacle_image_detection_list__rosidl_typesupport_introspection_c.h\n'}
[245.974637] (duckietown_msgs) StdoutLine: {'line': b'-- Symlinking: /home/vboxuser/duckietown_ws/install/duckietown_msgs/include/duckietown_msgs/duckietown_msgs/msg/detail/obstacle_projected_detection__rosidl_typesupport_introspection_c.h\n'}
[246.004588] (duckietown_msgs) StdoutLine: {'line': b'-- Symlinking: /home/vboxuser/duckietown_ws/install/duckietown_msgs/include/duckietown_msgs/duckietown_msgs/msg/detail/obstacle_projected_detection_list__rosidl_typesupport_introspection_c.h\n'}
[246.025685] (duckietown_msgs) StdoutLine: {'line': b'-- Symlinking: /home/vboxuser/duckietown_ws/install/duckietown_msgs/include/duckietown_msgs/duckietown_msgs/msg/detail/obstacle_type__rosidl_typesupport_introspection_c.h\n'}
[246.043774] (duckietown_msgs) StdoutLine: {'line': b'-- Symlinking: /home/vboxuser/duckietown_ws/install/duckietown_msgs/include/duckietown_msgs/duckietown_msgs/msg/detail/pixel__rosidl_typesupport_introspection_c.h\n'}
[246.054153] (-) TimerEvent: {}
[246.059451] (duckietown_msgs) StdoutLine: {'line': b'-- Symlinking: /home/vboxuser/duckietown_ws/install/duckietown_msgs/include/duckietown_msgs/duckietown_msgs/msg/detail/pose2_d_stamped__rosidl_typesupport_introspection_c.h\n'}
[246.077828] (duckietown_msgs) StdoutLine: {'line': b'-- Symlinking: /home/vboxuser/duckietown_ws/install/duckietown_msgs/include/duckietown_msgs/duckietown_msgs/msg/detail/rect__rosidl_typesupport_introspection_c.h\n'}
[246.106346] (duckietown_msgs) StdoutLine: {'line': b'-- Symlinking: /home/vboxuser/duckietown_ws/install/duckietown_msgs/include/duckietown_msgs/duckietown_msgs/msg/detail/rects__rosidl_typesupport_introspection_c.h\n'}
[246.124127] (duckietown_msgs) StdoutLine: {'line': b'-- Symlinking: /home/vboxuser/duckietown_ws/install/duckietown_msgs/include/duckietown_msgs/duckietown_msgs/msg/detail/scene_segments__rosidl_typesupport_introspection_c.h\n'}
[246.140395] (duckietown_msgs) StdoutLine: {'line': b'-- Symlinking: /home/vboxuser/duckietown_ws/install/duckietown_msgs/include/duckietown_msgs/duckietown_msgs/msg/detail/segment__rosidl_typesupport_introspection_c.h\n'}
[246.155271] (duckietown_msgs) StdoutLine: {'line': b'-- Symlinking: /home/vboxuser/duckietown_ws/install/duckietown_msgs/include/duckietown_msgs/duckietown_msgs/msg/detail/segment_list__rosidl_typesupport_introspection_c.h\n'}
[246.155448] (-) TimerEvent: {}
[246.176589] (duckietown_msgs) StdoutLine: {'line': b'-- Symlinking: /home/vboxuser/duckietown_ws/install/duckietown_msgs/include/duckietown_msgs/duckietown_msgs/msg/detail/signals_detection__rosidl_typesupport_introspection_c.h\n'}
[246.208177] (duckietown_msgs) StdoutLine: {'line': b'-- Symlinking: /home/vboxuser/duckietown_ws/install/duckietown_msgs/include/duckietown_msgs/duckietown_msgs/msg/detail/signals_detection_ethz17__rosidl_typesupport_introspection_c.h\n'}
[246.236978] (duckietown_msgs) StdoutLine: {'line': b'-- Symlinking: /home/vboxuser/duckietown_ws/install/duckietown_msgs/include/duckietown_msgs/duckietown_msgs/msg/detail/source_target_nodes__rosidl_typesupport_introspection_c.h\n'}
[246.255008] (duckietown_msgs) StdoutLine: {'line': b'-- Symlinking: /home/vboxuser/duckietown_ws/install/duckietown_msgs/include/duckietown_msgs/duckietown_msgs/msg/detail/stop_line_reading__rosidl_typesupport_introspection_c.h\n'}
[246.257360] (-) TimerEvent: {}
[246.274405] (duckietown_msgs) StdoutLine: {'line': b'-- Symlinking: /home/vboxuser/duckietown_ws/install/duckietown_msgs/include/duckietown_msgs/duckietown_msgs/msg/detail/tag_info__rosidl_typesupport_introspection_c.h\n'}
[246.302191] (duckietown_msgs) StdoutLine: {'line': b'-- Symlinking: /home/vboxuser/duckietown_ws/install/duckietown_msgs/include/duckietown_msgs/duckietown_msgs/msg/detail/theta_dot_sample__rosidl_typesupport_introspection_c.h\n'}
[246.320274] (duckietown_msgs) StdoutLine: {'line': b'-- Symlinking: /home/vboxuser/duckietown_ws/install/duckietown_msgs/include/duckietown_msgs/duckietown_msgs/msg/detail/trajectory__rosidl_typesupport_introspection_c.h\n'}
[246.336858] (duckietown_msgs) StdoutLine: {'line': b'-- Symlinking: /home/vboxuser/duckietown_ws/install/duckietown_msgs/include/duckietown_msgs/duckietown_msgs/msg/detail/turn_i_dand_type__rosidl_typesupport_introspection_c.h\n'}
[246.358127] (-) TimerEvent: {}
[246.363312] (duckietown_msgs) StdoutLine: {'line': b'-- Symlinking: /home/vboxuser/duckietown_ws/install/duckietown_msgs/include/duckietown_msgs/duckietown_msgs/msg/detail/twist2_d_stamped__rosidl_typesupport_introspection_c.h\n'}
[246.381571] (duckietown_msgs) StdoutLine: {'line': b'-- Symlinking: /home/vboxuser/duckietown_ws/install/duckietown_msgs/include/duckietown_msgs/duckietown_msgs/msg/detail/twist2_d_stamped_ethz17__rosidl_typesupport_introspection_c.h\n'}
[246.409210] (duckietown_msgs) StdoutLine: {'line': b'-- Symlinking: /home/vboxuser/duckietown_ws/install/duckietown_msgs/include/duckietown_msgs/duckietown_msgs/msg/detail/vector2_d__rosidl_typesupport_introspection_c.h\n'}
[246.430582] (duckietown_msgs) StdoutLine: {'line': b'-- Symlinking: /home/vboxuser/duckietown_ws/install/duckietown_msgs/include/duckietown_msgs/duckietown_msgs/msg/detail/vehicle_corners__rosidl_typesupport_introspection_c.h\n'}
[246.449630] (duckietown_msgs) StdoutLine: {'line': b'-- Symlinking: /home/vboxuser/duckietown_ws/install/duckietown_msgs/include/duckietown_msgs/duckietown_msgs/msg/detail/vehicle_pose__rosidl_typesupport_introspection_c.h\n'}
[246.459168] (-) TimerEvent: {}
[246.468158] (duckietown_msgs) StdoutLine: {'line': b'-- Symlinking: /home/vboxuser/duckietown_ws/install/duckietown_msgs/include/duckietown_msgs/duckietown_msgs/msg/detail/vsample__rosidl_typesupport_introspection_c.h\n'}
[246.484953] (duckietown_msgs) StdoutLine: {'line': b'-- Symlinking: /home/vboxuser/duckietown_ws/install/duckietown_msgs/include/duckietown_msgs/duckietown_msgs/msg/detail/wheels_cmd__rosidl_typesupport_introspection_c.h\n'}
[246.513731] (duckietown_msgs) StdoutLine: {'line': b'-- Symlinking: /home/vboxuser/duckietown_ws/install/duckietown_msgs/include/duckietown_msgs/duckietown_msgs/msg/detail/wheels_cmd_stamped__rosidl_typesupport_introspection_c.h\n'}
[246.532050] (duckietown_msgs) StdoutLine: {'line': b'-- Symlinking: /home/vboxuser/duckietown_ws/install/duckietown_msgs/include/duckietown_msgs/duckietown_msgs/msg/rosidl_typesupport_introspection_c__visibility_control.h\n'}
[246.549045] (duckietown_msgs) StdoutLine: {'line': b'-- Symlinking: /home/vboxuser/duckietown_ws/install/duckietown_msgs/include/duckietown_msgs/duckietown_msgs/srv/detail/get_variable__rosidl_typesupport_introspection_c.h\n'}
[246.561167] (-) TimerEvent: {}
[246.566500] (duckietown_msgs) StdoutLine: {'line': b'-- Symlinking: /home/vboxuser/duckietown_ws/install/duckietown_msgs/include/duckietown_msgs/duckietown_msgs/srv/detail/set_fsm_state__rosidl_typesupport_introspection_c.h\n'}
[246.588079] (duckietown_msgs) StdoutLine: {'line': b'-- Symlinking: /home/vboxuser/duckietown_ws/install/duckietown_msgs/include/duckietown_msgs/duckietown_msgs/srv/detail/set_value__rosidl_typesupport_introspection_c.h\n'}
[246.618043] (duckietown_msgs) StdoutLine: {'line': b'-- Symlinking: /home/vboxuser/duckietown_ws/install/duckietown_msgs/include/duckietown_msgs/duckietown_msgs/srv/detail/set_variable__rosidl_typesupport_introspection_c.h\n'}
[246.648709] (duckietown_msgs) StdoutLine: {'line': b'-- Symlinking: /home/vboxuser/duckietown_ws/install/duckietown_msgs/include/duckietown_msgs/duckietown_msgs/msg/anti_instagram_health.hpp\n'}
[246.662117] (-) TimerEvent: {}
[246.667617] (duckietown_msgs) StdoutLine: {'line': b'-- Symlinking: /home/vboxuser/duckietown_ws/install/duckietown_msgs/include/duckietown_msgs/duckietown_msgs/msg/anti_instagram_transform.hpp\n'}
[246.685378] (duckietown_msgs) StdoutLine: {'line': b'-- Symlinking: /home/vboxuser/duckietown_ws/install/duckietown_msgs/include/duckietown_msgs/duckietown_msgs/msg/anti_instagram_transform_cb.hpp\n'}
[246.727364] (duckietown_msgs) StdoutLine: {'line': b'-- Symlinking: /home/vboxuser/duckietown_ws/install/duckietown_msgs/include/duckietown_msgs/duckietown_msgs/msg/april_tag_detection.hpp\n'}
[246.757630] (duckietown_msgs) StdoutLine: {'line': b'-- Symlinking: /home/vboxuser/duckietown_ws/install/duckietown_msgs/include/duckietown_msgs/duckietown_msgs/msg/april_tag_detection_array.hpp\n'}
[246.762312] (-) TimerEvent: {}
[246.777169] (duckietown_msgs) StdoutLine: {'line': b'-- Symlinking: /home/vboxuser/duckietown_ws/install/duckietown_msgs/include/duckietown_msgs/duckietown_msgs/msg/april_tags_with_infos.hpp\n'}
[246.802330] (duckietown_msgs) StdoutLine: {'line': b'-- Symlinking: /home/vboxuser/duckietown_ws/install/duckietown_msgs/include/duckietown_msgs/duckietown_msgs/msg/bool_stamped.hpp\n'}
[246.821228] (duckietown_msgs) StdoutLine: {'line': b'-- Symlinking: /home/vboxuser/duckietown_ws/install/duckietown_msgs/include/duckietown_msgs/duckietown_msgs/msg/bool_stamped_ethz17.hpp\n'}
[246.838058] (duckietown_msgs) StdoutLine: {'line': b'-- Symlinking: /home/vboxuser/duckietown_ws/install/duckietown_msgs/include/duckietown_msgs/duckietown_msgs/msg/car_control.hpp\n'}
[246.854172] (duckietown_msgs) StdoutLine: {'line': b'-- Symlinking: /home/vboxuser/duckietown_ws/install/duckietown_msgs/include/duckietown_msgs/duckietown_msgs/msg/coordination_clearance.hpp\n'}
[246.863149] (-) TimerEvent: {}
[246.871546] (duckietown_msgs) StdoutLine: {'line': b'-- Symlinking: /home/vboxuser/duckietown_ws/install/duckietown_msgs/include/duckietown_msgs/duckietown_msgs/msg/coordination_clearance_ethz17.hpp\n'}
[246.889573] (duckietown_msgs) StdoutLine: {'line': b'-- Symlinking: /home/vboxuser/duckietown_ws/install/duckietown_msgs/include/duckietown_msgs/duckietown_msgs/msg/coordination_signal.hpp\n'}
[246.915409] (duckietown_msgs) StdoutLine: {'line': b'-- Symlinking: /home/vboxuser/duckietown_ws/install/duckietown_msgs/include/duckietown_msgs/duckietown_msgs/msg/coordination_signal_ethz17.hpp\n'}
[246.933171] (duckietown_msgs) StdoutLine: {'line': b'-- Symlinking: /home/vboxuser/duckietown_ws/install/duckietown_msgs/include/duckietown_msgs/duckietown_msgs/msg/detail/anti_instagram_health__builder.hpp\n'}
[246.958288] (duckietown_msgs) StdoutLine: {'line': b'-- Symlinking: /home/vboxuser/duckietown_ws/install/duckietown_msgs/include/duckietown_msgs/duckietown_msgs/msg/detail/anti_instagram_health__struct.hpp\n'}
[246.965333] (-) TimerEvent: {}
[246.977925] (duckietown_msgs) StdoutLine: {'line': b'-- Symlinking: /home/vboxuser/duckietown_ws/install/duckietown_msgs/include/duckietown_msgs/duckietown_msgs/msg/detail/anti_instagram_health__traits.hpp\n'}
[247.000147] (duckietown_msgs) StdoutLine: {'line': b'-- Symlinking: /home/vboxuser/duckietown_ws/install/duckietown_msgs/include/duckietown_msgs/duckietown_msgs/msg/detail/anti_instagram_health__type_support.hpp\n'}
[247.026169] (duckietown_msgs) StdoutLine: {'line': b'-- Symlinking: /home/vboxuser/duckietown_ws/install/duckietown_msgs/include/duckietown_msgs/duckietown_msgs/msg/detail/anti_instagram_transform__builder.hpp\n'}
[247.047722] (duckietown_msgs) StdoutLine: {'line': b'-- Symlinking: /home/vboxuser/duckietown_ws/install/duckietown_msgs/include/duckietown_msgs/duckietown_msgs/msg/detail/anti_instagram_transform__struct.hpp\n'}
[247.065353] (duckietown_msgs) StdoutLine: {'line': b'-- Symlinking: /home/vboxuser/duckietown_ws/install/duckietown_msgs/include/duckietown_msgs/duckietown_msgs/msg/detail/anti_instagram_transform__traits.hpp\n'}
[247.065538] (-) TimerEvent: {}
[247.081747] (duckietown_msgs) StdoutLine: {'line': b'-- Symlinking: /home/vboxuser/duckietown_ws/install/duckietown_msgs/include/duckietown_msgs/duckietown_msgs/msg/detail/anti_instagram_transform__type_support.hpp\n'}
[247.108926] (duckietown_msgs) StdoutLine: {'line': b'-- Symlinking: /home/vboxuser/duckietown_ws/install/duckietown_msgs/include/duckietown_msgs/duckietown_msgs/msg/detail/anti_instagram_transform_cb__builder.hpp\n'}
[247.125608] (duckietown_msgs) StdoutLine: {'line': b'-- Symlinking: /home/vboxuser/duckietown_ws/install/duckietown_msgs/include/duckietown_msgs/duckietown_msgs/msg/detail/anti_instagram_transform_cb__struct.hpp\n'}
[247.142342] (duckietown_msgs) StdoutLine: {'line': b'-- Symlinking: /home/vboxuser/duckietown_ws/install/duckietown_msgs/include/duckietown_msgs/duckietown_msgs/msg/detail/anti_instagram_transform_cb__traits.hpp\n'}
[247.163173] (duckietown_msgs) StdoutLine: {'line': b'-- Symlinking: /home/vboxuser/duckietown_ws/install/duckietown_msgs/include/duckietown_msgs/duckietown_msgs/msg/detail/anti_instagram_transform_cb__type_support.hpp\n'}
[247.165631] (-) TimerEvent: {}
[247.186036] (duckietown_msgs) StdoutLine: {'line': b'-- Symlinking: /home/vboxuser/duckietown_ws/install/duckietown_msgs/include/duckietown_msgs/duckietown_msgs/msg/detail/april_tag_detection__builder.hpp\n'}
[247.212876] (duckietown_msgs) StdoutLine: {'line': b'-- Symlinking: /home/vboxuser/duckietown_ws/install/duckietown_msgs/include/duckietown_msgs/duckietown_msgs/msg/detail/april_tag_detection__struct.hpp\n'}
[247.234796] (duckietown_msgs) StdoutLine: {'line': b'-- Symlinking: /home/vboxuser/duckietown_ws/install/duckietown_msgs/include/duckietown_msgs/duckietown_msgs/msg/detail/april_tag_detection__traits.hpp\n'}
[247.252698] (duckietown_msgs) StdoutLine: {'line': b'-- Symlinking: /home/vboxuser/duckietown_ws/install/duckietown_msgs/include/duckietown_msgs/duckietown_msgs/msg/detail/april_tag_detection__type_support.hpp\n'}
[247.266057] (-) TimerEvent: {}
[247.271272] (duckietown_msgs) StdoutLine: {'line': b'-- Symlinking: /home/vboxuser/duckietown_ws/install/duckietown_msgs/include/duckietown_msgs/duckietown_msgs/msg/detail/april_tag_detection_array__builder.hpp\n'}
[247.287594] (duckietown_msgs) StdoutLine: {'line': b'-- Symlinking: /home/vboxuser/duckietown_ws/install/duckietown_msgs/include/duckietown_msgs/duckietown_msgs/msg/detail/april_tag_detection_array__struct.hpp\n'}
[247.317550] (duckietown_msgs) StdoutLine: {'line': b'-- Symlinking: /home/vboxuser/duckietown_ws/install/duckietown_msgs/include/duckietown_msgs/duckietown_msgs/msg/detail/april_tag_detection_array__traits.hpp\n'}
[247.336874] (duckietown_msgs) StdoutLine: {'line': b'-- Symlinking: /home/vboxuser/duckietown_ws/install/duckietown_msgs/include/duckietown_msgs/duckietown_msgs/msg/detail/april_tag_detection_array__type_support.hpp\n'}
[247.353195] (duckietown_msgs) StdoutLine: {'line': b'-- Symlinking: /home/vboxuser/duckietown_ws/install/duckietown_msgs/include/duckietown_msgs/duckietown_msgs/msg/detail/april_tags_with_infos__builder.hpp\n'}
[247.366294] (-) TimerEvent: {}
[247.371335] (duckietown_msgs) StdoutLine: {'line': b'-- Symlinking: /home/vboxuser/duckietown_ws/install/duckietown_msgs/include/duckietown_msgs/duckietown_msgs/msg/detail/april_tags_with_infos__struct.hpp\n'}
[247.389055] (duckietown_msgs) StdoutLine: {'line': b'-- Symlinking: /home/vboxuser/duckietown_ws/install/duckietown_msgs/include/duckietown_msgs/duckietown_msgs/msg/detail/april_tags_with_infos__traits.hpp\n'}
[247.419665] (duckietown_msgs) StdoutLine: {'line': b'-- Symlinking: /home/vboxuser/duckietown_ws/install/duckietown_msgs/include/duckietown_msgs/duckietown_msgs/msg/detail/april_tags_with_infos__type_support.hpp\n'}
[247.437065] (duckietown_msgs) StdoutLine: {'line': b'-- Symlinking: /home/vboxuser/duckietown_ws/install/duckietown_msgs/include/duckietown_msgs/duckietown_msgs/msg/detail/bool_stamped__builder.hpp\n'}
[247.453554] (duckietown_msgs) StdoutLine: {'line': b'-- Symlinking: /home/vboxuser/duckietown_ws/install/duckietown_msgs/include/duckietown_msgs/duckietown_msgs/msg/detail/bool_stamped__struct.hpp\n'}
[247.466501] (-) TimerEvent: {}
[247.469686] (duckietown_msgs) StdoutLine: {'line': b'-- Symlinking: /home/vboxuser/duckietown_ws/install/duckietown_msgs/include/duckietown_msgs/duckietown_msgs/msg/detail/bool_stamped__traits.hpp\n'}
[247.489779] (duckietown_msgs) StdoutLine: {'line': b'-- Symlinking: /home/vboxuser/duckietown_ws/install/duckietown_msgs/include/duckietown_msgs/duckietown_msgs/msg/detail/bool_stamped__type_support.hpp\n'}
[247.515551] (duckietown_msgs) StdoutLine: {'line': b'-- Symlinking: /home/vboxuser/duckietown_ws/install/duckietown_msgs/include/duckietown_msgs/duckietown_msgs/msg/detail/bool_stamped_ethz17__builder.hpp\n'}
[247.534228] (duckietown_msgs) StdoutLine: {'line': b'-- Symlinking: /home/vboxuser/duckietown_ws/install/duckietown_msgs/include/duckietown_msgs/duckietown_msgs/msg/detail/bool_stamped_ethz17__struct.hpp\n'}
[247.559164] (duckietown_msgs) StdoutLine: {'line': b'-- Symlinking: /home/vboxuser/duckietown_ws/install/duckietown_msgs/include/duckietown_msgs/duckietown_msgs/msg/detail/bool_stamped_ethz17__traits.hpp\n'}
[247.573256] (-) TimerEvent: {}
[247.578888] (duckietown_msgs) StdoutLine: {'line': b'-- Symlinking: /home/vboxuser/duckietown_ws/install/duckietown_msgs/include/duckietown_msgs/duckietown_msgs/msg/detail/bool_stamped_ethz17__type_support.hpp\n'}
[247.596441] (duckietown_msgs) StdoutLine: {'line': b'-- Symlinking: /home/vboxuser/duckietown_ws/install/duckietown_msgs/include/duckietown_msgs/duckietown_msgs/msg/detail/car_control__builder.hpp\n'}
[247.624871] (duckietown_msgs) StdoutLine: {'line': b'-- Symlinking: /home/vboxuser/duckietown_ws/install/duckietown_msgs/include/duckietown_msgs/duckietown_msgs/msg/detail/car_control__struct.hpp\n'}
[247.648438] (duckietown_msgs) StdoutLine: {'line': b'-- Symlinking: /home/vboxuser/duckietown_ws/install/duckietown_msgs/include/duckietown_msgs/duckietown_msgs/msg/detail/car_control__traits.hpp\n'}
[247.690120] (-) TimerEvent: {}
[247.699973] (duckietown_msgs) StdoutLine: {'line': b'-- Symlinking: /home/vboxuser/duckietown_ws/install/duckietown_msgs/include/duckietown_msgs/duckietown_msgs/msg/detail/car_control__type_support.hpp\n'}
[247.745062] (duckietown_msgs) StdoutLine: {'line': b'-- Symlinking: /home/vboxuser/duckietown_ws/install/duckietown_msgs/include/duckietown_msgs/duckietown_msgs/msg/detail/coordination_clearance__builder.hpp\n'}
[247.790627] (-) TimerEvent: {}
[247.792489] (duckietown_msgs) StdoutLine: {'line': b'-- Symlinking: /home/vboxuser/duckietown_ws/install/duckietown_msgs/include/duckietown_msgs/duckietown_msgs/msg/detail/coordination_clearance__struct.hpp\n'}
[247.818165] (duckietown_msgs) StdoutLine: {'line': b'-- Symlinking: /home/vboxuser/duckietown_ws/install/duckietown_msgs/include/duckietown_msgs/duckietown_msgs/msg/detail/coordination_clearance__traits.hpp\n'}
[247.854825] (duckietown_msgs) StdoutLine: {'line': b'-- Symlinking: /home/vboxuser/duckietown_ws/install/duckietown_msgs/include/duckietown_msgs/duckietown_msgs/msg/detail/coordination_clearance__type_support.hpp\n'}
[247.897176] (-) TimerEvent: {}
[247.901973] (duckietown_msgs) StdoutLine: {'line': b'-- Symlinking: /home/vboxuser/duckietown_ws/install/duckietown_msgs/include/duckietown_msgs/duckietown_msgs/msg/detail/coordination_clearance_ethz17__builder.hpp\n'}
[247.934833] (duckietown_msgs) StdoutLine: {'line': b'-- Symlinking: /home/vboxuser/duckietown_ws/install/duckietown_msgs/include/duckietown_msgs/duckietown_msgs/msg/detail/coordination_clearance_ethz17__struct.hpp\n'}
[247.962627] (duckietown_msgs) StdoutLine: {'line': b'-- Symlinking: /home/vboxuser/duckietown_ws/install/duckietown_msgs/include/duckietown_msgs/duckietown_msgs/msg/detail/coordination_clearance_ethz17__traits.hpp\n'}
[247.980915] (duckietown_msgs) StdoutLine: {'line': b'-- Symlinking: /home/vboxuser/duckietown_ws/install/duckietown_msgs/include/duckietown_msgs/duckietown_msgs/msg/detail/coordination_clearance_ethz17__type_support.hpp\n'}
[247.997139] (duckietown_msgs) StdoutLine: {'line': b'-- Symlinking: /home/vboxuser/duckietown_ws/install/duckietown_msgs/include/duckietown_msgs/duckietown_msgs/msg/detail/coordination_signal__builder.hpp\n'}
[247.997302] (-) TimerEvent: {}
[248.015366] (duckietown_msgs) StdoutLine: {'line': b'-- Symlinking: /home/vboxuser/duckietown_ws/install/duckietown_msgs/include/duckietown_msgs/duckietown_msgs/msg/detail/coordination_signal__struct.hpp\n'}
[248.044568] (duckietown_msgs) StdoutLine: {'line': b'-- Symlinking: /home/vboxuser/duckietown_ws/install/duckietown_msgs/include/duckietown_msgs/duckietown_msgs/msg/detail/coordination_signal__traits.hpp\n'}
[248.065166] (duckietown_msgs) StdoutLine: {'line': b'-- Symlinking: /home/vboxuser/duckietown_ws/install/duckietown_msgs/include/duckietown_msgs/duckietown_msgs/msg/detail/coordination_signal__type_support.hpp\n'}
[248.081877] (duckietown_msgs) StdoutLine: {'line': b'-- Symlinking: /home/vboxuser/duckietown_ws/install/duckietown_msgs/include/duckietown_msgs/duckietown_msgs/msg/detail/coordination_signal_ethz17__builder.hpp\n'}
[248.097342] (duckietown_msgs) StdoutLine: {'line': b'-- Symlinking: /home/vboxuser/duckietown_ws/install/duckietown_msgs/include/duckietown_msgs/duckietown_msgs/msg/detail/coordination_signal_ethz17__struct.hpp\n'}
[248.097514] (-) TimerEvent: {}
[248.115603] (duckietown_msgs) StdoutLine: {'line': b'-- Symlinking: /home/vboxuser/duckietown_ws/install/duckietown_msgs/include/duckietown_msgs/duckietown_msgs/msg/detail/coordination_signal_ethz17__traits.hpp\n'}
[248.139835] (duckietown_msgs) StdoutLine: {'line': b'-- Symlinking: /home/vboxuser/duckietown_ws/install/duckietown_msgs/include/duckietown_msgs/duckietown_msgs/msg/detail/coordination_signal_ethz17__type_support.hpp\n'}
[248.168967] (duckietown_msgs) StdoutLine: {'line': b'-- Symlinking: /home/vboxuser/duckietown_ws/install/duckietown_msgs/include/duckietown_msgs/duckietown_msgs/msg/detail/duckie_sensor__builder.hpp\n'}
[248.193393] (duckietown_msgs) StdoutLine: {'line': b'-- Symlinking: /home/vboxuser/duckietown_ws/install/duckietown_msgs/include/duckietown_msgs/duckietown_msgs/msg/detail/duckie_sensor__struct.hpp\n'}
[248.205870] (-) TimerEvent: {}
[248.222888] (duckietown_msgs) StdoutLine: {'line': b'-- Symlinking: /home/vboxuser/duckietown_ws/install/duckietown_msgs/include/duckietown_msgs/duckietown_msgs/msg/detail/duckie_sensor__traits.hpp\n'}
[248.250154] (duckietown_msgs) StdoutLine: {'line': b'-- Symlinking: /home/vboxuser/duckietown_ws/install/duckietown_msgs/include/duckietown_msgs/duckietown_msgs/msg/detail/duckie_sensor__type_support.hpp\n'}
[248.267782] (duckietown_msgs) StdoutLine: {'line': b'-- Symlinking: /home/vboxuser/duckietown_ws/install/duckietown_msgs/include/duckietown_msgs/duckietown_msgs/msg/detail/fsm_state__builder.hpp\n'}
[248.284875] (duckietown_msgs) StdoutLine: {'line': b'-- Symlinking: /home/vboxuser/duckietown_ws/install/duckietown_msgs/include/duckietown_msgs/duckietown_msgs/msg/detail/fsm_state__struct.hpp\n'}
[248.300799] (duckietown_msgs) StdoutLine: {'line': b'-- Symlinking: /home/vboxuser/duckietown_ws/install/duckietown_msgs/include/duckietown_msgs/duckietown_msgs/msg/detail/fsm_state__traits.hpp\n'}
[248.306267] (-) TimerEvent: {}
[248.318170] (duckietown_msgs) StdoutLine: {'line': b'-- Symlinking: /home/vboxuser/duckietown_ws/install/duckietown_msgs/include/duckietown_msgs/duckietown_msgs/msg/detail/fsm_state__type_support.hpp\n'}
[248.336782] (duckietown_msgs) StdoutLine: {'line': b'-- Symlinking: /home/vboxuser/duckietown_ws/install/duckietown_msgs/include/duckietown_msgs/duckietown_msgs/msg/detail/intersection_pose__builder.hpp\n'}
[248.363100] (duckietown_msgs) StdoutLine: {'line': b'-- Symlinking: /home/vboxuser/duckietown_ws/install/duckietown_msgs/include/duckietown_msgs/duckietown_msgs/msg/detail/intersection_pose__struct.hpp\n'}
[248.381144] (duckietown_msgs) StdoutLine: {'line': b'-- Symlinking: /home/vboxuser/duckietown_ws/install/duckietown_msgs/include/duckietown_msgs/duckietown_msgs/msg/detail/intersection_pose__traits.hpp\n'}
[248.396424] (duckietown_msgs) StdoutLine: {'line': b'-- Symlinking: /home/vboxuser/duckietown_ws/install/duckietown_msgs/include/duckietown_msgs/duckietown_msgs/msg/detail/intersection_pose__type_support.hpp\n'}
[248.411113] (-) TimerEvent: {}
[248.415093] (duckietown_msgs) StdoutLine: {'line': b'-- Symlinking: /home/vboxuser/duckietown_ws/install/duckietown_msgs/include/duckietown_msgs/duckietown_msgs/msg/detail/intersection_pose_img__builder.hpp\n'}
[248.432106] (duckietown_msgs) StdoutLine: {'line': b'-- Symlinking: /home/vboxuser/duckietown_ws/install/duckietown_msgs/include/duckietown_msgs/duckietown_msgs/msg/detail/intersection_pose_img__struct.hpp\n'}
[248.460678] (duckietown_msgs) StdoutLine: {'line': b'-- Symlinking: /home/vboxuser/duckietown_ws/install/duckietown_msgs/include/duckietown_msgs/duckietown_msgs/msg/detail/intersection_pose_img__traits.hpp\n'}
[248.481131] (duckietown_msgs) StdoutLine: {'line': b'-- Symlinking: /home/vboxuser/duckietown_ws/install/duckietown_msgs/include/duckietown_msgs/duckietown_msgs/msg/detail/intersection_pose_img__type_support.hpp\n'}
[248.498060] (duckietown_msgs) StdoutLine: {'line': b'-- Symlinking: /home/vboxuser/duckietown_ws/install/duckietown_msgs/include/duckietown_msgs/duckietown_msgs/msg/detail/intersection_pose_img_debug__builder.hpp\n'}
[248.511348] (-) TimerEvent: {}
[248.514260] (duckietown_msgs) StdoutLine: {'line': b'-- Symlinking: /home/vboxuser/duckietown_ws/install/duckietown_msgs/include/duckietown_msgs/duckietown_msgs/msg/detail/intersection_pose_img_debug__struct.hpp\n'}
[248.532291] (duckietown_msgs) StdoutLine: {'line': b'-- Symlinking: /home/vboxuser/duckietown_ws/install/duckietown_msgs/include/duckietown_msgs/duckietown_msgs/msg/detail/intersection_pose_img_debug__traits.hpp\n'}
[248.557077] (duckietown_msgs) StdoutLine: {'line': b'-- Symlinking: /home/vboxuser/duckietown_ws/install/duckietown_msgs/include/duckietown_msgs/duckietown_msgs/msg/detail/intersection_pose_img_debug__type_support.hpp\n'}
[248.575553] (duckietown_msgs) StdoutLine: {'line': b'-- Symlinking: /home/vboxuser/duckietown_ws/install/duckietown_msgs/include/duckietown_msgs/duckietown_msgs/msg/detail/kinematics_parameters__builder.hpp\n'}
[248.592105] (duckietown_msgs) StdoutLine: {'line': b'-- Symlinking: /home/vboxuser/duckietown_ws/install/duckietown_msgs/include/duckietown_msgs/duckietown_msgs/msg/detail/kinematics_parameters__struct.hpp\n'}
[248.608497] (duckietown_msgs) StdoutLine: {'line': b'-- Symlinking: /home/vboxuser/duckietown_ws/install/duckietown_msgs/include/duckietown_msgs/duckietown_msgs/msg/detail/kinematics_parameters__traits.hpp\n'}
[248.612118] (-) TimerEvent: {}
[248.625973] (duckietown_msgs) StdoutLine: {'line': b'-- Symlinking: /home/vboxuser/duckietown_ws/install/duckietown_msgs/include/duckietown_msgs/duckietown_msgs/msg/detail/kinematics_parameters__type_support.hpp\n'}
[248.651897] (duckietown_msgs) StdoutLine: {'line': b'-- Symlinking: /home/vboxuser/duckietown_ws/install/duckietown_msgs/include/duckietown_msgs/duckietown_msgs/msg/detail/kinematics_weights__builder.hpp\n'}
[248.669587] (duckietown_msgs) StdoutLine: {'line': b'-- Symlinking: /home/vboxuser/duckietown_ws/install/duckietown_msgs/include/duckietown_msgs/duckietown_msgs/msg/detail/kinematics_weights__struct.hpp\n'}
[248.686606] (duckietown_msgs) StdoutLine: {'line': b'-- Symlinking: /home/vboxuser/duckietown_ws/install/duckietown_msgs/include/duckietown_msgs/duckietown_msgs/msg/detail/kinematics_weights__traits.hpp\n'}
[248.702984] (duckietown_msgs) StdoutLine: {'line': b'-- Symlinking: /home/vboxuser/duckietown_ws/install/duckietown_msgs/include/duckietown_msgs/duckietown_msgs/msg/detail/kinematics_weights__type_support.hpp\n'}
[248.712998] (-) TimerEvent: {}
[248.721159] (duckietown_msgs) StdoutLine: {'line': b'-- Symlinking: /home/vboxuser/duckietown_ws/install/duckietown_msgs/include/duckietown_msgs/duckietown_msgs/msg/detail/lane_pose__builder.hpp\n'}
[248.751775] (duckietown_msgs) StdoutLine: {'line': b'-- Symlinking: /home/vboxuser/duckietown_ws/install/duckietown_msgs/include/duckietown_msgs/duckietown_msgs/msg/detail/lane_pose__struct.hpp\n'}
[248.778251] (duckietown_msgs) StdoutLine: {'line': b'-- Symlinking: /home/vboxuser/duckietown_ws/install/duckietown_msgs/include/duckietown_msgs/duckietown_msgs/msg/detail/lane_pose__traits.hpp\n'}
[248.796443] (duckietown_msgs) StdoutLine: {'line': b'-- Symlinking: /home/vboxuser/duckietown_ws/install/duckietown_msgs/include/duckietown_msgs/duckietown_msgs/msg/detail/lane_pose__type_support.hpp\n'}
[248.812958] (duckietown_msgs) StdoutLine: {'line': b'-- Symlinking: /home/vboxuser/duckietown_ws/install/duckietown_msgs/include/duckietown_msgs/duckietown_msgs/msg/detail/led_detection__builder.hpp\n'}
[248.813131] (-) TimerEvent: {}
[248.829360] (duckietown_msgs) StdoutLine: {'line': b'-- Symlinking: /home/vboxuser/duckietown_ws/install/duckietown_msgs/include/duckietown_msgs/duckietown_msgs/msg/detail/led_detection__struct.hpp\n'}
[248.857090] (duckietown_msgs) StdoutLine: {'line': b'-- Symlinking: /home/vboxuser/duckietown_ws/install/duckietown_msgs/include/duckietown_msgs/duckietown_msgs/msg/detail/led_detection__traits.hpp\n'}
[248.876259] (duckietown_msgs) StdoutLine: {'line': b'-- Symlinking: /home/vboxuser/duckietown_ws/install/duckietown_msgs/include/duckietown_msgs/duckietown_msgs/msg/detail/led_detection__type_support.hpp\n'}
[248.893143] (duckietown_msgs) StdoutLine: {'line': b'-- Symlinking: /home/vboxuser/duckietown_ws/install/duckietown_msgs/include/duckietown_msgs/duckietown_msgs/msg/detail/led_detection_array__builder.hpp\n'}
[248.909538] (duckietown_msgs) StdoutLine: {'line': b'-- Symlinking: /home/vboxuser/duckietown_ws/install/duckietown_msgs/include/duckietown_msgs/duckietown_msgs/msg/detail/led_detection_array__struct.hpp\n'}
[248.920305] (-) TimerEvent: {}
[248.925075] (duckietown_msgs) StdoutLine: {'line': b'-- Symlinking: /home/vboxuser/duckietown_ws/install/duckietown_msgs/include/duckietown_msgs/duckietown_msgs/msg/detail/led_detection_array__traits.hpp\n'}
[248.943854] (duckietown_msgs) StdoutLine: {'line': b'-- Symlinking: /home/vboxuser/duckietown_ws/install/duckietown_msgs/include/duckietown_msgs/duckietown_msgs/msg/detail/led_detection_array__type_support.hpp\n'}
[248.969572] (duckietown_msgs) StdoutLine: {'line': b'-- Symlinking: /home/vboxuser/duckietown_ws/install/duckietown_msgs/include/duckietown_msgs/duckietown_msgs/msg/detail/led_detection_debug_info__builder.hpp\n'}
[248.986552] (duckietown_msgs) StdoutLine: {'line': b'-- Symlinking: /home/vboxuser/duckietown_ws/install/duckietown_msgs/include/duckietown_msgs/duckietown_msgs/msg/detail/led_detection_debug_info__struct.hpp\n'}
[249.002548] (duckietown_msgs) StdoutLine: {'line': b'-- Symlinking: /home/vboxuser/duckietown_ws/install/duckietown_msgs/include/duckietown_msgs/duckietown_msgs/msg/detail/led_detection_debug_info__traits.hpp\n'}
[249.021018] (duckietown_msgs) StdoutLine: {'line': b'-- Symlinking: /home/vboxuser/duckietown_ws/install/duckietown_msgs/include/duckietown_msgs/duckietown_msgs/msg/detail/led_detection_debug_info__type_support.hpp\n'}
[249.021273] (-) TimerEvent: {}
[249.039689] (duckietown_msgs) StdoutLine: {'line': b'-- Symlinking: /home/vboxuser/duckietown_ws/install/duckietown_msgs/include/duckietown_msgs/duckietown_msgs/msg/detail/led_interpreter__builder.hpp\n'}
[249.068683] (duckietown_msgs) StdoutLine: {'line': b'-- Symlinking: /home/vboxuser/duckietown_ws/install/duckietown_msgs/include/duckietown_msgs/duckietown_msgs/msg/detail/led_interpreter__struct.hpp\n'}
[249.090952] (duckietown_msgs) StdoutLine: {'line': b'-- Symlinking: /home/vboxuser/duckietown_ws/install/duckietown_msgs/include/duckietown_msgs/duckietown_msgs/msg/detail/led_interpreter__traits.hpp\n'}
[249.106530] (duckietown_msgs) StdoutLine: {'line': b'-- Symlinking: /home/vboxuser/duckietown_ws/install/duckietown_msgs/include/duckietown_msgs/duckietown_msgs/msg/detail/led_interpreter__type_support.hpp\n'}
[249.123317] (duckietown_msgs) StdoutLine: {'line': b'-- Symlinking: /home/vboxuser/duckietown_ws/install/duckietown_msgs/include/duckietown_msgs/duckietown_msgs/msg/detail/maintenance_state__builder.hpp\n'}
[249.123475] (-) TimerEvent: {}
[249.139461] (duckietown_msgs) StdoutLine: {'line': b'-- Symlinking: /home/vboxuser/duckietown_ws/install/duckietown_msgs/include/duckietown_msgs/duckietown_msgs/msg/detail/maintenance_state__struct.hpp\n'}
[249.165016] (duckietown_msgs) StdoutLine: {'line': b'-- Symlinking: /home/vboxuser/duckietown_ws/install/duckietown_msgs/include/duckietown_msgs/duckietown_msgs/msg/detail/maintenance_state__traits.hpp\n'}
[249.190383] (duckietown_msgs) StdoutLine: {'line': b'-- Symlinking: /home/vboxuser/duckietown_ws/install/duckietown_msgs/include/duckietown_msgs/duckietown_msgs/msg/detail/maintenance_state__type_support.hpp\n'}
[249.210712] (duckietown_msgs) StdoutLine: {'line': b'-- Symlinking: /home/vboxuser/duckietown_ws/install/duckietown_msgs/include/duckietown_msgs/duckietown_msgs/msg/detail/num__builder.hpp\n'}
[249.224818] (-) TimerEvent: {}
[249.237479] (duckietown_msgs) StdoutLine: {'line': b'-- Symlinking: /home/vboxuser/duckietown_ws/install/duckietown_msgs/include/duckietown_msgs/duckietown_msgs/msg/detail/num__struct.hpp\n'}
[249.265049] (duckietown_msgs) StdoutLine: {'line': b'-- Symlinking: /home/vboxuser/duckietown_ws/install/duckietown_msgs/include/duckietown_msgs/duckietown_msgs/msg/detail/num__traits.hpp\n'}
[249.284866] (duckietown_msgs) StdoutLine: {'line': b'-- Symlinking: /home/vboxuser/duckietown_ws/install/duckietown_msgs/include/duckietown_msgs/duckietown_msgs/msg/detail/num__type_support.hpp\n'}
[249.301796] (duckietown_msgs) StdoutLine: {'line': b'-- Symlinking: /home/vboxuser/duckietown_ws/install/duckietown_msgs/include/duckietown_msgs/duckietown_msgs/msg/detail/obstacle_image_detection__builder.hpp\n'}
[249.318578] (duckietown_msgs) StdoutLine: {'line': b'-- Symlinking: /home/vboxuser/duckietown_ws/install/duckietown_msgs/include/duckietown_msgs/duckietown_msgs/msg/detail/obstacle_image_detection__struct.hpp\n'}
[249.328072] (-) TimerEvent: {}
[249.343257] (duckietown_msgs) StdoutLine: {'line': b'-- Symlinking: /home/vboxuser/duckietown_ws/install/duckietown_msgs/include/duckietown_msgs/duckietown_msgs/msg/detail/obstacle_image_detection__traits.hpp\n'}
[249.366330] (duckietown_msgs) StdoutLine: {'line': b'-- Symlinking: /home/vboxuser/duckietown_ws/install/duckietown_msgs/include/duckietown_msgs/duckietown_msgs/msg/detail/obstacle_image_detection__type_support.hpp\n'}
[249.390868] (duckietown_msgs) StdoutLine: {'line': b'-- Symlinking: /home/vboxuser/duckietown_ws/install/duckietown_msgs/include/duckietown_msgs/duckietown_msgs/msg/detail/obstacle_image_detection_list__builder.hpp\n'}
[249.408879] (duckietown_msgs) StdoutLine: {'line': b'-- Symlinking: /home/vboxuser/duckietown_ws/install/duckietown_msgs/include/duckietown_msgs/duckietown_msgs/msg/detail/obstacle_image_detection_list__struct.hpp\n'}
[249.425030] (duckietown_msgs) StdoutLine: {'line': b'-- Symlinking: /home/vboxuser/duckietown_ws/install/duckietown_msgs/include/duckietown_msgs/duckietown_msgs/msg/detail/obstacle_image_detection_list__traits.hpp\n'}
[249.429058] (-) TimerEvent: {}
[249.445629] (duckietown_msgs) StdoutLine: {'line': b'-- Symlinking: /home/vboxuser/duckietown_ws/install/duckietown_msgs/include/duckietown_msgs/duckietown_msgs/msg/detail/obstacle_image_detection_list__type_support.hpp\n'}
[249.473266] (duckietown_msgs) StdoutLine: {'line': b'-- Symlinking: /home/vboxuser/duckietown_ws/install/duckietown_msgs/include/duckietown_msgs/duckietown_msgs/msg/detail/obstacle_projected_detection__builder.hpp\n'}
[249.490791] (duckietown_msgs) StdoutLine: {'line': b'-- Symlinking: /home/vboxuser/duckietown_ws/install/duckietown_msgs/include/duckietown_msgs/duckietown_msgs/msg/detail/obstacle_projected_detection__struct.hpp\n'}
[249.509256] (duckietown_msgs) StdoutLine: {'line': b'-- Symlinking: /home/vboxuser/duckietown_ws/install/duckietown_msgs/include/duckietown_msgs/duckietown_msgs/msg/detail/obstacle_projected_detection__traits.hpp\n'}
[249.523581] (duckietown_msgs) StdoutLine: {'line': b'-- Symlinking: /home/vboxuser/duckietown_ws/install/duckietown_msgs/include/duckietown_msgs/duckietown_msgs/msg/detail/obstacle_projected_detection__type_support.hpp\n'}
[249.537263] (-) TimerEvent: {}
[249.541368] (duckietown_msgs) StdoutLine: {'line': b'-- Symlinking: /home/vboxuser/duckietown_ws/install/duckietown_msgs/include/duckietown_msgs/duckietown_msgs/msg/detail/obstacle_projected_detection_list__builder.hpp\n'}
[249.561240] (duckietown_msgs) StdoutLine: {'line': b'-- Symlinking: /home/vboxuser/duckietown_ws/install/duckietown_msgs/include/duckietown_msgs/duckietown_msgs/msg/detail/obstacle_projected_detection_list__struct.hpp\n'}
[249.587004] (duckietown_msgs) StdoutLine: {'line': b'-- Symlinking: /home/vboxuser/duckietown_ws/install/duckietown_msgs/include/duckietown_msgs/duckietown_msgs/msg/detail/obstacle_projected_detection_list__traits.hpp\n'}
[249.603600] (duckietown_msgs) StdoutLine: {'line': b'-- Symlinking: /home/vboxuser/duckietown_ws/install/duckietown_msgs/include/duckietown_msgs/duckietown_msgs/msg/detail/obstacle_projected_detection_list__type_support.hpp\n'}
[249.621585] (duckietown_msgs) StdoutLine: {'line': b'-- Symlinking: /home/vboxuser/duckietown_ws/install/duckietown_msgs/include/duckietown_msgs/duckietown_msgs/msg/detail/obstacle_type__builder.hpp\n'}
[249.637420] (-) TimerEvent: {}
[249.638897] (duckietown_msgs) StdoutLine: {'line': b'-- Symlinking: /home/vboxuser/duckietown_ws/install/duckietown_msgs/include/duckietown_msgs/duckietown_msgs/msg/detail/obstacle_type__struct.hpp\n'}
[249.658639] (duckietown_msgs) StdoutLine: {'line': b'-- Symlinking: /home/vboxuser/duckietown_ws/install/duckietown_msgs/include/duckietown_msgs/duckietown_msgs/msg/detail/obstacle_type__traits.hpp\n'}
[249.683235] (duckietown_msgs) StdoutLine: {'line': b'-- Symlinking: /home/vboxuser/duckietown_ws/install/duckietown_msgs/include/duckietown_msgs/duckietown_msgs/msg/detail/obstacle_type__type_support.hpp\n'}
[249.701989] (duckietown_msgs) StdoutLine: {'line': b'-- Symlinking: /home/vboxuser/duckietown_ws/install/duckietown_msgs/include/duckietown_msgs/duckietown_msgs/msg/detail/pixel__builder.hpp\n'}
[249.718958] (duckietown_msgs) StdoutLine: {'line': b'-- Symlinking: /home/vboxuser/duckietown_ws/install/duckietown_msgs/include/duckietown_msgs/duckietown_msgs/msg/detail/pixel__struct.hpp\n'}
[249.738302] (duckietown_msgs) StdoutLine: {'line': b'-- Symlinking: /home/vboxuser/duckietown_ws/install/duckietown_msgs/include/duckietown_msgs/duckietown_msgs/msg/detail/pixel__traits.hpp\n'}
[249.738493] (-) TimerEvent: {}
[249.757201] (duckietown_msgs) StdoutLine: {'line': b'-- Symlinking: /home/vboxuser/duckietown_ws/install/duckietown_msgs/include/duckietown_msgs/duckietown_msgs/msg/detail/pixel__type_support.hpp\n'}
[249.782309] (duckietown_msgs) StdoutLine: {'line': b'-- Symlinking: /home/vboxuser/duckietown_ws/install/duckietown_msgs/include/duckietown_msgs/duckietown_msgs/msg/detail/pose2_d_stamped__builder.hpp\n'}
[249.799786] (duckietown_msgs) StdoutLine: {'line': b'-- Symlinking: /home/vboxuser/duckietown_ws/install/duckietown_msgs/include/duckietown_msgs/duckietown_msgs/msg/detail/pose2_d_stamped__struct.hpp\n'}
[249.816234] (duckietown_msgs) StdoutLine: {'line': b'-- Symlinking: /home/vboxuser/duckietown_ws/install/duckietown_msgs/include/duckietown_msgs/duckietown_msgs/msg/detail/pose2_d_stamped__traits.hpp\n'}
[249.831346] (duckietown_msgs) StdoutLine: {'line': b'-- Symlinking: /home/vboxuser/duckietown_ws/install/duckietown_msgs/include/duckietown_msgs/duckietown_msgs/msg/detail/pose2_d_stamped__type_support.hpp\n'}
[249.843990] (-) TimerEvent: {}
[249.848186] (duckietown_msgs) StdoutLine: {'line': b'-- Symlinking: /home/vboxuser/duckietown_ws/install/duckietown_msgs/include/duckietown_msgs/duckietown_msgs/msg/detail/rect__builder.hpp\n'}
[249.866236] (duckietown_msgs) StdoutLine: {'line': b'-- Symlinking: /home/vboxuser/duckietown_ws/install/duckietown_msgs/include/duckietown_msgs/duckietown_msgs/msg/detail/rect__struct.hpp\n'}
[249.892447] (duckietown_msgs) StdoutLine: {'line': b'-- Symlinking: /home/vboxuser/duckietown_ws/install/duckietown_msgs/include/duckietown_msgs/duckietown_msgs/msg/detail/rect__traits.hpp\n'}
[249.909917] (duckietown_msgs) StdoutLine: {'line': b'-- Symlinking: /home/vboxuser/duckietown_ws/install/duckietown_msgs/include/duckietown_msgs/duckietown_msgs/msg/detail/rect__type_support.hpp\n'}
[249.927253] (duckietown_msgs) StdoutLine: {'line': b'-- Symlinking: /home/vboxuser/duckietown_ws/install/duckietown_msgs/include/duckietown_msgs/duckietown_msgs/msg/detail/rects__builder.hpp\n'}
[249.944153] (duckietown_msgs) StdoutLine: {'line': b'-- Symlinking: /home/vboxuser/duckietown_ws/install/duckietown_msgs/include/duckietown_msgs/duckietown_msgs/msg/detail/rects__struct.hpp\n'}
[249.944331] (-) TimerEvent: {}
[249.961863] (duckietown_msgs) StdoutLine: {'line': b'-- Symlinking: /home/vboxuser/duckietown_ws/install/duckietown_msgs/include/duckietown_msgs/duckietown_msgs/msg/detail/rects__traits.hpp\n'}
[249.987455] (duckietown_msgs) StdoutLine: {'line': b'-- Symlinking: /home/vboxuser/duckietown_ws/install/duckietown_msgs/include/duckietown_msgs/duckietown_msgs/msg/detail/rects__type_support.hpp\n'}
[250.005501] (duckietown_msgs) StdoutLine: {'line': b'-- Symlinking: /home/vboxuser/duckietown_ws/install/duckietown_msgs/include/duckietown_msgs/duckietown_msgs/msg/detail/scene_segments__builder.hpp\n'}
[250.022860] (duckietown_msgs) StdoutLine: {'line': b'-- Symlinking: /home/vboxuser/duckietown_ws/install/duckietown_msgs/include/duckietown_msgs/duckietown_msgs/msg/detail/scene_segments__struct.hpp\n'}
[250.038801] (duckietown_msgs) StdoutLine: {'line': b'-- Symlinking: /home/vboxuser/duckietown_ws/install/duckietown_msgs/include/duckietown_msgs/duckietown_msgs/msg/detail/scene_segments__traits.hpp\n'}
[250.051338] (-) TimerEvent: {}
[250.056237] (duckietown_msgs) StdoutLine: {'line': b'-- Symlinking: /home/vboxuser/duckietown_ws/install/duckietown_msgs/include/duckietown_msgs/duckietown_msgs/msg/detail/scene_segments__type_support.hpp\n'}
[250.073181] (duckietown_msgs) StdoutLine: {'line': b'-- Symlinking: /home/vboxuser/duckietown_ws/install/duckietown_msgs/include/duckietown_msgs/duckietown_msgs/msg/detail/segment__builder.hpp\n'}
[250.106355] (duckietown_msgs) StdoutLine: {'line': b'-- Symlinking: /home/vboxuser/duckietown_ws/install/duckietown_msgs/include/duckietown_msgs/duckietown_msgs/msg/detail/segment__struct.hpp\n'}
[250.124311] (duckietown_msgs) StdoutLine: {'line': b'-- Symlinking: /home/vboxuser/duckietown_ws/install/duckietown_msgs/include/duckietown_msgs/duckietown_msgs/msg/detail/segment__traits.hpp\n'}
[250.141499] (duckietown_msgs) StdoutLine: {'line': b'-- Symlinking: /home/vboxuser/duckietown_ws/install/duckietown_msgs/include/duckietown_msgs/duckietown_msgs/msg/detail/segment__type_support.hpp\n'}
[250.154088] (-) TimerEvent: {}
[250.158935] (duckietown_msgs) StdoutLine: {'line': b'-- Symlinking: /home/vboxuser/duckietown_ws/install/duckietown_msgs/include/duckietown_msgs/duckietown_msgs/msg/detail/segment_list__builder.hpp\n'}
[250.177933] (duckietown_msgs) StdoutLine: {'line': b'-- Symlinking: /home/vboxuser/duckietown_ws/install/duckietown_msgs/include/duckietown_msgs/duckietown_msgs/msg/detail/segment_list__struct.hpp\n'}
[250.207450] (duckietown_msgs) StdoutLine: {'line': b'-- Symlinking: /home/vboxuser/duckietown_ws/install/duckietown_msgs/include/duckietown_msgs/duckietown_msgs/msg/detail/segment_list__traits.hpp\n'}
[250.238010] (duckietown_msgs) StdoutLine: {'line': b'-- Symlinking: /home/vboxuser/duckietown_ws/install/duckietown_msgs/include/duckietown_msgs/duckietown_msgs/msg/detail/segment_list__type_support.hpp\n'}
[250.254419] (duckietown_msgs) StdoutLine: {'line': b'-- Symlinking: /home/vboxuser/duckietown_ws/install/duckietown_msgs/include/duckietown_msgs/duckietown_msgs/msg/detail/signals_detection__builder.hpp\n'}
[250.254597] (-) TimerEvent: {}
[250.273190] (duckietown_msgs) StdoutLine: {'line': b'-- Symlinking: /home/vboxuser/duckietown_ws/install/duckietown_msgs/include/duckietown_msgs/duckietown_msgs/msg/detail/signals_detection__struct.hpp\n'}
[250.299504] (duckietown_msgs) StdoutLine: {'line': b'-- Symlinking: /home/vboxuser/duckietown_ws/install/duckietown_msgs/include/duckietown_msgs/duckietown_msgs/msg/detail/signals_detection__traits.hpp\n'}
[250.319189] (duckietown_msgs) StdoutLine: {'line': b'-- Symlinking: /home/vboxuser/duckietown_ws/install/duckietown_msgs/include/duckietown_msgs/duckietown_msgs/msg/detail/signals_detection__type_support.hpp\n'}
[250.336689] (duckietown_msgs) StdoutLine: {'line': b'-- Symlinking: /home/vboxuser/duckietown_ws/install/duckietown_msgs/include/duckietown_msgs/duckietown_msgs/msg/detail/signals_detection_ethz17__builder.hpp\n'}
[250.354826] (duckietown_msgs) StdoutLine: {'line': b'-- Symlinking: /home/vboxuser/duckietown_ws/install/duckietown_msgs/include/duckietown_msgs/duckietown_msgs/msg/detail/signals_detection_ethz17__struct.hpp\n'}
[250.355048] (-) TimerEvent: {}
[250.372818] (duckietown_msgs) StdoutLine: {'line': b'-- Symlinking: /home/vboxuser/duckietown_ws/install/duckietown_msgs/include/duckietown_msgs/duckietown_msgs/msg/detail/signals_detection_ethz17__traits.hpp\n'}
[250.399190] (duckietown_msgs) StdoutLine: {'line': b'-- Symlinking: /home/vboxuser/duckietown_ws/install/duckietown_msgs/include/duckietown_msgs/duckietown_msgs/msg/detail/signals_detection_ethz17__type_support.hpp\n'}
[250.417487] (duckietown_msgs) StdoutLine: {'line': b'-- Symlinking: /home/vboxuser/duckietown_ws/install/duckietown_msgs/include/duckietown_msgs/duckietown_msgs/msg/detail/source_target_nodes__builder.hpp\n'}
[250.433884] (duckietown_msgs) StdoutLine: {'line': b'-- Symlinking: /home/vboxuser/duckietown_ws/install/duckietown_msgs/include/duckietown_msgs/duckietown_msgs/msg/detail/source_target_nodes__struct.hpp\n'}
[250.452115] (duckietown_msgs) StdoutLine: {'line': b'-- Symlinking: /home/vboxuser/duckietown_ws/install/duckietown_msgs/include/duckietown_msgs/duckietown_msgs/msg/detail/source_target_nodes__traits.hpp\n'}
[250.455270] (-) TimerEvent: {}
[250.470919] (duckietown_msgs) StdoutLine: {'line': b'-- Symlinking: /home/vboxuser/duckietown_ws/install/duckietown_msgs/include/duckietown_msgs/duckietown_msgs/msg/detail/source_target_nodes__type_support.hpp\n'}
[250.497127] (duckietown_msgs) StdoutLine: {'line': b'-- Symlinking: /home/vboxuser/duckietown_ws/install/duckietown_msgs/include/duckietown_msgs/duckietown_msgs/msg/detail/stop_line_reading__builder.hpp\n'}
[250.521215] (duckietown_msgs) StdoutLine: {'line': b'-- Symlinking: /home/vboxuser/duckietown_ws/install/duckietown_msgs/include/duckietown_msgs/duckietown_msgs/msg/detail/stop_line_reading__struct.hpp\n'}
[250.540681] (duckietown_msgs) StdoutLine: {'line': b'-- Symlinking: /home/vboxuser/duckietown_ws/install/duckietown_msgs/include/duckietown_msgs/duckietown_msgs/msg/detail/stop_line_reading__traits.hpp\n'}
[250.555510] (-) TimerEvent: {}
[250.560402] (duckietown_msgs) StdoutLine: {'line': b'-- Symlinking: /home/vboxuser/duckietown_ws/install/duckietown_msgs/include/duckietown_msgs/duckietown_msgs/msg/detail/stop_line_reading__type_support.hpp\n'}
[250.576968] (duckietown_msgs) StdoutLine: {'line': b'-- Symlinking: /home/vboxuser/duckietown_ws/install/duckietown_msgs/include/duckietown_msgs/duckietown_msgs/msg/detail/tag_info__builder.hpp\n'}
[250.602101] (duckietown_msgs) StdoutLine: {'line': b'-- Symlinking: /home/vboxuser/duckietown_ws/install/duckietown_msgs/include/duckietown_msgs/duckietown_msgs/msg/detail/tag_info__struct.hpp\n'}
[250.621762] (duckietown_msgs) StdoutLine: {'line': b'-- Symlinking: /home/vboxuser/duckietown_ws/install/duckietown_msgs/include/duckietown_msgs/duckietown_msgs/msg/detail/tag_info__traits.hpp\n'}
[250.640116] (duckietown_msgs) StdoutLine: {'line': b'-- Symlinking: /home/vboxuser/duckietown_ws/install/duckietown_msgs/include/duckietown_msgs/duckietown_msgs/msg/detail/tag_info__type_support.hpp\n'}
[250.656043] (-) TimerEvent: {}
[250.659691] (duckietown_msgs) StdoutLine: {'line': b'-- Symlinking: /home/vboxuser/duckietown_ws/install/duckietown_msgs/include/duckietown_msgs/duckietown_msgs/msg/detail/theta_dot_sample__builder.hpp\n'}
[250.677281] (duckietown_msgs) StdoutLine: {'line': b'-- Symlinking: /home/vboxuser/duckietown_ws/install/duckietown_msgs/include/duckietown_msgs/duckietown_msgs/msg/detail/theta_dot_sample__struct.hpp\n'}
[250.702508] (duckietown_msgs) StdoutLine: {'line': b'-- Symlinking: /home/vboxuser/duckietown_ws/install/duckietown_msgs/include/duckietown_msgs/duckietown_msgs/msg/detail/theta_dot_sample__traits.hpp\n'}
[250.721874] (duckietown_msgs) StdoutLine: {'line': b'-- Symlinking: /home/vboxuser/duckietown_ws/install/duckietown_msgs/include/duckietown_msgs/duckietown_msgs/msg/detail/theta_dot_sample__type_support.hpp\n'}
[250.741708] (duckietown_msgs) StdoutLine: {'line': b'-- Symlinking: /home/vboxuser/duckietown_ws/install/duckietown_msgs/include/duckietown_msgs/duckietown_msgs/msg/detail/trajectory__builder.hpp\n'}
[250.757985] (-) TimerEvent: {}
[250.759246] (duckietown_msgs) StdoutLine: {'line': b'-- Symlinking: /home/vboxuser/duckietown_ws/install/duckietown_msgs/include/duckietown_msgs/duckietown_msgs/msg/detail/trajectory__struct.hpp\n'}
[250.779022] (duckietown_msgs) StdoutLine: {'line': b'-- Symlinking: /home/vboxuser/duckietown_ws/install/duckietown_msgs/include/duckietown_msgs/duckietown_msgs/msg/detail/trajectory__traits.hpp\n'}
[250.804640] (duckietown_msgs) StdoutLine: {'line': b'-- Symlinking: /home/vboxuser/duckietown_ws/install/duckietown_msgs/include/duckietown_msgs/duckietown_msgs/msg/detail/trajectory__type_support.hpp\n'}
[250.822188] (duckietown_msgs) StdoutLine: {'line': b'-- Symlinking: /home/vboxuser/duckietown_ws/install/duckietown_msgs/include/duckietown_msgs/duckietown_msgs/msg/detail/turn_i_dand_type__builder.hpp\n'}
[250.838951] (duckietown_msgs) StdoutLine: {'line': b'-- Symlinking: /home/vboxuser/duckietown_ws/install/duckietown_msgs/include/duckietown_msgs/duckietown_msgs/msg/detail/turn_i_dand_type__struct.hpp\n'}
[250.854062] (duckietown_msgs) StdoutLine: {'line': b'-- Symlinking: /home/vboxuser/duckietown_ws/install/duckietown_msgs/include/duckietown_msgs/duckietown_msgs/msg/detail/turn_i_dand_type__traits.hpp\n'}
[250.859046] (-) TimerEvent: {}
[250.872518] (duckietown_msgs) StdoutLine: {'line': b'-- Symlinking: /home/vboxuser/duckietown_ws/install/duckietown_msgs/include/duckietown_msgs/duckietown_msgs/msg/detail/turn_i_dand_type__type_support.hpp\n'}
[250.898373] (duckietown_msgs) StdoutLine: {'line': b'-- Symlinking: /home/vboxuser/duckietown_ws/install/duckietown_msgs/include/duckietown_msgs/duckietown_msgs/msg/detail/twist2_d_stamped__builder.hpp\n'}
[250.916064] (duckietown_msgs) StdoutLine: {'line': b'-- Symlinking: /home/vboxuser/duckietown_ws/install/duckietown_msgs/include/duckietown_msgs/duckietown_msgs/msg/detail/twist2_d_stamped__struct.hpp\n'}
[250.933279] (duckietown_msgs) StdoutLine: {'line': b'-- Symlinking: /home/vboxuser/duckietown_ws/install/duckietown_msgs/include/duckietown_msgs/duckietown_msgs/msg/detail/twist2_d_stamped__traits.hpp\n'}
[250.948998] (duckietown_msgs) StdoutLine: {'line': b'-- Symlinking: /home/vboxuser/duckietown_ws/install/duckietown_msgs/include/duckietown_msgs/duckietown_msgs/msg/detail/twist2_d_stamped__type_support.hpp\n'}
[250.961102] (-) TimerEvent: {}
[250.967079] (duckietown_msgs) StdoutLine: {'line': b'-- Symlinking: /home/vboxuser/duckietown_ws/install/duckietown_msgs/include/duckietown_msgs/duckietown_msgs/msg/detail/twist2_d_stamped_ethz17__builder.hpp\n'}
[250.983133] (duckietown_msgs) StdoutLine: {'line': b'-- Symlinking: /home/vboxuser/duckietown_ws/install/duckietown_msgs/include/duckietown_msgs/duckietown_msgs/msg/detail/twist2_d_stamped_ethz17__struct.hpp\n'}
[251.006546] (duckietown_msgs) StdoutLine: {'line': b'-- Symlinking: /home/vboxuser/duckietown_ws/install/duckietown_msgs/include/duckietown_msgs/duckietown_msgs/msg/detail/twist2_d_stamped_ethz17__traits.hpp\n'}
[251.026932] (duckietown_msgs) StdoutLine: {'line': b'-- Symlinking: /home/vboxuser/duckietown_ws/install/duckietown_msgs/include/duckietown_msgs/duckietown_msgs/msg/detail/twist2_d_stamped_ethz17__type_support.hpp\n'}
[251.043268] (duckietown_msgs) StdoutLine: {'line': b'-- Symlinking: /home/vboxuser/duckietown_ws/install/duckietown_msgs/include/duckietown_msgs/duckietown_msgs/msg/detail/vector2_d__builder.hpp\n'}
[251.060062] (duckietown_msgs) StdoutLine: {'line': b'-- Symlinking: /home/vboxuser/duckietown_ws/install/duckietown_msgs/include/duckietown_msgs/duckietown_msgs/msg/detail/vector2_d__struct.hpp\n'}
[251.061307] (-) TimerEvent: {}
[251.077489] (duckietown_msgs) StdoutLine: {'line': b'-- Symlinking: /home/vboxuser/duckietown_ws/install/duckietown_msgs/include/duckietown_msgs/duckietown_msgs/msg/detail/vector2_d__traits.hpp\n'}
[251.099662] (duckietown_msgs) StdoutLine: {'line': b'-- Symlinking: /home/vboxuser/duckietown_ws/install/duckietown_msgs/include/duckietown_msgs/duckietown_msgs/msg/detail/vector2_d__type_support.hpp\n'}
[251.126536] (duckietown_msgs) StdoutLine: {'line': b'-- Symlinking: /home/vboxuser/duckietown_ws/install/duckietown_msgs/include/duckietown_msgs/duckietown_msgs/msg/detail/vehicle_corners__builder.hpp\n'}
[251.145410] (duckietown_msgs) StdoutLine: {'line': b'-- Symlinking: /home/vboxuser/duckietown_ws/install/duckietown_msgs/include/duckietown_msgs/duckietown_msgs/msg/detail/vehicle_corners__struct.hpp\n'}
[251.160440] (duckietown_msgs) StdoutLine: {'line': b'-- Symlinking: /home/vboxuser/duckietown_ws/install/duckietown_msgs/include/duckietown_msgs/duckietown_msgs/msg/detail/vehicle_corners__traits.hpp\n'}
[251.162065] (-) TimerEvent: {}
[251.182729] (duckietown_msgs) StdoutLine: {'line': b'-- Symlinking: /home/vboxuser/duckietown_ws/install/duckietown_msgs/include/duckietown_msgs/duckietown_msgs/msg/detail/vehicle_corners__type_support.hpp\n'}
[251.212665] (duckietown_msgs) StdoutLine: {'line': b'-- Symlinking: /home/vboxuser/duckietown_ws/install/duckietown_msgs/include/duckietown_msgs/duckietown_msgs/msg/detail/vehicle_pose__builder.hpp\n'}
[251.241165] (duckietown_msgs) StdoutLine: {'line': b'-- Symlinking: /home/vboxuser/duckietown_ws/install/duckietown_msgs/include/duckietown_msgs/duckietown_msgs/msg/detail/vehicle_pose__struct.hpp\n'}
[251.258922] (duckietown_msgs) StdoutLine: {'line': b'-- Symlinking: /home/vboxuser/duckietown_ws/install/duckietown_msgs/include/duckietown_msgs/duckietown_msgs/msg/detail/vehicle_pose__traits.hpp\n'}
[251.262200] (-) TimerEvent: {}
[251.276338] (duckietown_msgs) StdoutLine: {'line': b'-- Symlinking: /home/vboxuser/duckietown_ws/install/duckietown_msgs/include/duckietown_msgs/duckietown_msgs/msg/detail/vehicle_pose__type_support.hpp\n'}
[251.305119] (duckietown_msgs) StdoutLine: {'line': b'-- Symlinking: /home/vboxuser/duckietown_ws/install/duckietown_msgs/include/duckietown_msgs/duckietown_msgs/msg/detail/vsample__builder.hpp\n'}
[251.323399] (duckietown_msgs) StdoutLine: {'line': b'-- Symlinking: /home/vboxuser/duckietown_ws/install/duckietown_msgs/include/duckietown_msgs/duckietown_msgs/msg/detail/vsample__struct.hpp\n'}
[251.341994] (duckietown_msgs) StdoutLine: {'line': b'-- Symlinking: /home/vboxuser/duckietown_ws/install/duckietown_msgs/include/duckietown_msgs/duckietown_msgs/msg/detail/vsample__traits.hpp\n'}
[251.356651] (duckietown_msgs) StdoutLine: {'line': b'-- Symlinking: /home/vboxuser/duckietown_ws/install/duckietown_msgs/include/duckietown_msgs/duckietown_msgs/msg/detail/vsample__type_support.hpp\n'}
[251.369074] (-) TimerEvent: {}
[251.372862] (duckietown_msgs) StdoutLine: {'line': b'-- Symlinking: /home/vboxuser/duckietown_ws/install/duckietown_msgs/include/duckietown_msgs/duckietown_msgs/msg/detail/wheels_cmd__builder.hpp\n'}
[251.392663] (duckietown_msgs) StdoutLine: {'line': b'-- Symlinking: /home/vboxuser/duckietown_ws/install/duckietown_msgs/include/duckietown_msgs/duckietown_msgs/msg/detail/wheels_cmd__struct.hpp\n'}
[251.423044] (duckietown_msgs) StdoutLine: {'line': b'-- Symlinking: /home/vboxuser/duckietown_ws/install/duckietown_msgs/include/duckietown_msgs/duckietown_msgs/msg/detail/wheels_cmd__traits.hpp\n'}
[251.439610] (duckietown_msgs) StdoutLine: {'line': b'-- Symlinking: /home/vboxuser/duckietown_ws/install/duckietown_msgs/include/duckietown_msgs/duckietown_msgs/msg/detail/wheels_cmd__type_support.hpp\n'}
[251.456818] (duckietown_msgs) StdoutLine: {'line': b'-- Symlinking: /home/vboxuser/duckietown_ws/install/duckietown_msgs/include/duckietown_msgs/duckietown_msgs/msg/detail/wheels_cmd_stamped__builder.hpp\n'}
[251.469336] (-) TimerEvent: {}
[251.474793] (duckietown_msgs) StdoutLine: {'line': b'-- Symlinking: /home/vboxuser/duckietown_ws/install/duckietown_msgs/include/duckietown_msgs/duckietown_msgs/msg/detail/wheels_cmd_stamped__struct.hpp\n'}
[251.491975] (duckietown_msgs) StdoutLine: {'line': b'-- Symlinking: /home/vboxuser/duckietown_ws/install/duckietown_msgs/include/duckietown_msgs/duckietown_msgs/msg/detail/wheels_cmd_stamped__traits.hpp\n'}
[251.516691] (duckietown_msgs) StdoutLine: {'line': b'-- Symlinking: /home/vboxuser/duckietown_ws/install/duckietown_msgs/include/duckietown_msgs/duckietown_msgs/msg/detail/wheels_cmd_stamped__type_support.hpp\n'}
[251.536996] (duckietown_msgs) StdoutLine: {'line': b'-- Symlinking: /home/vboxuser/duckietown_ws/install/duckietown_msgs/include/duckietown_msgs/duckietown_msgs/msg/duckie_sensor.hpp\n'}
[251.552390] (duckietown_msgs) StdoutLine: {'line': b'-- Symlinking: /home/vboxuser/duckietown_ws/install/duckietown_msgs/include/duckietown_msgs/duckietown_msgs/msg/fsm_state.hpp\n'}
[251.569183] (duckietown_msgs) StdoutLine: {'line': b'-- Symlinking: /home/vboxuser/duckietown_ws/install/duckietown_msgs/include/duckietown_msgs/duckietown_msgs/msg/intersection_pose.hpp\n'}
[251.569369] (-) TimerEvent: {}
[251.588856] (duckietown_msgs) StdoutLine: {'line': b'-- Symlinking: /home/vboxuser/duckietown_ws/install/duckietown_msgs/include/duckietown_msgs/duckietown_msgs/msg/intersection_pose_img.hpp\n'}
[251.613285] (duckietown_msgs) StdoutLine: {'line': b'-- Symlinking: /home/vboxuser/duckietown_ws/install/duckietown_msgs/include/duckietown_msgs/duckietown_msgs/msg/intersection_pose_img_debug.hpp\n'}
[251.633634] (duckietown_msgs) StdoutLine: {'line': b'-- Symlinking: /home/vboxuser/duckietown_ws/install/duckietown_msgs/include/duckietown_msgs/duckietown_msgs/msg/kinematics_parameters.hpp\n'}
[251.649150] (duckietown_msgs) StdoutLine: {'line': b'-- Symlinking: /home/vboxuser/duckietown_ws/install/duckietown_msgs/include/duckietown_msgs/duckietown_msgs/msg/kinematics_weights.hpp\n'}
[251.665740] (duckietown_msgs) StdoutLine: {'line': b'-- Symlinking: /home/vboxuser/duckietown_ws/install/duckietown_msgs/include/duckietown_msgs/duckietown_msgs/msg/lane_pose.hpp\n'}
[251.677026] (-) TimerEvent: {}
[251.681806] (duckietown_msgs) StdoutLine: {'line': b'-- Symlinking: /home/vboxuser/duckietown_ws/install/duckietown_msgs/include/duckietown_msgs/duckietown_msgs/msg/led_detection.hpp\n'}
[251.698538] (duckietown_msgs) StdoutLine: {'line': b'-- Symlinking: /home/vboxuser/duckietown_ws/install/duckietown_msgs/include/duckietown_msgs/duckietown_msgs/msg/led_detection_array.hpp\n'}
[251.727609] (duckietown_msgs) StdoutLine: {'line': b'-- Symlinking: /home/vboxuser/duckietown_ws/install/duckietown_msgs/include/duckietown_msgs/duckietown_msgs/msg/led_detection_debug_info.hpp\n'}
[251.747163] (duckietown_msgs) StdoutLine: {'line': b'-- Symlinking: /home/vboxuser/duckietown_ws/install/duckietown_msgs/include/duckietown_msgs/duckietown_msgs/msg/led_interpreter.hpp\n'}
[251.762765] (duckietown_msgs) StdoutLine: {'line': b'-- Symlinking: /home/vboxuser/duckietown_ws/install/duckietown_msgs/include/duckietown_msgs/duckietown_msgs/msg/maintenance_state.hpp\n'}
[251.782368] (-) TimerEvent: {}
[251.788976] (duckietown_msgs) StdoutLine: {'line': b'-- Symlinking: /home/vboxuser/duckietown_ws/install/duckietown_msgs/include/duckietown_msgs/duckietown_msgs/msg/num.hpp\n'}
[251.807857] (duckietown_msgs) StdoutLine: {'line': b'-- Symlinking: /home/vboxuser/duckietown_ws/install/duckietown_msgs/include/duckietown_msgs/duckietown_msgs/msg/obstacle_image_detection.hpp\n'}
[251.832523] (duckietown_msgs) StdoutLine: {'line': b'-- Symlinking: /home/vboxuser/duckietown_ws/install/duckietown_msgs/include/duckietown_msgs/duckietown_msgs/msg/obstacle_image_detection_list.hpp\n'}
[251.856479] (duckietown_msgs) StdoutLine: {'line': b'-- Symlinking: /home/vboxuser/duckietown_ws/install/duckietown_msgs/include/duckietown_msgs/duckietown_msgs/msg/obstacle_projected_detection.hpp\n'}
[251.874039] (duckietown_msgs) StdoutLine: {'line': b'-- Symlinking: /home/vboxuser/duckietown_ws/install/duckietown_msgs/include/duckietown_msgs/duckietown_msgs/msg/obstacle_projected_detection_list.hpp\n'}
[251.886234] (-) TimerEvent: {}
[251.890604] (duckietown_msgs) StdoutLine: {'line': b'-- Symlinking: /home/vboxuser/duckietown_ws/install/duckietown_msgs/include/duckietown_msgs/duckietown_msgs/msg/obstacle_type.hpp\n'}
[251.907275] (duckietown_msgs) StdoutLine: {'line': b'-- Symlinking: /home/vboxuser/duckietown_ws/install/duckietown_msgs/include/duckietown_msgs/duckietown_msgs/msg/pixel.hpp\n'}
[251.936237] (duckietown_msgs) StdoutLine: {'line': b'-- Symlinking: /home/vboxuser/duckietown_ws/install/duckietown_msgs/include/duckietown_msgs/duckietown_msgs/msg/pose2_d_stamped.hpp\n'}
[251.955902] (duckietown_msgs) StdoutLine: {'line': b'-- Symlinking: /home/vboxuser/duckietown_ws/install/duckietown_msgs/include/duckietown_msgs/duckietown_msgs/msg/rect.hpp\n'}
[251.994979] (-) TimerEvent: {}
[251.996325] (duckietown_msgs) StdoutLine: {'line': b'-- Symlinking: /home/vboxuser/duckietown_ws/install/duckietown_msgs/include/duckietown_msgs/duckietown_msgs/msg/rects.hpp\n'}
[252.048699] (duckietown_msgs) StdoutLine: {'line': b'-- Symlinking: /home/vboxuser/duckietown_ws/install/duckietown_msgs/include/duckietown_msgs/duckietown_msgs/msg/rosidl_generator_cpp__visibility_control.hpp\n'}
[252.068893] (duckietown_msgs) StdoutLine: {'line': b'-- Symlinking: /home/vboxuser/duckietown_ws/install/duckietown_msgs/include/duckietown_msgs/duckietown_msgs/msg/scene_segments.hpp\n'}
[252.093555] (duckietown_msgs) StdoutLine: {'line': b'-- Symlinking: /home/vboxuser/duckietown_ws/install/duckietown_msgs/include/duckietown_msgs/duckietown_msgs/msg/segment.hpp\n'}
[252.096089] (-) TimerEvent: {}
[252.112287] (duckietown_msgs) StdoutLine: {'line': b'-- Symlinking: /home/vboxuser/duckietown_ws/install/duckietown_msgs/include/duckietown_msgs/duckietown_msgs/msg/segment_list.hpp\n'}
[252.145090] (duckietown_msgs) StdoutLine: {'line': b'-- Symlinking: /home/vboxuser/duckietown_ws/install/duckietown_msgs/include/duckietown_msgs/duckietown_msgs/msg/signals_detection.hpp\n'}
[252.162258] (duckietown_msgs) StdoutLine: {'line': b'-- Symlinking: /home/vboxuser/duckietown_ws/install/duckietown_msgs/include/duckietown_msgs/duckietown_msgs/msg/signals_detection_ethz17.hpp\n'}
[252.178798] (duckietown_msgs) StdoutLine: {'line': b'-- Symlinking: /home/vboxuser/duckietown_ws/install/duckietown_msgs/include/duckietown_msgs/duckietown_msgs/msg/source_target_nodes.hpp\n'}
[252.196287] (-) TimerEvent: {}
[252.204592] (duckietown_msgs) StdoutLine: {'line': b'-- Symlinking: /home/vboxuser/duckietown_ws/install/duckietown_msgs/include/duckietown_msgs/duckietown_msgs/msg/stop_line_reading.hpp\n'}
[252.242824] (duckietown_msgs) StdoutLine: {'line': b'-- Symlinking: /home/vboxuser/duckietown_ws/install/duckietown_msgs/include/duckietown_msgs/duckietown_msgs/msg/tag_info.hpp\n'}
[252.261759] (duckietown_msgs) StdoutLine: {'line': b'-- Symlinking: /home/vboxuser/duckietown_ws/install/duckietown_msgs/include/duckietown_msgs/duckietown_msgs/msg/theta_dot_sample.hpp\n'}
[252.279156] (duckietown_msgs) StdoutLine: {'line': b'-- Symlinking: /home/vboxuser/duckietown_ws/install/duckietown_msgs/include/duckietown_msgs/duckietown_msgs/msg/trajectory.hpp\n'}
[252.298861] (duckietown_msgs) StdoutLine: {'line': b'-- Symlinking: /home/vboxuser/duckietown_ws/install/duckietown_msgs/include/duckietown_msgs/duckietown_msgs/msg/turn_i_dand_type.hpp\n'}
[252.299047] (-) TimerEvent: {}
[252.315749] (duckietown_msgs) StdoutLine: {'line': b'-- Symlinking: /home/vboxuser/duckietown_ws/install/duckietown_msgs/include/duckietown_msgs/duckietown_msgs/msg/twist2_d_stamped.hpp\n'}
[252.341725] (duckietown_msgs) StdoutLine: {'line': b'-- Symlinking: /home/vboxuser/duckietown_ws/install/duckietown_msgs/include/duckietown_msgs/duckietown_msgs/msg/twist2_d_stamped_ethz17.hpp\n'}
[252.361242] (duckietown_msgs) StdoutLine: {'line': b'-- Symlinking: /home/vboxuser/duckietown_ws/install/duckietown_msgs/include/duckietown_msgs/duckietown_msgs/msg/vector2_d.hpp\n'}
[252.389434] (duckietown_msgs) StdoutLine: {'line': b'-- Symlinking: /home/vboxuser/duckietown_ws/install/duckietown_msgs/include/duckietown_msgs/duckietown_msgs/msg/vehicle_corners.hpp\n'}
[252.401607] (-) TimerEvent: {}
[252.407238] (duckietown_msgs) StdoutLine: {'line': b'-- Symlinking: /home/vboxuser/duckietown_ws/install/duckietown_msgs/include/duckietown_msgs/duckietown_msgs/msg/vehicle_pose.hpp\n'}
[252.424760] (duckietown_msgs) StdoutLine: {'line': b'-- Symlinking: /home/vboxuser/duckietown_ws/install/duckietown_msgs/include/duckietown_msgs/duckietown_msgs/msg/vsample.hpp\n'}
[252.450029] (duckietown_msgs) StdoutLine: {'line': b'-- Symlinking: /home/vboxuser/duckietown_ws/install/duckietown_msgs/include/duckietown_msgs/duckietown_msgs/msg/wheels_cmd.hpp\n'}
[252.469661] (duckietown_msgs) StdoutLine: {'line': b'-- Symlinking: /home/vboxuser/duckietown_ws/install/duckietown_msgs/include/duckietown_msgs/duckietown_msgs/msg/wheels_cmd_stamped.hpp\n'}
[252.485067] (duckietown_msgs) StdoutLine: {'line': b'-- Symlinking: /home/vboxuser/duckietown_ws/install/duckietown_msgs/include/duckietown_msgs/duckietown_msgs/srv/detail/get_variable__builder.hpp\n'}
[252.501234] (duckietown_msgs) StdoutLine: {'line': b'-- Symlinking: /home/vboxuser/duckietown_ws/install/duckietown_msgs/include/duckietown_msgs/duckietown_msgs/srv/detail/get_variable__struct.hpp\n'}
[252.503306] (-) TimerEvent: {}
[252.520214] (duckietown_msgs) StdoutLine: {'line': b'-- Symlinking: /home/vboxuser/duckietown_ws/install/duckietown_msgs/include/duckietown_msgs/duckietown_msgs/srv/detail/get_variable__traits.hpp\n'}
[252.544280] (duckietown_msgs) StdoutLine: {'line': b'-- Symlinking: /home/vboxuser/duckietown_ws/install/duckietown_msgs/include/duckietown_msgs/duckietown_msgs/srv/detail/get_variable__type_support.hpp\n'}
[252.564103] (duckietown_msgs) StdoutLine: {'line': b'-- Symlinking: /home/vboxuser/duckietown_ws/install/duckietown_msgs/include/duckietown_msgs/duckietown_msgs/srv/detail/set_fsm_state__builder.hpp\n'}
[252.580600] (duckietown_msgs) StdoutLine: {'line': b'-- Symlinking: /home/vboxuser/duckietown_ws/install/duckietown_msgs/include/duckietown_msgs/duckietown_msgs/srv/detail/set_fsm_state__struct.hpp\n'}
[252.597148] (duckietown_msgs) StdoutLine: {'line': b'-- Symlinking: /home/vboxuser/duckietown_ws/install/duckietown_msgs/include/duckietown_msgs/duckietown_msgs/srv/detail/set_fsm_state__traits.hpp\n'}
[252.607081] (-) TimerEvent: {}
[252.614079] (duckietown_msgs) StdoutLine: {'line': b'-- Symlinking: /home/vboxuser/duckietown_ws/install/duckietown_msgs/include/duckietown_msgs/duckietown_msgs/srv/detail/set_fsm_state__type_support.hpp\n'}
[252.632106] (duckietown_msgs) StdoutLine: {'line': b'-- Symlinking: /home/vboxuser/duckietown_ws/install/duckietown_msgs/include/duckietown_msgs/duckietown_msgs/srv/detail/set_value__builder.hpp\n'}
[252.658735] (duckietown_msgs) StdoutLine: {'line': b'-- Symlinking: /home/vboxuser/duckietown_ws/install/duckietown_msgs/include/duckietown_msgs/duckietown_msgs/srv/detail/set_value__struct.hpp\n'}
[252.677047] (duckietown_msgs) StdoutLine: {'line': b'-- Symlinking: /home/vboxuser/duckietown_ws/install/duckietown_msgs/include/duckietown_msgs/duckietown_msgs/srv/detail/set_value__traits.hpp\n'}
[252.692905] (duckietown_msgs) StdoutLine: {'line': b'-- Symlinking: /home/vboxuser/duckietown_ws/install/duckietown_msgs/include/duckietown_msgs/duckietown_msgs/srv/detail/set_value__type_support.hpp\n'}
[252.708068] (duckietown_msgs) StdoutLine: {'line': b'-- Symlinking: /home/vboxuser/duckietown_ws/install/duckietown_msgs/include/duckietown_msgs/duckietown_msgs/srv/detail/set_variable__builder.hpp\n'}
[252.708225] (-) TimerEvent: {}
[252.729652] (duckietown_msgs) StdoutLine: {'line': b'-- Symlinking: /home/vboxuser/duckietown_ws/install/duckietown_msgs/include/duckietown_msgs/duckietown_msgs/srv/detail/set_variable__struct.hpp\n'}
[252.755873] (duckietown_msgs) StdoutLine: {'line': b'-- Symlinking: /home/vboxuser/duckietown_ws/install/duckietown_msgs/include/duckietown_msgs/duckietown_msgs/srv/detail/set_variable__traits.hpp\n'}
[252.772980] (duckietown_msgs) StdoutLine: {'line': b'-- Symlinking: /home/vboxuser/duckietown_ws/install/duckietown_msgs/include/duckietown_msgs/duckietown_msgs/srv/detail/set_variable__type_support.hpp\n'}
[252.790814] (duckietown_msgs) StdoutLine: {'line': b'-- Symlinking: /home/vboxuser/duckietown_ws/install/duckietown_msgs/include/duckietown_msgs/duckietown_msgs/srv/get_variable.hpp\n'}
[252.806528] (duckietown_msgs) StdoutLine: {'line': b'-- Symlinking: /home/vboxuser/duckietown_ws/install/duckietown_msgs/include/duckietown_msgs/duckietown_msgs/srv/set_fsm_state.hpp\n'}
[252.808351] (-) TimerEvent: {}
[252.824513] (duckietown_msgs) StdoutLine: {'line': b'-- Symlinking: /home/vboxuser/duckietown_ws/install/duckietown_msgs/include/duckietown_msgs/duckietown_msgs/srv/set_value.hpp\n'}
[252.849273] (duckietown_msgs) StdoutLine: {'line': b'-- Symlinking: /home/vboxuser/duckietown_ws/install/duckietown_msgs/include/duckietown_msgs/duckietown_msgs/srv/set_variable.hpp\n'}
[252.870410] (duckietown_msgs) StdoutLine: {'line': b'-- Symlinking: /home/vboxuser/duckietown_ws/install/duckietown_msgs/include/duckietown_msgs/duckietown_msgs/msg/detail/anti_instagram_health__rosidl_typesupport_fastrtps_cpp.hpp\n'}
[252.888667] (duckietown_msgs) StdoutLine: {'line': b'-- Symlinking: /home/vboxuser/duckietown_ws/install/duckietown_msgs/include/duckietown_msgs/duckietown_msgs/msg/detail/anti_instagram_transform__rosidl_typesupport_fastrtps_cpp.hpp\n'}
[252.906794] (duckietown_msgs) StdoutLine: {'line': b'-- Symlinking: /home/vboxuser/duckietown_ws/install/duckietown_msgs/include/duckietown_msgs/duckietown_msgs/msg/detail/anti_instagram_transform_cb__rosidl_typesupport_fastrtps_cpp.hpp\n'}
[252.908529] (-) TimerEvent: {}
[252.925019] (duckietown_msgs) StdoutLine: {'line': b'-- Symlinking: /home/vboxuser/duckietown_ws/install/duckietown_msgs/include/duckietown_msgs/duckietown_msgs/msg/detail/april_tag_detection__rosidl_typesupport_fastrtps_cpp.hpp\n'}
[252.952174] (duckietown_msgs) StdoutLine: {'line': b'-- Symlinking: /home/vboxuser/duckietown_ws/install/duckietown_msgs/include/duckietown_msgs/duckietown_msgs/msg/detail/april_tag_detection_array__rosidl_typesupport_fastrtps_cpp.hpp\n'}
[252.969020] (duckietown_msgs) StdoutLine: {'line': b'-- Symlinking: /home/vboxuser/duckietown_ws/install/duckietown_msgs/include/duckietown_msgs/duckietown_msgs/msg/detail/april_tags_with_infos__rosidl_typesupport_fastrtps_cpp.hpp\n'}
[252.994988] (duckietown_msgs) StdoutLine: {'line': b'-- Symlinking: /home/vboxuser/duckietown_ws/install/duckietown_msgs/include/duckietown_msgs/duckietown_msgs/msg/detail/bool_stamped__rosidl_typesupport_fastrtps_cpp.hpp\n'}
[253.011098] (-) TimerEvent: {}
[253.012125] (duckietown_msgs) StdoutLine: {'line': b'-- Symlinking: /home/vboxuser/duckietown_ws/install/duckietown_msgs/include/duckietown_msgs/duckietown_msgs/msg/detail/bool_stamped_ethz17__rosidl_typesupport_fastrtps_cpp.hpp\n'}
[253.030930] (duckietown_msgs) StdoutLine: {'line': b'-- Symlinking: /home/vboxuser/duckietown_ws/install/duckietown_msgs/include/duckietown_msgs/duckietown_msgs/msg/detail/car_control__rosidl_typesupport_fastrtps_cpp.hpp\n'}
[253.059131] (duckietown_msgs) StdoutLine: {'line': b'-- Symlinking: /home/vboxuser/duckietown_ws/install/duckietown_msgs/include/duckietown_msgs/duckietown_msgs/msg/detail/coordination_clearance__rosidl_typesupport_fastrtps_cpp.hpp\n'}
[253.076485] (duckietown_msgs) StdoutLine: {'line': b'-- Symlinking: /home/vboxuser/duckietown_ws/install/duckietown_msgs/include/duckietown_msgs/duckietown_msgs/msg/detail/coordination_clearance_ethz17__rosidl_typesupport_fastrtps_cpp.hpp\n'}
[253.093506] (duckietown_msgs) StdoutLine: {'line': b'-- Symlinking: /home/vboxuser/duckietown_ws/install/duckietown_msgs/include/duckietown_msgs/duckietown_msgs/msg/detail/coordination_signal__rosidl_typesupport_fastrtps_cpp.hpp\n'}
[253.108427] (duckietown_msgs) StdoutLine: {'line': b'-- Symlinking: /home/vboxuser/duckietown_ws/install/duckietown_msgs/include/duckietown_msgs/duckietown_msgs/msg/detail/coordination_signal_ethz17__rosidl_typesupport_fastrtps_cpp.hpp\n'}
[253.111274] (-) TimerEvent: {}
[253.126740] (duckietown_msgs) StdoutLine: {'line': b'-- Symlinking: /home/vboxuser/duckietown_ws/install/duckietown_msgs/include/duckietown_msgs/duckietown_msgs/msg/detail/duckie_sensor__rosidl_typesupport_fastrtps_cpp.hpp\n'}
[253.155389] (duckietown_msgs) StdoutLine: {'line': b'-- Symlinking: /home/vboxuser/duckietown_ws/install/duckietown_msgs/include/duckietown_msgs/duckietown_msgs/msg/detail/fsm_state__rosidl_typesupport_fastrtps_cpp.hpp\n'}
[253.176858] (duckietown_msgs) StdoutLine: {'line': b'-- Symlinking: /home/vboxuser/duckietown_ws/install/duckietown_msgs/include/duckietown_msgs/duckietown_msgs/msg/detail/intersection_pose__rosidl_typesupport_fastrtps_cpp.hpp\n'}
[253.199170] (duckietown_msgs) StdoutLine: {'line': b'-- Symlinking: /home/vboxuser/duckietown_ws/install/duckietown_msgs/include/duckietown_msgs/duckietown_msgs/msg/detail/intersection_pose_img__rosidl_typesupport_fastrtps_cpp.hpp\n'}
[253.213062] (-) TimerEvent: {}
[253.218510] (duckietown_msgs) StdoutLine: {'line': b'-- Symlinking: /home/vboxuser/duckietown_ws/install/duckietown_msgs/include/duckietown_msgs/duckietown_msgs/msg/detail/intersection_pose_img_debug__rosidl_typesupport_fastrtps_cpp.hpp\n'}
[253.257289] (duckietown_msgs) StdoutLine: {'line': b'-- Symlinking: /home/vboxuser/duckietown_ws/install/duckietown_msgs/include/duckietown_msgs/duckietown_msgs/msg/detail/kinematics_parameters__rosidl_typesupport_fastrtps_cpp.hpp\n'}
[253.276393] (duckietown_msgs) StdoutLine: {'line': b'-- Symlinking: /home/vboxuser/duckietown_ws/install/duckietown_msgs/include/duckietown_msgs/duckietown_msgs/msg/detail/kinematics_weights__rosidl_typesupport_fastrtps_cpp.hpp\n'}
[253.295260] (duckietown_msgs) StdoutLine: {'line': b'-- Symlinking: /home/vboxuser/duckietown_ws/install/duckietown_msgs/include/duckietown_msgs/duckietown_msgs/msg/detail/lane_pose__rosidl_typesupport_fastrtps_cpp.hpp\n'}
[253.311427] (duckietown_msgs) StdoutLine: {'line': b'-- Symlinking: /home/vboxuser/duckietown_ws/install/duckietown_msgs/include/duckietown_msgs/duckietown_msgs/msg/detail/led_detection__rosidl_typesupport_fastrtps_cpp.hpp\n'}
[253.314050] (-) TimerEvent: {}
[253.328136] (duckietown_msgs) StdoutLine: {'line': b'-- Symlinking: /home/vboxuser/duckietown_ws/install/duckietown_msgs/include/duckietown_msgs/duckietown_msgs/msg/detail/led_detection_array__rosidl_typesupport_fastrtps_cpp.hpp\n'}
[253.355291] (duckietown_msgs) StdoutLine: {'line': b'-- Symlinking: /home/vboxuser/duckietown_ws/install/duckietown_msgs/include/duckietown_msgs/duckietown_msgs/msg/detail/led_detection_debug_info__rosidl_typesupport_fastrtps_cpp.hpp\n'}
[253.371971] (duckietown_msgs) StdoutLine: {'line': b'-- Symlinking: /home/vboxuser/duckietown_ws/install/duckietown_msgs/include/duckietown_msgs/duckietown_msgs/msg/detail/led_interpreter__rosidl_typesupport_fastrtps_cpp.hpp\n'}
[253.389273] (duckietown_msgs) StdoutLine: {'line': b'-- Symlinking: /home/vboxuser/duckietown_ws/install/duckietown_msgs/include/duckietown_msgs/duckietown_msgs/msg/detail/maintenance_state__rosidl_typesupport_fastrtps_cpp.hpp\n'}
[253.407120] (duckietown_msgs) StdoutLine: {'line': b'-- Symlinking: /home/vboxuser/duckietown_ws/install/duckietown_msgs/include/duckietown_msgs/duckietown_msgs/msg/detail/num__rosidl_typesupport_fastrtps_cpp.hpp\n'}
[253.418065] (-) TimerEvent: {}
[253.424149] (duckietown_msgs) StdoutLine: {'line': b'-- Symlinking: /home/vboxuser/duckietown_ws/install/duckietown_msgs/include/duckietown_msgs/duckietown_msgs/msg/detail/obstacle_image_detection__rosidl_typesupport_fastrtps_cpp.hpp\n'}
[253.444568] (duckietown_msgs) StdoutLine: {'line': b'-- Symlinking: /home/vboxuser/duckietown_ws/install/duckietown_msgs/include/duckietown_msgs/duckietown_msgs/msg/detail/obstacle_image_detection_list__rosidl_typesupport_fastrtps_cpp.hpp\n'}
[253.472773] (duckietown_msgs) StdoutLine: {'line': b'-- Symlinking: /home/vboxuser/duckietown_ws/install/duckietown_msgs/include/duckietown_msgs/duckietown_msgs/msg/detail/obstacle_projected_detection__rosidl_typesupport_fastrtps_cpp.hpp\n'}
[253.489945] (duckietown_msgs) StdoutLine: {'line': b'-- Symlinking: /home/vboxuser/duckietown_ws/install/duckietown_msgs/include/duckietown_msgs/duckietown_msgs/msg/detail/obstacle_projected_detection_list__rosidl_typesupport_fastrtps_cpp.hpp\n'}
[253.508106] (duckietown_msgs) StdoutLine: {'line': b'-- Symlinking: /home/vboxuser/duckietown_ws/install/duckietown_msgs/include/duckietown_msgs/duckietown_msgs/msg/detail/obstacle_type__rosidl_typesupport_fastrtps_cpp.hpp\n'}
[253.520257] (-) TimerEvent: {}
[253.526360] (duckietown_msgs) StdoutLine: {'line': b'-- Symlinking: /home/vboxuser/duckietown_ws/install/duckietown_msgs/include/duckietown_msgs/duckietown_msgs/msg/detail/pixel__rosidl_typesupport_fastrtps_cpp.hpp\n'}
[253.544604] (duckietown_msgs) StdoutLine: {'line': b'-- Symlinking: /home/vboxuser/duckietown_ws/install/duckietown_msgs/include/duckietown_msgs/duckietown_msgs/msg/detail/pose2_d_stamped__rosidl_typesupport_fastrtps_cpp.hpp\n'}
[253.569726] (duckietown_msgs) StdoutLine: {'line': b'-- Symlinking: /home/vboxuser/duckietown_ws/install/duckietown_msgs/include/duckietown_msgs/duckietown_msgs/msg/detail/rect__rosidl_typesupport_fastrtps_cpp.hpp\n'}
[253.593547] (duckietown_msgs) StdoutLine: {'line': b'-- Symlinking: /home/vboxuser/duckietown_ws/install/duckietown_msgs/include/duckietown_msgs/duckietown_msgs/msg/detail/rects__rosidl_typesupport_fastrtps_cpp.hpp\n'}
[253.613347] (duckietown_msgs) StdoutLine: {'line': b'-- Symlinking: /home/vboxuser/duckietown_ws/install/duckietown_msgs/include/duckietown_msgs/duckietown_msgs/msg/detail/scene_segments__rosidl_typesupport_fastrtps_cpp.hpp\n'}
[253.630139] (-) TimerEvent: {}
[253.634928] (duckietown_msgs) StdoutLine: {'line': b'-- Symlinking: /home/vboxuser/duckietown_ws/install/duckietown_msgs/include/duckietown_msgs/duckietown_msgs/msg/detail/segment__rosidl_typesupport_fastrtps_cpp.hpp\n'}
[253.651339] (duckietown_msgs) StdoutLine: {'line': b'-- Symlinking: /home/vboxuser/duckietown_ws/install/duckietown_msgs/include/duckietown_msgs/duckietown_msgs/msg/detail/segment_list__rosidl_typesupport_fastrtps_cpp.hpp\n'}
[253.676674] (duckietown_msgs) StdoutLine: {'line': b'-- Symlinking: /home/vboxuser/duckietown_ws/install/duckietown_msgs/include/duckietown_msgs/duckietown_msgs/msg/detail/signals_detection__rosidl_typesupport_fastrtps_cpp.hpp\n'}
[253.695014] (duckietown_msgs) StdoutLine: {'line': b'-- Symlinking: /home/vboxuser/duckietown_ws/install/duckietown_msgs/include/duckietown_msgs/duckietown_msgs/msg/detail/signals_detection_ethz17__rosidl_typesupport_fastrtps_cpp.hpp\n'}
[253.712512] (duckietown_msgs) StdoutLine: {'line': b'-- Symlinking: /home/vboxuser/duckietown_ws/install/duckietown_msgs/include/duckietown_msgs/duckietown_msgs/msg/detail/source_target_nodes__rosidl_typesupport_fastrtps_cpp.hpp\n'}
[253.730513] (-) TimerEvent: {}
[253.735129] (duckietown_msgs) StdoutLine: {'line': b'-- Symlinking: /home/vboxuser/duckietown_ws/install/duckietown_msgs/include/duckietown_msgs/duckietown_msgs/msg/detail/stop_line_reading__rosidl_typesupport_fastrtps_cpp.hpp\n'}
[253.754775] (duckietown_msgs) StdoutLine: {'line': b'-- Symlinking: /home/vboxuser/duckietown_ws/install/duckietown_msgs/include/duckietown_msgs/duckietown_msgs/msg/detail/tag_info__rosidl_typesupport_fastrtps_cpp.hpp\n'}
[253.781066] (duckietown_msgs) StdoutLine: {'line': b'-- Symlinking: /home/vboxuser/duckietown_ws/install/duckietown_msgs/include/duckietown_msgs/duckietown_msgs/msg/detail/theta_dot_sample__rosidl_typesupport_fastrtps_cpp.hpp\n'}
[253.801040] (duckietown_msgs) StdoutLine: {'line': b'-- Symlinking: /home/vboxuser/duckietown_ws/install/duckietown_msgs/include/duckietown_msgs/duckietown_msgs/msg/detail/trajectory__rosidl_typesupport_fastrtps_cpp.hpp\n'}
[253.818358] (duckietown_msgs) StdoutLine: {'line': b'-- Symlinking: /home/vboxuser/duckietown_ws/install/duckietown_msgs/include/duckietown_msgs/duckietown_msgs/msg/detail/turn_i_dand_type__rosidl_typesupport_fastrtps_cpp.hpp\n'}
[253.831247] (-) TimerEvent: {}
[253.835165] (duckietown_msgs) StdoutLine: {'line': b'-- Symlinking: /home/vboxuser/duckietown_ws/install/duckietown_msgs/include/duckietown_msgs/duckietown_msgs/msg/detail/twist2_d_stamped__rosidl_typesupport_fastrtps_cpp.hpp\n'}
[253.852310] (duckietown_msgs) StdoutLine: {'line': b'-- Symlinking: /home/vboxuser/duckietown_ws/install/duckietown_msgs/include/duckietown_msgs/duckietown_msgs/msg/detail/twist2_d_stamped_ethz17__rosidl_typesupport_fastrtps_cpp.hpp\n'}
[253.879520] (duckietown_msgs) StdoutLine: {'line': b'-- Symlinking: /home/vboxuser/duckietown_ws/install/duckietown_msgs/include/duckietown_msgs/duckietown_msgs/msg/detail/vector2_d__rosidl_typesupport_fastrtps_cpp.hpp\n'}
[253.896860] (duckietown_msgs) StdoutLine: {'line': b'-- Symlinking: /home/vboxuser/duckietown_ws/install/duckietown_msgs/include/duckietown_msgs/duckietown_msgs/msg/detail/vehicle_corners__rosidl_typesupport_fastrtps_cpp.hpp\n'}
[253.915159] (duckietown_msgs) StdoutLine: {'line': b'-- Symlinking: /home/vboxuser/duckietown_ws/install/duckietown_msgs/include/duckietown_msgs/duckietown_msgs/msg/detail/vehicle_pose__rosidl_typesupport_fastrtps_cpp.hpp\n'}
[253.932118] (duckietown_msgs) StdoutLine: {'line': b'-- Symlinking: /home/vboxuser/duckietown_ws/install/duckietown_msgs/include/duckietown_msgs/duckietown_msgs/msg/detail/vsample__rosidl_typesupport_fastrtps_cpp.hpp\n'}
[253.932297] (-) TimerEvent: {}
[253.949211] (duckietown_msgs) StdoutLine: {'line': b'-- Symlinking: /home/vboxuser/duckietown_ws/install/duckietown_msgs/include/duckietown_msgs/duckietown_msgs/msg/detail/wheels_cmd__rosidl_typesupport_fastrtps_cpp.hpp\n'}
[253.976245] (duckietown_msgs) StdoutLine: {'line': b'-- Symlinking: /home/vboxuser/duckietown_ws/install/duckietown_msgs/include/duckietown_msgs/duckietown_msgs/msg/detail/wheels_cmd_stamped__rosidl_typesupport_fastrtps_cpp.hpp\n'}
[253.993915] (duckietown_msgs) StdoutLine: {'line': b'-- Symlinking: /home/vboxuser/duckietown_ws/install/duckietown_msgs/include/duckietown_msgs/duckietown_msgs/msg/rosidl_typesupport_fastrtps_cpp__visibility_control.h\n'}
[254.010646] (duckietown_msgs) StdoutLine: {'line': b'-- Symlinking: /home/vboxuser/duckietown_ws/install/duckietown_msgs/include/duckietown_msgs/duckietown_msgs/srv/detail/get_variable__rosidl_typesupport_fastrtps_cpp.hpp\n'}
[254.027322] (duckietown_msgs) StdoutLine: {'line': b'-- Symlinking: /home/vboxuser/duckietown_ws/install/duckietown_msgs/include/duckietown_msgs/duckietown_msgs/srv/detail/set_fsm_state__rosidl_typesupport_fastrtps_cpp.hpp\n'}
[254.032427] (-) TimerEvent: {}
[254.043839] (duckietown_msgs) StdoutLine: {'line': b'-- Symlinking: /home/vboxuser/duckietown_ws/install/duckietown_msgs/include/duckietown_msgs/duckietown_msgs/srv/detail/set_value__rosidl_typesupport_fastrtps_cpp.hpp\n'}
[254.061948] (duckietown_msgs) StdoutLine: {'line': b'-- Symlinking: /home/vboxuser/duckietown_ws/install/duckietown_msgs/include/duckietown_msgs/duckietown_msgs/srv/detail/set_variable__rosidl_typesupport_fastrtps_cpp.hpp\n'}
[254.089557] (duckietown_msgs) StdoutLine: {'line': b'-- Symlinking: /home/vboxuser/duckietown_ws/install/duckietown_msgs/include/duckietown_msgs/duckietown_msgs/msg/detail/anti_instagram_health__rosidl_typesupport_introspection_cpp.hpp\n'}
[254.106641] (duckietown_msgs) StdoutLine: {'line': b'-- Symlinking: /home/vboxuser/duckietown_ws/install/duckietown_msgs/include/duckietown_msgs/duckietown_msgs/msg/detail/anti_instagram_transform__rosidl_typesupport_introspection_cpp.hpp\n'}
[254.122508] (duckietown_msgs) StdoutLine: {'line': b'-- Symlinking: /home/vboxuser/duckietown_ws/install/duckietown_msgs/include/duckietown_msgs/duckietown_msgs/msg/detail/anti_instagram_transform_cb__rosidl_typesupport_introspection_cpp.hpp\n'}
[254.135103] (-) TimerEvent: {}
[254.139528] (duckietown_msgs) StdoutLine: {'line': b'-- Symlinking: /home/vboxuser/duckietown_ws/install/duckietown_msgs/include/duckietown_msgs/duckietown_msgs/msg/detail/april_tag_detection__rosidl_typesupport_introspection_cpp.hpp\n'}
[254.155944] (duckietown_msgs) StdoutLine: {'line': b'-- Symlinking: /home/vboxuser/duckietown_ws/install/duckietown_msgs/include/duckietown_msgs/duckietown_msgs/msg/detail/april_tag_detection_array__rosidl_typesupport_introspection_cpp.hpp\n'}
[254.190309] (duckietown_msgs) StdoutLine: {'line': b'-- Symlinking: /home/vboxuser/duckietown_ws/install/duckietown_msgs/include/duckietown_msgs/duckietown_msgs/msg/detail/april_tags_with_infos__rosidl_typesupport_introspection_cpp.hpp\n'}
[254.219358] (duckietown_msgs) StdoutLine: {'line': b'-- Symlinking: /home/vboxuser/duckietown_ws/install/duckietown_msgs/include/duckietown_msgs/duckietown_msgs/msg/detail/bool_stamped__rosidl_typesupport_introspection_cpp.hpp\n'}
[254.235437] (-) TimerEvent: {}
[254.248168] (duckietown_msgs) StdoutLine: {'line': b'-- Symlinking: /home/vboxuser/duckietown_ws/install/duckietown_msgs/include/duckietown_msgs/duckietown_msgs/msg/detail/bool_stamped_ethz17__rosidl_typesupport_introspection_cpp.hpp\n'}
[254.267657] (duckietown_msgs) StdoutLine: {'line': b'-- Symlinking: /home/vboxuser/duckietown_ws/install/duckietown_msgs/include/duckietown_msgs/duckietown_msgs/msg/detail/car_control__rosidl_typesupport_introspection_cpp.hpp\n'}
[254.298212] (duckietown_msgs) StdoutLine: {'line': b'-- Symlinking: /home/vboxuser/duckietown_ws/install/duckietown_msgs/include/duckietown_msgs/duckietown_msgs/msg/detail/coordination_clearance__rosidl_typesupport_introspection_cpp.hpp\n'}
[254.316334] (duckietown_msgs) StdoutLine: {'line': b'-- Symlinking: /home/vboxuser/duckietown_ws/install/duckietown_msgs/include/duckietown_msgs/duckietown_msgs/msg/detail/coordination_clearance_ethz17__rosidl_typesupport_introspection_cpp.hpp\n'}
[254.334129] (duckietown_msgs) StdoutLine: {'line': b'-- Symlinking: /home/vboxuser/duckietown_ws/install/duckietown_msgs/include/duckietown_msgs/duckietown_msgs/msg/detail/coordination_signal__rosidl_typesupport_introspection_cpp.hpp\n'}
[254.336114] (-) TimerEvent: {}
[254.352341] (duckietown_msgs) StdoutLine: {'line': b'-- Symlinking: /home/vboxuser/duckietown_ws/install/duckietown_msgs/include/duckietown_msgs/duckietown_msgs/msg/detail/coordination_signal_ethz17__rosidl_typesupport_introspection_cpp.hpp\n'}
[254.380361] (duckietown_msgs) StdoutLine: {'line': b'-- Symlinking: /home/vboxuser/duckietown_ws/install/duckietown_msgs/include/duckietown_msgs/duckietown_msgs/msg/detail/duckie_sensor__rosidl_typesupport_introspection_cpp.hpp\n'}
[254.397482] (duckietown_msgs) StdoutLine: {'line': b'-- Symlinking: /home/vboxuser/duckietown_ws/install/duckietown_msgs/include/duckietown_msgs/duckietown_msgs/msg/detail/fsm_state__rosidl_typesupport_introspection_cpp.hpp\n'}
[254.416702] (duckietown_msgs) StdoutLine: {'line': b'-- Symlinking: /home/vboxuser/duckietown_ws/install/duckietown_msgs/include/duckietown_msgs/duckietown_msgs/msg/detail/intersection_pose__rosidl_typesupport_introspection_cpp.hpp\n'}
[254.433821] (duckietown_msgs) StdoutLine: {'line': b'-- Symlinking: /home/vboxuser/duckietown_ws/install/duckietown_msgs/include/duckietown_msgs/duckietown_msgs/msg/detail/intersection_pose_img__rosidl_typesupport_introspection_cpp.hpp\n'}
[254.436328] (-) TimerEvent: {}
[254.453315] (duckietown_msgs) StdoutLine: {'line': b'-- Symlinking: /home/vboxuser/duckietown_ws/install/duckietown_msgs/include/duckietown_msgs/duckietown_msgs/msg/detail/intersection_pose_img_debug__rosidl_typesupport_introspection_cpp.hpp\n'}
[254.480306] (duckietown_msgs) StdoutLine: {'line': b'-- Symlinking: /home/vboxuser/duckietown_ws/install/duckietown_msgs/include/duckietown_msgs/duckietown_msgs/msg/detail/kinematics_parameters__rosidl_typesupport_introspection_cpp.hpp\n'}
[254.498791] (duckietown_msgs) StdoutLine: {'line': b'-- Symlinking: /home/vboxuser/duckietown_ws/install/duckietown_msgs/include/duckietown_msgs/duckietown_msgs/msg/detail/kinematics_weights__rosidl_typesupport_introspection_cpp.hpp\n'}
[254.514085] (duckietown_msgs) StdoutLine: {'line': b'-- Symlinking: /home/vboxuser/duckietown_ws/install/duckietown_msgs/include/duckietown_msgs/duckietown_msgs/msg/detail/lane_pose__rosidl_typesupport_introspection_cpp.hpp\n'}
[254.530685] (duckietown_msgs) StdoutLine: {'line': b'-- Symlinking: /home/vboxuser/duckietown_ws/install/duckietown_msgs/include/duckietown_msgs/duckietown_msgs/msg/detail/led_detection__rosidl_typesupport_introspection_cpp.hpp\n'}
[254.539071] (-) TimerEvent: {}
[254.546431] (duckietown_msgs) StdoutLine: {'line': b'-- Symlinking: /home/vboxuser/duckietown_ws/install/duckietown_msgs/include/duckietown_msgs/duckietown_msgs/msg/detail/led_detection_array__rosidl_typesupport_introspection_cpp.hpp\n'}
[254.563410] (duckietown_msgs) StdoutLine: {'line': b'-- Symlinking: /home/vboxuser/duckietown_ws/install/duckietown_msgs/include/duckietown_msgs/duckietown_msgs/msg/detail/led_detection_debug_info__rosidl_typesupport_introspection_cpp.hpp\n'}
[254.593057] (duckietown_msgs) StdoutLine: {'line': b'-- Symlinking: /home/vboxuser/duckietown_ws/install/duckietown_msgs/include/duckietown_msgs/duckietown_msgs/msg/detail/led_interpreter__rosidl_typesupport_introspection_cpp.hpp\n'}
[254.607109] (duckietown_msgs) StdoutLine: {'line': b'-- Symlinking: /home/vboxuser/duckietown_ws/install/duckietown_msgs/include/duckietown_msgs/duckietown_msgs/msg/detail/maintenance_state__rosidl_typesupport_introspection_cpp.hpp\n'}
[254.623550] (duckietown_msgs) StdoutLine: {'line': b'-- Symlinking: /home/vboxuser/duckietown_ws/install/duckietown_msgs/include/duckietown_msgs/duckietown_msgs/msg/detail/num__rosidl_typesupport_introspection_cpp.hpp\n'}
[254.639948] (duckietown_msgs) StdoutLine: {'line': b'-- Symlinking: /home/vboxuser/duckietown_ws/install/duckietown_msgs/include/duckietown_msgs/duckietown_msgs/msg/detail/obstacle_image_detection__rosidl_typesupport_introspection_cpp.hpp\n'}
[254.640132] (-) TimerEvent: {}
[254.657771] (duckietown_msgs) StdoutLine: {'line': b'-- Symlinking: /home/vboxuser/duckietown_ws/install/duckietown_msgs/include/duckietown_msgs/duckietown_msgs/msg/detail/obstacle_image_detection_list__rosidl_typesupport_introspection_cpp.hpp\n'}
[254.682315] (duckietown_msgs) StdoutLine: {'line': b'-- Symlinking: /home/vboxuser/duckietown_ws/install/duckietown_msgs/include/duckietown_msgs/duckietown_msgs/msg/detail/obstacle_projected_detection__rosidl_typesupport_introspection_cpp.hpp\n'}
[254.702573] (duckietown_msgs) StdoutLine: {'line': b'-- Symlinking: /home/vboxuser/duckietown_ws/install/duckietown_msgs/include/duckietown_msgs/duckietown_msgs/msg/detail/obstacle_projected_detection_list__rosidl_typesupport_introspection_cpp.hpp\n'}
[254.722435] (duckietown_msgs) StdoutLine: {'line': b'-- Symlinking: /home/vboxuser/duckietown_ws/install/duckietown_msgs/include/duckietown_msgs/duckietown_msgs/msg/detail/obstacle_type__rosidl_typesupport_introspection_cpp.hpp\n'}
[254.740812] (duckietown_msgs) StdoutLine: {'line': b'-- Symlinking: /home/vboxuser/duckietown_ws/install/duckietown_msgs/include/duckietown_msgs/duckietown_msgs/msg/detail/pixel__rosidl_typesupport_introspection_cpp.hpp\n'}
[254.741001] (-) TimerEvent: {}
[254.759329] (duckietown_msgs) StdoutLine: {'line': b'-- Symlinking: /home/vboxuser/duckietown_ws/install/duckietown_msgs/include/duckietown_msgs/duckietown_msgs/msg/detail/pose2_d_stamped__rosidl_typesupport_introspection_cpp.hpp\n'}
[254.783100] (duckietown_msgs) StdoutLine: {'line': b'-- Symlinking: /home/vboxuser/duckietown_ws/install/duckietown_msgs/include/duckietown_msgs/duckietown_msgs/msg/detail/rect__rosidl_typesupport_introspection_cpp.hpp\n'}
[254.811117] (duckietown_msgs) StdoutLine: {'line': b'-- Symlinking: /home/vboxuser/duckietown_ws/install/duckietown_msgs/include/duckietown_msgs/duckietown_msgs/msg/detail/rects__rosidl_typesupport_introspection_cpp.hpp\n'}
[254.829951] (duckietown_msgs) StdoutLine: {'line': b'-- Symlinking: /home/vboxuser/duckietown_ws/install/duckietown_msgs/include/duckietown_msgs/duckietown_msgs/msg/detail/scene_segments__rosidl_typesupport_introspection_cpp.hpp\n'}
[254.842270] (-) TimerEvent: {}
[254.847067] (duckietown_msgs) StdoutLine: {'line': b'-- Symlinking: /home/vboxuser/duckietown_ws/install/duckietown_msgs/include/duckietown_msgs/duckietown_msgs/msg/detail/segment__rosidl_typesupport_introspection_cpp.hpp\n'}
[254.864365] (duckietown_msgs) StdoutLine: {'line': b'-- Symlinking: /home/vboxuser/duckietown_ws/install/duckietown_msgs/include/duckietown_msgs/duckietown_msgs/msg/detail/segment_list__rosidl_typesupport_introspection_cpp.hpp\n'}
[254.888862] (duckietown_msgs) StdoutLine: {'line': b'-- Symlinking: /home/vboxuser/duckietown_ws/install/duckietown_msgs/include/duckietown_msgs/duckietown_msgs/msg/detail/signals_detection__rosidl_typesupport_introspection_cpp.hpp\n'}
[254.910291] (duckietown_msgs) StdoutLine: {'line': b'-- Symlinking: /home/vboxuser/duckietown_ws/install/duckietown_msgs/include/duckietown_msgs/duckietown_msgs/msg/detail/signals_detection_ethz17__rosidl_typesupport_introspection_cpp.hpp\n'}
[254.926556] (duckietown_msgs) StdoutLine: {'line': b'-- Symlinking: /home/vboxuser/duckietown_ws/install/duckietown_msgs/include/duckietown_msgs/duckietown_msgs/msg/detail/source_target_nodes__rosidl_typesupport_introspection_cpp.hpp\n'}
[254.942443] (-) TimerEvent: {}
[254.945924] (duckietown_msgs) StdoutLine: {'line': b'-- Symlinking: /home/vboxuser/duckietown_ws/install/duckietown_msgs/include/duckietown_msgs/duckietown_msgs/msg/detail/stop_line_reading__rosidl_typesupport_introspection_cpp.hpp\n'}
[254.962745] (duckietown_msgs) StdoutLine: {'line': b'-- Symlinking: /home/vboxuser/duckietown_ws/install/duckietown_msgs/include/duckietown_msgs/duckietown_msgs/msg/detail/tag_info__rosidl_typesupport_introspection_cpp.hpp\n'}
[254.990034] (duckietown_msgs) StdoutLine: {'line': b'-- Symlinking: /home/vboxuser/duckietown_ws/install/duckietown_msgs/include/duckietown_msgs/duckietown_msgs/msg/detail/theta_dot_sample__rosidl_typesupport_introspection_cpp.hpp\n'}
[255.008194] (duckietown_msgs) StdoutLine: {'line': b'-- Symlinking: /home/vboxuser/duckietown_ws/install/duckietown_msgs/include/duckietown_msgs/duckietown_msgs/msg/detail/trajectory__rosidl_typesupport_introspection_cpp.hpp\n'}
[255.023716] (duckietown_msgs) StdoutLine: {'line': b'-- Symlinking: /home/vboxuser/duckietown_ws/install/duckietown_msgs/include/duckietown_msgs/duckietown_msgs/msg/detail/turn_i_dand_type__rosidl_typesupport_introspection_cpp.hpp\n'}
[255.041043] (duckietown_msgs) StdoutLine: {'line': b'-- Symlinking: /home/vboxuser/duckietown_ws/install/duckietown_msgs/include/duckietown_msgs/duckietown_msgs/msg/detail/twist2_d_stamped__rosidl_typesupport_introspection_cpp.hpp\n'}
[255.042965] (-) TimerEvent: {}
[255.059218] (duckietown_msgs) StdoutLine: {'line': b'-- Symlinking: /home/vboxuser/duckietown_ws/install/duckietown_msgs/include/duckietown_msgs/duckietown_msgs/msg/detail/twist2_d_stamped_ethz17__rosidl_typesupport_introspection_cpp.hpp\n'}
[255.082683] (duckietown_msgs) StdoutLine: {'line': b'-- Symlinking: /home/vboxuser/duckietown_ws/install/duckietown_msgs/include/duckietown_msgs/duckietown_msgs/msg/detail/vector2_d__rosidl_typesupport_introspection_cpp.hpp\n'}
[255.103044] (duckietown_msgs) StdoutLine: {'line': b'-- Symlinking: /home/vboxuser/duckietown_ws/install/duckietown_msgs/include/duckietown_msgs/duckietown_msgs/msg/detail/vehicle_corners__rosidl_typesupport_introspection_cpp.hpp\n'}
[255.118515] (duckietown_msgs) StdoutLine: {'line': b'-- Symlinking: /home/vboxuser/duckietown_ws/install/duckietown_msgs/include/duckietown_msgs/duckietown_msgs/msg/detail/vehicle_pose__rosidl_typesupport_introspection_cpp.hpp\n'}
[255.134504] (duckietown_msgs) StdoutLine: {'line': b'-- Symlinking: /home/vboxuser/duckietown_ws/install/duckietown_msgs/include/duckietown_msgs/duckietown_msgs/msg/detail/vsample__rosidl_typesupport_introspection_cpp.hpp\n'}
[255.145190] (-) TimerEvent: {}
[255.151950] (duckietown_msgs) StdoutLine: {'line': b'-- Symlinking: /home/vboxuser/duckietown_ws/install/duckietown_msgs/include/duckietown_msgs/duckietown_msgs/msg/detail/wheels_cmd__rosidl_typesupport_introspection_cpp.hpp\n'}
[255.168513] (duckietown_msgs) StdoutLine: {'line': b'-- Symlinking: /home/vboxuser/duckietown_ws/install/duckietown_msgs/include/duckietown_msgs/duckietown_msgs/msg/detail/wheels_cmd_stamped__rosidl_typesupport_introspection_cpp.hpp\n'}
[255.205722] (duckietown_msgs) StdoutLine: {'line': b'-- Symlinking: /home/vboxuser/duckietown_ws/install/duckietown_msgs/include/duckietown_msgs/duckietown_msgs/srv/detail/get_variable__rosidl_typesupport_introspection_cpp.hpp\n'}
[255.226349] (duckietown_msgs) StdoutLine: {'line': b'-- Symlinking: /home/vboxuser/duckietown_ws/install/duckietown_msgs/include/duckietown_msgs/duckietown_msgs/srv/detail/set_fsm_state__rosidl_typesupport_introspection_cpp.hpp\n'}
[255.249821] (-) TimerEvent: {}
[255.254397] (duckietown_msgs) StdoutLine: {'line': b'-- Symlinking: /home/vboxuser/duckietown_ws/install/duckietown_msgs/include/duckietown_msgs/duckietown_msgs/srv/detail/set_value__rosidl_typesupport_introspection_cpp.hpp\n'}
[255.281507] (duckietown_msgs) StdoutLine: {'line': b'-- Symlinking: /home/vboxuser/duckietown_ws/install/duckietown_msgs/include/duckietown_msgs/duckietown_msgs/srv/detail/set_variable__rosidl_typesupport_introspection_cpp.hpp\n'}
[255.302641] (duckietown_msgs) StdoutLine: {'line': b'-- Symlinking: /home/vboxuser/duckietown_ws/install/duckietown_msgs/share/duckietown_msgs/environment/pythonpath.sh\n'}
[255.321337] (duckietown_msgs) StdoutLine: {'line': b'-- Symlinking: /home/vboxuser/duckietown_ws/install/duckietown_msgs/share/duckietown_msgs/environment/pythonpath.dsv\n'}
[255.340871] (duckietown_msgs) StdoutLine: {'line': b'-- Symlinking: /home/vboxuser/duckietown_ws/install/duckietown_msgs/local/lib/python3.10/dist-packages/duckietown_msgs-1.0.0-py3.10.egg-info/PKG-INFO\n'}
[255.354414] (-) TimerEvent: {}
[255.359528] (duckietown_msgs) StdoutLine: {'line': b'-- Symlinking: /home/vboxuser/duckietown_ws/install/duckietown_msgs/local/lib/python3.10/dist-packages/duckietown_msgs-1.0.0-py3.10.egg-info/SOURCES.txt\n'}
[255.376726] (duckietown_msgs) StdoutLine: {'line': b'-- Symlinking: /home/vboxuser/duckietown_ws/install/duckietown_msgs/local/lib/python3.10/dist-packages/duckietown_msgs-1.0.0-py3.10.egg-info/dependency_links.txt\n'}
[255.403172] (duckietown_msgs) StdoutLine: {'line': b'-- Symlinking: /home/vboxuser/duckietown_ws/install/duckietown_msgs/local/lib/python3.10/dist-packages/duckietown_msgs-1.0.0-py3.10.egg-info/top_level.txt\n'}
[255.425008] (duckietown_msgs) StdoutLine: {'line': b'-- Symlinking: /home/vboxuser/duckietown_ws/install/duckietown_msgs/local/lib/python3.10/dist-packages/duckietown_msgs/__init__.py\n'}
[255.442343] (duckietown_msgs) StdoutLine: {'line': b'-- Symlinking: /home/vboxuser/duckietown_ws/install/duckietown_msgs/local/lib/python3.10/dist-packages/duckietown_msgs/_duckietown_msgs_s.ep.rosidl_typesupport_c.c\n'}
[255.455498] (-) TimerEvent: {}
[255.460970] (duckietown_msgs) StdoutLine: {'line': b'-- Symlinking: /home/vboxuser/duckietown_ws/install/duckietown_msgs/local/lib/python3.10/dist-packages/duckietown_msgs/_duckietown_msgs_s.ep.rosidl_typesupport_fastrtps_c.c\n'}
[255.478975] (duckietown_msgs) StdoutLine: {'line': b'-- Symlinking: /home/vboxuser/duckietown_ws/install/duckietown_msgs/local/lib/python3.10/dist-packages/duckietown_msgs/_duckietown_msgs_s.ep.rosidl_typesupport_introspection_c.c\n'}
[255.508730] (duckietown_msgs) StdoutLine: {'line': b'-- Symlinking: /home/vboxuser/duckietown_ws/install/duckietown_msgs/local/lib/python3.10/dist-packages/duckietown_msgs/duckietown_msgs_s__rosidl_typesupport_c.cpython-310-x86_64-linux-gnu.so\n'}
[255.531772] (duckietown_msgs) StdoutLine: {'line': b'-- Symlinking: /home/vboxuser/duckietown_ws/install/duckietown_msgs/local/lib/python3.10/dist-packages/duckietown_msgs/duckietown_msgs_s__rosidl_typesupport_fastrtps_c.cpython-310-x86_64-linux-gnu.so\n'}
[255.550689] (duckietown_msgs) StdoutLine: {'line': b'-- Symlinking: /home/vboxuser/duckietown_ws/install/duckietown_msgs/local/lib/python3.10/dist-packages/duckietown_msgs/duckietown_msgs_s__rosidl_typesupport_introspection_c.cpython-310-x86_64-linux-gnu.so\n'}
[255.563358] (-) TimerEvent: {}
[255.569080] (duckietown_msgs) StdoutLine: {'line': b'-- Symlinking: /home/vboxuser/duckietown_ws/install/duckietown_msgs/local/lib/python3.10/dist-packages/duckietown_msgs/libduckietown_msgs__rosidl_generator_py.so\n'}
[255.586708] (duckietown_msgs) StdoutLine: {'line': b'-- Symlinking: /home/vboxuser/duckietown_ws/install/duckietown_msgs/local/lib/python3.10/dist-packages/duckietown_msgs/msg/__init__.py\n'}
[255.611639] (duckietown_msgs) StdoutLine: {'line': b'-- Symlinking: /home/vboxuser/duckietown_ws/install/duckietown_msgs/local/lib/python3.10/dist-packages/duckietown_msgs/msg/_anti_instagram_health.py\n'}
[255.633600] (duckietown_msgs) StdoutLine: {'line': b'-- Symlinking: /home/vboxuser/duckietown_ws/install/duckietown_msgs/local/lib/python3.10/dist-packages/duckietown_msgs/msg/_anti_instagram_health_s.c\n'}
[255.650945] (duckietown_msgs) StdoutLine: {'line': b'-- Symlinking: /home/vboxuser/duckietown_ws/install/duckietown_msgs/local/lib/python3.10/dist-packages/duckietown_msgs/msg/_anti_instagram_transform.py\n'}
[255.664262] (-) TimerEvent: {}
[255.668932] (duckietown_msgs) StdoutLine: {'line': b'-- Symlinking: /home/vboxuser/duckietown_ws/install/duckietown_msgs/local/lib/python3.10/dist-packages/duckietown_msgs/msg/_anti_instagram_transform_cb.py\n'}
[255.688371] (duckietown_msgs) StdoutLine: {'line': b'-- Symlinking: /home/vboxuser/duckietown_ws/install/duckietown_msgs/local/lib/python3.10/dist-packages/duckietown_msgs/msg/_anti_instagram_transform_cb_s.c\n'}
[255.715703] (duckietown_msgs) StdoutLine: {'line': b'-- Symlinking: /home/vboxuser/duckietown_ws/install/duckietown_msgs/local/lib/python3.10/dist-packages/duckietown_msgs/msg/_anti_instagram_transform_s.c\n'}
[255.737885] (duckietown_msgs) StdoutLine: {'line': b'-- Symlinking: /home/vboxuser/duckietown_ws/install/duckietown_msgs/local/lib/python3.10/dist-packages/duckietown_msgs/msg/_april_tag_detection.py\n'}
[255.754572] (duckietown_msgs) StdoutLine: {'line': b'-- Symlinking: /home/vboxuser/duckietown_ws/install/duckietown_msgs/local/lib/python3.10/dist-packages/duckietown_msgs/msg/_april_tag_detection_array.py\n'}
[255.768423] (-) TimerEvent: {}
[255.772628] (duckietown_msgs) StdoutLine: {'line': b'-- Symlinking: /home/vboxuser/duckietown_ws/install/duckietown_msgs/local/lib/python3.10/dist-packages/duckietown_msgs/msg/_april_tag_detection_array_s.c\n'}
[255.789263] (duckietown_msgs) StdoutLine: {'line': b'-- Symlinking: /home/vboxuser/duckietown_ws/install/duckietown_msgs/local/lib/python3.10/dist-packages/duckietown_msgs/msg/_april_tag_detection_s.c\n'}
[255.815930] (duckietown_msgs) StdoutLine: {'line': b'-- Symlinking: /home/vboxuser/duckietown_ws/install/duckietown_msgs/local/lib/python3.10/dist-packages/duckietown_msgs/msg/_april_tags_with_infos.py\n'}
[255.833754] (duckietown_msgs) StdoutLine: {'line': b'-- Symlinking: /home/vboxuser/duckietown_ws/install/duckietown_msgs/local/lib/python3.10/dist-packages/duckietown_msgs/msg/_april_tags_with_infos_s.c\n'}
[255.849311] (duckietown_msgs) StdoutLine: {'line': b'-- Symlinking: /home/vboxuser/duckietown_ws/install/duckietown_msgs/local/lib/python3.10/dist-packages/duckietown_msgs/msg/_bool_stamped.py\n'}
[255.866387] (duckietown_msgs) StdoutLine: {'line': b'-- Symlinking: /home/vboxuser/duckietown_ws/install/duckietown_msgs/local/lib/python3.10/dist-packages/duckietown_msgs/msg/_bool_stamped_ethz17.py\n'}
[255.869298] (-) TimerEvent: {}
[255.884918] (duckietown_msgs) StdoutLine: {'line': b'-- Symlinking: /home/vboxuser/duckietown_ws/install/duckietown_msgs/local/lib/python3.10/dist-packages/duckietown_msgs/msg/_bool_stamped_ethz17_s.c\n'}
[255.910045] (duckietown_msgs) StdoutLine: {'line': b'-- Symlinking: /home/vboxuser/duckietown_ws/install/duckietown_msgs/local/lib/python3.10/dist-packages/duckietown_msgs/msg/_bool_stamped_s.c\n'}
[255.929018] (duckietown_msgs) StdoutLine: {'line': b'-- Symlinking: /home/vboxuser/duckietown_ws/install/duckietown_msgs/local/lib/python3.10/dist-packages/duckietown_msgs/msg/_car_control.py\n'}
[255.946324] (duckietown_msgs) StdoutLine: {'line': b'-- Symlinking: /home/vboxuser/duckietown_ws/install/duckietown_msgs/local/lib/python3.10/dist-packages/duckietown_msgs/msg/_car_control_s.c\n'}
[255.965159] (duckietown_msgs) StdoutLine: {'line': b'-- Symlinking: /home/vboxuser/duckietown_ws/install/duckietown_msgs/local/lib/python3.10/dist-packages/duckietown_msgs/msg/_coordination_clearance.py\n'}
[255.974033] (-) TimerEvent: {}
[255.983466] (duckietown_msgs) StdoutLine: {'line': b'-- Symlinking: /home/vboxuser/duckietown_ws/install/duckietown_msgs/local/lib/python3.10/dist-packages/duckietown_msgs/msg/_coordination_clearance_ethz17.py\n'}
[256.032499] (duckietown_msgs) StdoutLine: {'line': b'-- Symlinking: /home/vboxuser/duckietown_ws/install/duckietown_msgs/local/lib/python3.10/dist-packages/duckietown_msgs/msg/_coordination_clearance_ethz17_s.c\n'}
[256.078501] (-) TimerEvent: {}
[256.106254] (duckietown_msgs) StdoutLine: {'line': b'-- Symlinking: /home/vboxuser/duckietown_ws/install/duckietown_msgs/local/lib/python3.10/dist-packages/duckietown_msgs/msg/_coordination_clearance_s.c\n'}
[256.151770] (duckietown_msgs) StdoutLine: {'line': b'-- Symlinking: /home/vboxuser/duckietown_ws/install/duckietown_msgs/local/lib/python3.10/dist-packages/duckietown_msgs/msg/_coordination_signal.py\n'}
[256.169256] (duckietown_msgs) StdoutLine: {'line': b'-- Symlinking: /home/vboxuser/duckietown_ws/install/duckietown_msgs/local/lib/python3.10/dist-packages/duckietown_msgs/msg/_coordination_signal_ethz17.py\n'}
[256.182086] (-) TimerEvent: {}
[256.186878] (duckietown_msgs) StdoutLine: {'line': b'-- Symlinking: /home/vboxuser/duckietown_ws/install/duckietown_msgs/local/lib/python3.10/dist-packages/duckietown_msgs/msg/_coordination_signal_ethz17_s.c\n'}
[256.213168] (duckietown_msgs) StdoutLine: {'line': b'-- Symlinking: /home/vboxuser/duckietown_ws/install/duckietown_msgs/local/lib/python3.10/dist-packages/duckietown_msgs/msg/_coordination_signal_s.c\n'}
[256.261199] (duckietown_msgs) StdoutLine: {'line': b'-- Symlinking: /home/vboxuser/duckietown_ws/install/duckietown_msgs/local/lib/python3.10/dist-packages/duckietown_msgs/msg/_duckie_sensor.py\n'}
[256.280661] (duckietown_msgs) StdoutLine: {'line': b'-- Symlinking: /home/vboxuser/duckietown_ws/install/duckietown_msgs/local/lib/python3.10/dist-packages/duckietown_msgs/msg/_duckie_sensor_s.c\n'}
[256.282292] (-) TimerEvent: {}
[256.309483] (duckietown_msgs) StdoutLine: {'line': b'-- Symlinking: /home/vboxuser/duckietown_ws/install/duckietown_msgs/local/lib/python3.10/dist-packages/duckietown_msgs/msg/_fsm_state.py\n'}
[256.333661] (duckietown_msgs) StdoutLine: {'line': b'-- Symlinking: /home/vboxuser/duckietown_ws/install/duckietown_msgs/local/lib/python3.10/dist-packages/duckietown_msgs/msg/_fsm_state_s.c\n'}
[256.350479] (duckietown_msgs) StdoutLine: {'line': b'-- Symlinking: /home/vboxuser/duckietown_ws/install/duckietown_msgs/local/lib/python3.10/dist-packages/duckietown_msgs/msg/_intersection_pose.py\n'}
[256.368003] (duckietown_msgs) StdoutLine: {'line': b'-- Symlinking: /home/vboxuser/duckietown_ws/install/duckietown_msgs/local/lib/python3.10/dist-packages/duckietown_msgs/msg/_intersection_pose_img.py\n'}
[256.382437] (-) TimerEvent: {}
[256.385609] (duckietown_msgs) StdoutLine: {'line': b'-- Symlinking: /home/vboxuser/duckietown_ws/install/duckietown_msgs/local/lib/python3.10/dist-packages/duckietown_msgs/msg/_intersection_pose_img_debug.py\n'}
[256.407351] (duckietown_msgs) StdoutLine: {'line': b'-- Symlinking: /home/vboxuser/duckietown_ws/install/duckietown_msgs/local/lib/python3.10/dist-packages/duckietown_msgs/msg/_intersection_pose_img_debug_s.c\n'}
[256.431696] (duckietown_msgs) StdoutLine: {'line': b'-- Symlinking: /home/vboxuser/duckietown_ws/install/duckietown_msgs/local/lib/python3.10/dist-packages/duckietown_msgs/msg/_intersection_pose_img_s.c\n'}
[256.450449] (duckietown_msgs) StdoutLine: {'line': b'-- Symlinking: /home/vboxuser/duckietown_ws/install/duckietown_msgs/local/lib/python3.10/dist-packages/duckietown_msgs/msg/_intersection_pose_s.c\n'}
[256.470297] (duckietown_msgs) StdoutLine: {'line': b'-- Symlinking: /home/vboxuser/duckietown_ws/install/duckietown_msgs/local/lib/python3.10/dist-packages/duckietown_msgs/msg/_kinematics_parameters.py\n'}
[256.483114] (-) TimerEvent: {}
[256.487308] (duckietown_msgs) StdoutLine: {'line': b'-- Symlinking: /home/vboxuser/duckietown_ws/install/duckietown_msgs/local/lib/python3.10/dist-packages/duckietown_msgs/msg/_kinematics_parameters_s.c\n'}
[256.505353] (duckietown_msgs) StdoutLine: {'line': b'-- Symlinking: /home/vboxuser/duckietown_ws/install/duckietown_msgs/local/lib/python3.10/dist-packages/duckietown_msgs/msg/_kinematics_weights.py\n'}
[256.530612] (duckietown_msgs) StdoutLine: {'line': b'-- Symlinking: /home/vboxuser/duckietown_ws/install/duckietown_msgs/local/lib/python3.10/dist-packages/duckietown_msgs/msg/_kinematics_weights_s.c\n'}
[256.548509] (duckietown_msgs) StdoutLine: {'line': b'-- Symlinking: /home/vboxuser/duckietown_ws/install/duckietown_msgs/local/lib/python3.10/dist-packages/duckietown_msgs/msg/_lane_pose.py\n'}
[256.564641] (duckietown_msgs) StdoutLine: {'line': b'-- Symlinking: /home/vboxuser/duckietown_ws/install/duckietown_msgs/local/lib/python3.10/dist-packages/duckietown_msgs/msg/_lane_pose_s.c\n'}
[256.590460] (-) TimerEvent: {}
[256.604517] (duckietown_msgs) StdoutLine: {'line': b'-- Symlinking: /home/vboxuser/duckietown_ws/install/duckietown_msgs/local/lib/python3.10/dist-packages/duckietown_msgs/msg/_led_detection.py\n'}
[256.632440] (duckietown_msgs) StdoutLine: {'line': b'-- Symlinking: /home/vboxuser/duckietown_ws/install/duckietown_msgs/local/lib/python3.10/dist-packages/duckietown_msgs/msg/_led_detection_array.py\n'}
[256.650660] (duckietown_msgs) StdoutLine: {'line': b'-- Symlinking: /home/vboxuser/duckietown_ws/install/duckietown_msgs/local/lib/python3.10/dist-packages/duckietown_msgs/msg/_led_detection_array_s.c\n'}
[256.666494] (duckietown_msgs) StdoutLine: {'line': b'-- Symlinking: /home/vboxuser/duckietown_ws/install/duckietown_msgs/local/lib/python3.10/dist-packages/duckietown_msgs/msg/_led_detection_debug_info.py\n'}
[256.683723] (duckietown_msgs) StdoutLine: {'line': b'-- Symlinking: /home/vboxuser/duckietown_ws/install/duckietown_msgs/local/lib/python3.10/dist-packages/duckietown_msgs/msg/_led_detection_debug_info_s.c\n'}
[256.696005] (-) TimerEvent: {}
[256.699899] (duckietown_msgs) StdoutLine: {'line': b'-- Symlinking: /home/vboxuser/duckietown_ws/install/duckietown_msgs/local/lib/python3.10/dist-packages/duckietown_msgs/msg/_led_detection_s.c\n'}
[256.717142] (duckietown_msgs) StdoutLine: {'line': b'-- Symlinking: /home/vboxuser/duckietown_ws/install/duckietown_msgs/local/lib/python3.10/dist-packages/duckietown_msgs/msg/_led_interpreter.py\n'}
[256.748187] (duckietown_msgs) StdoutLine: {'line': b'-- Symlinking: /home/vboxuser/duckietown_ws/install/duckietown_msgs/local/lib/python3.10/dist-packages/duckietown_msgs/msg/_led_interpreter_s.c\n'}
[256.765798] (duckietown_msgs) StdoutLine: {'line': b'-- Symlinking: /home/vboxuser/duckietown_ws/install/duckietown_msgs/local/lib/python3.10/dist-packages/duckietown_msgs/msg/_maintenance_state.py\n'}
[256.784748] (duckietown_msgs) StdoutLine: {'line': b'-- Symlinking: /home/vboxuser/duckietown_ws/install/duckietown_msgs/local/lib/python3.10/dist-packages/duckietown_msgs/msg/_maintenance_state_s.c\n'}
[256.796219] (-) TimerEvent: {}
[256.801965] (duckietown_msgs) StdoutLine: {'line': b'-- Symlinking: /home/vboxuser/duckietown_ws/install/duckietown_msgs/local/lib/python3.10/dist-packages/duckietown_msgs/msg/_num.py\n'}
[256.820536] (duckietown_msgs) StdoutLine: {'line': b'-- Symlinking: /home/vboxuser/duckietown_ws/install/duckietown_msgs/local/lib/python3.10/dist-packages/duckietown_msgs/msg/_num_s.c\n'}
[256.845843] (duckietown_msgs) StdoutLine: {'line': b'-- Symlinking: /home/vboxuser/duckietown_ws/install/duckietown_msgs/local/lib/python3.10/dist-packages/duckietown_msgs/msg/_obstacle_image_detection.py\n'}
[256.862858] (duckietown_msgs) StdoutLine: {'line': b'-- Symlinking: /home/vboxuser/duckietown_ws/install/duckietown_msgs/local/lib/python3.10/dist-packages/duckietown_msgs/msg/_obstacle_image_detection_list.py\n'}
[256.888553] (duckietown_msgs) StdoutLine: {'line': b'-- Symlinking: /home/vboxuser/duckietown_ws/install/duckietown_msgs/local/lib/python3.10/dist-packages/duckietown_msgs/msg/_obstacle_image_detection_list_s.c\n'}
[256.900224] (-) TimerEvent: {}
[256.906015] (duckietown_msgs) StdoutLine: {'line': b'-- Symlinking: /home/vboxuser/duckietown_ws/install/duckietown_msgs/local/lib/python3.10/dist-packages/duckietown_msgs/msg/_obstacle_image_detection_s.c\n'}
[256.923449] (duckietown_msgs) StdoutLine: {'line': b'-- Symlinking: /home/vboxuser/duckietown_ws/install/duckietown_msgs/local/lib/python3.10/dist-packages/duckietown_msgs/msg/_obstacle_projected_detection.py\n'}
[256.949327] (duckietown_msgs) StdoutLine: {'line': b'-- Symlinking: /home/vboxuser/duckietown_ws/install/duckietown_msgs/local/lib/python3.10/dist-packages/duckietown_msgs/msg/_obstacle_projected_detection_list.py\n'}
[256.974155] (duckietown_msgs) StdoutLine: {'line': b'-- Symlinking: /home/vboxuser/duckietown_ws/install/duckietown_msgs/local/lib/python3.10/dist-packages/duckietown_msgs/msg/_obstacle_projected_detection_list_s.c\n'}
[256.991377] (duckietown_msgs) StdoutLine: {'line': b'-- Symlinking: /home/vboxuser/duckietown_ws/install/duckietown_msgs/local/lib/python3.10/dist-packages/duckietown_msgs/msg/_obstacle_projected_detection_s.c\n'}
[257.003166] (-) TimerEvent: {}
[257.009215] (duckietown_msgs) StdoutLine: {'line': b'-- Symlinking: /home/vboxuser/duckietown_ws/install/duckietown_msgs/local/lib/python3.10/dist-packages/duckietown_msgs/msg/_obstacle_type.py\n'}
[257.027803] (duckietown_msgs) StdoutLine: {'line': b'-- Symlinking: /home/vboxuser/duckietown_ws/install/duckietown_msgs/local/lib/python3.10/dist-packages/duckietown_msgs/msg/_obstacle_type_s.c\n'}
[257.054037] (duckietown_msgs) StdoutLine: {'line': b'-- Symlinking: /home/vboxuser/duckietown_ws/install/duckietown_msgs/local/lib/python3.10/dist-packages/duckietown_msgs/msg/_pixel.py\n'}
[257.071657] (duckietown_msgs) StdoutLine: {'line': b'-- Symlinking: /home/vboxuser/duckietown_ws/install/duckietown_msgs/local/lib/python3.10/dist-packages/duckietown_msgs/msg/_pixel_s.c\n'}
[257.090001] (duckietown_msgs) StdoutLine: {'line': b'-- Symlinking: /home/vboxuser/duckietown_ws/install/duckietown_msgs/local/lib/python3.10/dist-packages/duckietown_msgs/msg/_pose2_d_stamped.py\n'}
[257.104094] (-) TimerEvent: {}
[257.108102] (duckietown_msgs) StdoutLine: {'line': b'-- Symlinking: /home/vboxuser/duckietown_ws/install/duckietown_msgs/local/lib/python3.10/dist-packages/duckietown_msgs/msg/_pose2_d_stamped_s.c\n'}
[257.125298] (duckietown_msgs) StdoutLine: {'line': b'-- Symlinking: /home/vboxuser/duckietown_ws/install/duckietown_msgs/local/lib/python3.10/dist-packages/duckietown_msgs/msg/_rect.py\n'}
[257.152323] (duckietown_msgs) StdoutLine: {'line': b'-- Symlinking: /home/vboxuser/duckietown_ws/install/duckietown_msgs/local/lib/python3.10/dist-packages/duckietown_msgs/msg/_rect_s.c\n'}
[257.169310] (duckietown_msgs) StdoutLine: {'line': b'-- Symlinking: /home/vboxuser/duckietown_ws/install/duckietown_msgs/local/lib/python3.10/dist-packages/duckietown_msgs/msg/_rects.py\n'}
[257.187089] (duckietown_msgs) StdoutLine: {'line': b'-- Symlinking: /home/vboxuser/duckietown_ws/install/duckietown_msgs/local/lib/python3.10/dist-packages/duckietown_msgs/msg/_rects_s.c\n'}
[257.204546] (-) TimerEvent: {}
[257.218558] (duckietown_msgs) StdoutLine: {'line': b'-- Symlinking: /home/vboxuser/duckietown_ws/install/duckietown_msgs/local/lib/python3.10/dist-packages/duckietown_msgs/msg/_scene_segments.py\n'}
[257.256675] (duckietown_msgs) StdoutLine: {'line': b'-- Symlinking: /home/vboxuser/duckietown_ws/install/duckietown_msgs/local/lib/python3.10/dist-packages/duckietown_msgs/msg/_scene_segments_s.c\n'}
[257.275921] (duckietown_msgs) StdoutLine: {'line': b'-- Symlinking: /home/vboxuser/duckietown_ws/install/duckietown_msgs/local/lib/python3.10/dist-packages/duckietown_msgs/msg/_segment.py\n'}
[257.290418] (duckietown_msgs) StdoutLine: {'line': b'-- Symlinking: /home/vboxuser/duckietown_ws/install/duckietown_msgs/local/lib/python3.10/dist-packages/duckietown_msgs/msg/_segment_list.py\n'}
[257.305497] (-) TimerEvent: {}
[257.310013] (duckietown_msgs) StdoutLine: {'line': b'-- Symlinking: /home/vboxuser/duckietown_ws/install/duckietown_msgs/local/lib/python3.10/dist-packages/duckietown_msgs/msg/_segment_list_s.c\n'}
[257.328341] (duckietown_msgs) StdoutLine: {'line': b'-- Symlinking: /home/vboxuser/duckietown_ws/install/duckietown_msgs/local/lib/python3.10/dist-packages/duckietown_msgs/msg/_segment_s.c\n'}
[257.354064] (duckietown_msgs) StdoutLine: {'line': b'-- Symlinking: /home/vboxuser/duckietown_ws/install/duckietown_msgs/local/lib/python3.10/dist-packages/duckietown_msgs/msg/_signals_detection.py\n'}
[257.372566] (duckietown_msgs) StdoutLine: {'line': b'-- Symlinking: /home/vboxuser/duckietown_ws/install/duckietown_msgs/local/lib/python3.10/dist-packages/duckietown_msgs/msg/_signals_detection_ethz17.py\n'}
[257.388433] (duckietown_msgs) StdoutLine: {'line': b'-- Symlinking: /home/vboxuser/duckietown_ws/install/duckietown_msgs/local/lib/python3.10/dist-packages/duckietown_msgs/msg/_signals_detection_ethz17_s.c\n'}
[257.405822] (duckietown_msgs) StdoutLine: {'line': b'-- Symlinking: /home/vboxuser/duckietown_ws/install/duckietown_msgs/local/lib/python3.10/dist-packages/duckietown_msgs/msg/_signals_detection_s.c\n'}
[257.406007] (-) TimerEvent: {}
[257.425980] (duckietown_msgs) StdoutLine: {'line': b'-- Symlinking: /home/vboxuser/duckietown_ws/install/duckietown_msgs/local/lib/python3.10/dist-packages/duckietown_msgs/msg/_source_target_nodes.py\n'}
[257.451751] (duckietown_msgs) StdoutLine: {'line': b'-- Symlinking: /home/vboxuser/duckietown_ws/install/duckietown_msgs/local/lib/python3.10/dist-packages/duckietown_msgs/msg/_source_target_nodes_s.c\n'}
[257.491077] (duckietown_msgs) StdoutLine: {'line': b'-- Symlinking: /home/vboxuser/duckietown_ws/install/duckietown_msgs/local/lib/python3.10/dist-packages/duckietown_msgs/msg/_stop_line_reading.py\n'}
[257.506153] (duckietown_msgs) StdoutLine: {'line': b'-- Symlinking: /home/vboxuser/duckietown_ws/install/duckietown_msgs/local/lib/python3.10/dist-packages/duckietown_msgs/msg/_stop_line_reading_s.c\n'}
[257.506319] (-) TimerEvent: {}
[257.524353] (duckietown_msgs) StdoutLine: {'line': b'-- Symlinking: /home/vboxuser/duckietown_ws/install/duckietown_msgs/local/lib/python3.10/dist-packages/duckietown_msgs/msg/_tag_info.py\n'}
[257.554560] (duckietown_msgs) StdoutLine: {'line': b'-- Symlinking: /home/vboxuser/duckietown_ws/install/duckietown_msgs/local/lib/python3.10/dist-packages/duckietown_msgs/msg/_tag_info_s.c\n'}
[257.572343] (duckietown_msgs) StdoutLine: {'line': b'-- Symlinking: /home/vboxuser/duckietown_ws/install/duckietown_msgs/local/lib/python3.10/dist-packages/duckietown_msgs/msg/_theta_dot_sample.py\n'}
[257.593823] (duckietown_msgs) StdoutLine: {'line': b'-- Symlinking: /home/vboxuser/duckietown_ws/install/duckietown_msgs/local/lib/python3.10/dist-packages/duckietown_msgs/msg/_theta_dot_sample_s.c\n'}
[257.607134] (-) TimerEvent: {}
[257.611500] (duckietown_msgs) StdoutLine: {'line': b'-- Symlinking: /home/vboxuser/duckietown_ws/install/duckietown_msgs/local/lib/python3.10/dist-packages/duckietown_msgs/msg/_trajectory.py\n'}
[257.630798] (duckietown_msgs) StdoutLine: {'line': b'-- Symlinking: /home/vboxuser/duckietown_ws/install/duckietown_msgs/local/lib/python3.10/dist-packages/duckietown_msgs/msg/_trajectory_s.c\n'}
[257.657231] (duckietown_msgs) StdoutLine: {'line': b'-- Symlinking: /home/vboxuser/duckietown_ws/install/duckietown_msgs/local/lib/python3.10/dist-packages/duckietown_msgs/msg/_turn_i_dand_type.py\n'}
[257.676538] (duckietown_msgs) StdoutLine: {'line': b'-- Symlinking: /home/vboxuser/duckietown_ws/install/duckietown_msgs/local/lib/python3.10/dist-packages/duckietown_msgs/msg/_turn_i_dand_type_s.c\n'}
[257.693574] (duckietown_msgs) StdoutLine: {'line': b'-- Symlinking: /home/vboxuser/duckietown_ws/install/duckietown_msgs/local/lib/python3.10/dist-packages/duckietown_msgs/msg/_twist2_d_stamped.py\n'}
[257.707550] (-) TimerEvent: {}
[257.710989] (duckietown_msgs) StdoutLine: {'line': b'-- Symlinking: /home/vboxuser/duckietown_ws/install/duckietown_msgs/local/lib/python3.10/dist-packages/duckietown_msgs/msg/_twist2_d_stamped_ethz17.py\n'}
[257.732100] (duckietown_msgs) StdoutLine: {'line': b'-- Symlinking: /home/vboxuser/duckietown_ws/install/duckietown_msgs/local/lib/python3.10/dist-packages/duckietown_msgs/msg/_twist2_d_stamped_ethz17_s.c\n'}
[257.761940] (duckietown_msgs) StdoutLine: {'line': b'-- Symlinking: /home/vboxuser/duckietown_ws/install/duckietown_msgs/local/lib/python3.10/dist-packages/duckietown_msgs/msg/_twist2_d_stamped_s.c\n'}
[257.777744] (duckietown_msgs) StdoutLine: {'line': b'-- Symlinking: /home/vboxuser/duckietown_ws/install/duckietown_msgs/local/lib/python3.10/dist-packages/duckietown_msgs/msg/_vector2_d.py\n'}
[257.794803] (duckietown_msgs) StdoutLine: {'line': b'-- Symlinking: /home/vboxuser/duckietown_ws/install/duckietown_msgs/local/lib/python3.10/dist-packages/duckietown_msgs/msg/_vector2_d_s.c\n'}
[257.814971] (-) TimerEvent: {}
[257.821326] (duckietown_msgs) StdoutLine: {'line': b'-- Symlinking: /home/vboxuser/duckietown_ws/install/duckietown_msgs/local/lib/python3.10/dist-packages/duckietown_msgs/msg/_vehicle_corners.py\n'}
[257.839274] (duckietown_msgs) StdoutLine: {'line': b'-- Symlinking: /home/vboxuser/duckietown_ws/install/duckietown_msgs/local/lib/python3.10/dist-packages/duckietown_msgs/msg/_vehicle_corners_s.c\n'}
[257.864013] (duckietown_msgs) StdoutLine: {'line': b'-- Symlinking: /home/vboxuser/duckietown_ws/install/duckietown_msgs/local/lib/python3.10/dist-packages/duckietown_msgs/msg/_vehicle_pose.py\n'}
[257.882319] (duckietown_msgs) StdoutLine: {'line': b'-- Symlinking: /home/vboxuser/duckietown_ws/install/duckietown_msgs/local/lib/python3.10/dist-packages/duckietown_msgs/msg/_vehicle_pose_s.c\n'}
[257.904043] (duckietown_msgs) StdoutLine: {'line': b'-- Symlinking: /home/vboxuser/duckietown_ws/install/duckietown_msgs/local/lib/python3.10/dist-packages/duckietown_msgs/msg/_vsample.py\n'}
[257.918119] (-) TimerEvent: {}
[257.924722] (duckietown_msgs) StdoutLine: {'line': b'-- Symlinking: /home/vboxuser/duckietown_ws/install/duckietown_msgs/local/lib/python3.10/dist-packages/duckietown_msgs/msg/_vsample_s.c\n'}
[257.954374] (duckietown_msgs) StdoutLine: {'line': b'-- Symlinking: /home/vboxuser/duckietown_ws/install/duckietown_msgs/local/lib/python3.10/dist-packages/duckietown_msgs/msg/_wheels_cmd.py\n'}
[257.970887] (duckietown_msgs) StdoutLine: {'line': b'-- Symlinking: /home/vboxuser/duckietown_ws/install/duckietown_msgs/local/lib/python3.10/dist-packages/duckietown_msgs/msg/_wheels_cmd_s.c\n'}
[257.993095] (duckietown_msgs) StdoutLine: {'line': b'-- Symlinking: /home/vboxuser/duckietown_ws/install/duckietown_msgs/local/lib/python3.10/dist-packages/duckietown_msgs/msg/_wheels_cmd_stamped.py\n'}
[258.012263] (duckietown_msgs) StdoutLine: {'line': b'-- Symlinking: /home/vboxuser/duckietown_ws/install/duckietown_msgs/local/lib/python3.10/dist-packages/duckietown_msgs/msg/_wheels_cmd_stamped_s.c\n'}
[258.024094] (-) TimerEvent: {}
[258.029363] (duckietown_msgs) StdoutLine: {'line': b'-- Symlinking: /home/vboxuser/duckietown_ws/install/duckietown_msgs/local/lib/python3.10/dist-packages/duckietown_msgs/srv/__init__.py\n'}
[258.047021] (duckietown_msgs) StdoutLine: {'line': b'-- Symlinking: /home/vboxuser/duckietown_ws/install/duckietown_msgs/local/lib/python3.10/dist-packages/duckietown_msgs/srv/_get_variable.py\n'}
[258.071381] (duckietown_msgs) StdoutLine: {'line': b'-- Symlinking: /home/vboxuser/duckietown_ws/install/duckietown_msgs/local/lib/python3.10/dist-packages/duckietown_msgs/srv/_get_variable_s.c\n'}
[258.088949] (duckietown_msgs) StdoutLine: {'line': b'-- Symlinking: /home/vboxuser/duckietown_ws/install/duckietown_msgs/local/lib/python3.10/dist-packages/duckietown_msgs/srv/_set_fsm_state.py\n'}
[258.106231] (duckietown_msgs) StdoutLine: {'line': b'-- Symlinking: /home/vboxuser/duckietown_ws/install/duckietown_msgs/local/lib/python3.10/dist-packages/duckietown_msgs/srv/_set_fsm_state_s.c\n'}
[258.123192] (duckietown_msgs) StdoutLine: {'line': b'-- Symlinking: /home/vboxuser/duckietown_ws/install/duckietown_msgs/local/lib/python3.10/dist-packages/duckietown_msgs/srv/_set_value.py\n'}
[258.124340] (-) TimerEvent: {}
[258.140253] (duckietown_msgs) StdoutLine: {'line': b'-- Symlinking: /home/vboxuser/duckietown_ws/install/duckietown_msgs/local/lib/python3.10/dist-packages/duckietown_msgs/srv/_set_value_s.c\n'}
[258.165811] (duckietown_msgs) StdoutLine: {'line': b'-- Symlinking: /home/vboxuser/duckietown_ws/install/duckietown_msgs/local/lib/python3.10/dist-packages/duckietown_msgs/srv/_set_variable.py\n'}
[258.182730] (duckietown_msgs) StdoutLine: {'line': b'-- Symlinking: /home/vboxuser/duckietown_ws/install/duckietown_msgs/local/lib/python3.10/dist-packages/duckietown_msgs/srv/_set_variable_s.c\n'}
[258.200496] (duckietown_msgs) StdoutLine: {'line': b'-- Up-to-date symlink: /home/vboxuser/duckietown_ws/install/duckietown_msgs/local/lib/python3.10/dist-packages/duckietown_msgs/duckietown_msgs_s__rosidl_typesupport_fastrtps_c.cpython-310-x86_64-linux-gnu.so\n'}
[258.200674] (duckietown_msgs) StdoutLine: {'line': b'-- Up-to-date symlink: /home/vboxuser/duckietown_ws/install/duckietown_msgs/local/lib/python3.10/dist-packages/duckietown_msgs/duckietown_msgs_s__rosidl_typesupport_introspection_c.cpython-310-x86_64-linux-gnu.so\n'}
[258.200780] (duckietown_msgs) StdoutLine: {'line': b'-- Up-to-date symlink: /home/vboxuser/duckietown_ws/install/duckietown_msgs/local/lib/python3.10/dist-packages/duckietown_msgs/duckietown_msgs_s__rosidl_typesupport_c.cpython-310-x86_64-linux-gnu.so\n'}
[258.207348] (duckietown_msgs) StdoutLine: {'line': b'-- Symlinking: /home/vboxuser/duckietown_ws/install/duckietown_msgs/share/ament_index/resource_index/rust_packages/duckietown_msgs\n'}
[258.225366] (-) TimerEvent: {}
[258.227658] (duckietown_msgs) StdoutLine: {'line': b'-- Symlinking: /home/vboxuser/duckietown_ws/install/duckietown_msgs/share/duckietown_msgs/rust/Cargo.toml\n'}
[258.268939] (duckietown_msgs) StdoutLine: {'line': b'-- Symlinking: /home/vboxuser/duckietown_ws/install/duckietown_msgs/share/duckietown_msgs/rust/build.rs\n'}
[258.289968] (duckietown_msgs) StdoutLine: {'line': b'-- Symlinking: /home/vboxuser/duckietown_ws/install/duckietown_msgs/share/duckietown_msgs/rust/src/lib.rs\n'}
[258.308868] (duckietown_msgs) StdoutLine: {'line': b'-- Symlinking: /home/vboxuser/duckietown_ws/install/duckietown_msgs/share/duckietown_msgs/rust/src/msg.rs\n'}
[258.327049] (duckietown_msgs) StdoutLine: {'line': b'-- Symlinking: /home/vboxuser/duckietown_ws/install/duckietown_msgs/share/duckietown_msgs/rust/src/msg/rmw.rs\n'}
[258.327226] (-) TimerEvent: {}
[258.344186] (duckietown_msgs) StdoutLine: {'line': b'-- Symlinking: /home/vboxuser/duckietown_ws/install/duckietown_msgs/share/duckietown_msgs/rust/src/srv.rs\n'}
[258.370845] (duckietown_msgs) StdoutLine: {'line': b'-- Symlinking: /home/vboxuser/duckietown_ws/install/duckietown_msgs/share/duckietown_msgs/rust/src/srv/rmw.rs\n'}
[258.392156] (duckietown_msgs) StdoutLine: {'line': b'-- Symlinking: /home/vboxuser/duckietown_ws/install/duckietown_msgs/share/duckietown_msgs/msg/CarControl.idl\n'}
[258.421130] (duckietown_msgs) StdoutLine: {'line': b'-- Symlinking: /home/vboxuser/duckietown_ws/install/duckietown_msgs/share/duckietown_msgs/msg/CoordinationSignal.idl\n'}
[258.428256] (-) TimerEvent: {}
[258.436647] (duckietown_msgs) StdoutLine: {'line': b'-- Symlinking: /home/vboxuser/duckietown_ws/install/duckietown_msgs/share/duckietown_msgs/msg/CoordinationSignalETHZ17.idl\n'}
[258.453314] (duckietown_msgs) StdoutLine: {'line': b'-- Symlinking: /home/vboxuser/duckietown_ws/install/duckietown_msgs/share/duckietown_msgs/msg/DuckieSensor.idl\n'}
[258.481593] (duckietown_msgs) StdoutLine: {'line': b'-- Symlinking: /home/vboxuser/duckietown_ws/install/duckietown_msgs/share/duckietown_msgs/msg/LanePose.idl\n'}
[258.500578] (duckietown_msgs) StdoutLine: {'line': b'-- Symlinking: /home/vboxuser/duckietown_ws/install/duckietown_msgs/share/duckietown_msgs/msg/IntersectionPose.idl\n'}
[258.517817] (duckietown_msgs) StdoutLine: {'line': b'-- Symlinking: /home/vboxuser/duckietown_ws/install/duckietown_msgs/share/duckietown_msgs/msg/IntersectionPoseImg.idl\n'}
[258.534144] (-) TimerEvent: {}
[258.540453] (duckietown_msgs) StdoutLine: {'line': b'-- Symlinking: /home/vboxuser/duckietown_ws/install/duckietown_msgs/share/duckietown_msgs/msg/IntersectionPoseImgDebug.idl\n'}
[258.558882] (duckietown_msgs) StdoutLine: {'line': b'-- Symlinking: /home/vboxuser/duckietown_ws/install/duckietown_msgs/share/duckietown_msgs/msg/TurnIDandType.idl\n'}
[258.585493] (duckietown_msgs) StdoutLine: {'line': b'-- Symlinking: /home/vboxuser/duckietown_ws/install/duckietown_msgs/share/duckietown_msgs/msg/LEDDetection.idl\n'}
[258.603359] (duckietown_msgs) StdoutLine: {'line': b'-- Symlinking: /home/vboxuser/duckietown_ws/install/duckietown_msgs/share/duckietown_msgs/msg/MaintenanceState.idl\n'}
[258.620646] (duckietown_msgs) StdoutLine: {'line': b'-- Symlinking: /home/vboxuser/duckietown_ws/install/duckietown_msgs/share/duckietown_msgs/msg/LEDDetectionArray.idl\n'}
[258.634341] (-) TimerEvent: {}
[258.638438] (duckietown_msgs) StdoutLine: {'line': b'-- Symlinking: /home/vboxuser/duckietown_ws/install/duckietown_msgs/share/duckietown_msgs/msg/LEDDetectionDebugInfo.idl\n'}
[258.657143] (duckietown_msgs) StdoutLine: {'line': b'-- Symlinking: /home/vboxuser/duckietown_ws/install/duckietown_msgs/share/duckietown_msgs/msg/WheelsCmd.idl\n'}
[258.681021] (duckietown_msgs) StdoutLine: {'line': b'-- Symlinking: /home/vboxuser/duckietown_ws/install/duckietown_msgs/share/duckietown_msgs/msg/WheelsCmdStamped.idl\n'}
[258.698975] (duckietown_msgs) StdoutLine: {'line': b'-- Symlinking: /home/vboxuser/duckietown_ws/install/duckietown_msgs/share/duckietown_msgs/msg/Pose2DStamped.idl\n'}
[258.719173] (duckietown_msgs) StdoutLine: {'line': b'-- Symlinking: /home/vboxuser/duckietown_ws/install/duckietown_msgs/share/duckietown_msgs/msg/SignalsDetection.idl\n'}
[258.734631] (-) TimerEvent: {}
[258.738000] (duckietown_msgs) StdoutLine: {'line': b'-- Symlinking: /home/vboxuser/duckietown_ws/install/duckietown_msgs/share/duckietown_msgs/msg/SignalsDetectionETHZ17.idl\n'}
[258.755834] (duckietown_msgs) StdoutLine: {'line': b'-- Symlinking: /home/vboxuser/duckietown_ws/install/duckietown_msgs/share/duckietown_msgs/msg/Twist2DStamped.idl\n'}
[258.781439] (duckietown_msgs) StdoutLine: {'line': b'-- Symlinking: /home/vboxuser/duckietown_ws/install/duckietown_msgs/share/duckietown_msgs/msg/Twist2DStampedETHZ17.idl\n'}
[258.800673] (duckietown_msgs) StdoutLine: {'line': b'-- Symlinking: /home/vboxuser/duckietown_ws/install/duckietown_msgs/share/duckietown_msgs/msg/AprilTagDetection.idl\n'}
[258.819187] (duckietown_msgs) StdoutLine: {'line': b'-- Symlinking: /home/vboxuser/duckietown_ws/install/duckietown_msgs/share/duckietown_msgs/msg/AprilTagDetectionArray.idl\n'}
[258.834145] (duckietown_msgs) StdoutLine: {'line': b'-- Symlinking: /home/vboxuser/duckietown_ws/install/duckietown_msgs/share/duckietown_msgs/msg/AprilTagsWithInfos.idl\n'}
[258.836225] (-) TimerEvent: {}
[258.853090] (duckietown_msgs) StdoutLine: {'line': b'-- Symlinking: /home/vboxuser/duckietown_ws/install/duckietown_msgs/share/duckietown_msgs/msg/TagInfo.idl\n'}
[258.879770] (duckietown_msgs) StdoutLine: {'line': b'-- Symlinking: /home/vboxuser/duckietown_ws/install/duckietown_msgs/share/duckietown_msgs/msg/Pixel.idl\n'}
[258.897038] (duckietown_msgs) StdoutLine: {'line': b'-- Symlinking: /home/vboxuser/duckietown_ws/install/duckietown_msgs/share/duckietown_msgs/msg/Vector2D.idl\n'}
[258.913463] (duckietown_msgs) StdoutLine: {'line': b'-- Symlinking: /home/vboxuser/duckietown_ws/install/duckietown_msgs/share/duckietown_msgs/msg/Segment.idl\n'}
[258.931111] (duckietown_msgs) StdoutLine: {'line': b'-- Symlinking: /home/vboxuser/duckietown_ws/install/duckietown_msgs/share/duckietown_msgs/msg/SegmentList.idl\n'}
[258.943107] (-) TimerEvent: {}
[258.948344] (duckietown_msgs) StdoutLine: {'line': b'-- Symlinking: /home/vboxuser/duckietown_ws/install/duckietown_msgs/share/duckietown_msgs/msg/Rect.idl\n'}
[258.967179] (duckietown_msgs) StdoutLine: {'line': b'-- Symlinking: /home/vboxuser/duckietown_ws/install/duckietown_msgs/share/duckietown_msgs/msg/Rects.idl\n'}
[258.992019] (duckietown_msgs) StdoutLine: {'line': b'-- Symlinking: /home/vboxuser/duckietown_ws/install/duckietown_msgs/share/duckietown_msgs/msg/SceneSegments.idl\n'}
[259.020340] (duckietown_msgs) StdoutLine: {'line': b'-- Symlinking: /home/vboxuser/duckietown_ws/install/duckietown_msgs/share/duckietown_msgs/msg/SourceTargetNodes.idl\n'}
[259.037620] (duckietown_msgs) StdoutLine: {'line': b'-- Symlinking: /home/vboxuser/duckietown_ws/install/duckietown_msgs/share/duckietown_msgs/msg/CoordinationClearance.idl\n'}
[259.051159] (-) TimerEvent: {}
[259.056704] (duckietown_msgs) StdoutLine: {'line': b'-- Symlinking: /home/vboxuser/duckietown_ws/install/duckietown_msgs/share/duckietown_msgs/msg/CoordinationClearanceETHZ17.idl\n'}
[259.074380] (duckietown_msgs) StdoutLine: {'line': b'-- Symlinking: /home/vboxuser/duckietown_ws/install/duckietown_msgs/share/duckietown_msgs/msg/VehicleCorners.idl\n'}
[259.099960] (duckietown_msgs) StdoutLine: {'line': b'-- Symlinking: /home/vboxuser/duckietown_ws/install/duckietown_msgs/share/duckietown_msgs/msg/VehiclePose.idl\n'}
[259.117621] (duckietown_msgs) StdoutLine: {'line': b'-- Symlinking: /home/vboxuser/duckietown_ws/install/duckietown_msgs/share/duckietown_msgs/msg/FSMState.idl\n'}
[259.135006] (duckietown_msgs) StdoutLine: {'line': b'-- Symlinking: /home/vboxuser/duckietown_ws/install/duckietown_msgs/share/duckietown_msgs/msg/BoolStamped.idl\n'}
[259.149748] (duckietown_msgs) StdoutLine: {'line': b'-- Symlinking: /home/vboxuser/duckietown_ws/install/duckietown_msgs/share/duckietown_msgs/msg/BoolStampedETHZ17.idl\n'}
[259.151418] (-) TimerEvent: {}
[259.166613] (duckietown_msgs) StdoutLine: {'line': b'-- Symlinking: /home/vboxuser/duckietown_ws/install/duckietown_msgs/share/duckietown_msgs/msg/StopLineReading.idl\n'}
[259.191475] (duckietown_msgs) StdoutLine: {'line': b'-- Symlinking: /home/vboxuser/duckietown_ws/install/duckietown_msgs/share/duckietown_msgs/msg/LEDInterpreter.idl\n'}
[259.211207] (duckietown_msgs) StdoutLine: {'line': b'-- Symlinking: /home/vboxuser/duckietown_ws/install/duckietown_msgs/share/duckietown_msgs/msg/AntiInstagramHealth.idl\n'}
[259.230272] (duckietown_msgs) StdoutLine: {'line': b'-- Symlinking: /home/vboxuser/duckietown_ws/install/duckietown_msgs/share/duckietown_msgs/msg/AntiInstagramTransform.idl\n'}
[259.249362] (duckietown_msgs) StdoutLine: {'line': b'-- Symlinking: /home/vboxuser/duckietown_ws/install/duckietown_msgs/share/duckietown_msgs/msg/AntiInstagramTransformCB.idl\n'}
[259.252373] (-) TimerEvent: {}
[259.295664] (duckietown_msgs) StdoutLine: {'line': b'-- Symlinking: /home/vboxuser/duckietown_ws/install/duckietown_msgs/share/duckietown_msgs/msg/KinematicsWeights.idl\n'}
[259.314511] (duckietown_msgs) StdoutLine: {'line': b'-- Symlinking: /home/vboxuser/duckietown_ws/install/duckietown_msgs/share/duckietown_msgs/msg/KinematicsParameters.idl\n'}
[259.330827] (duckietown_msgs) StdoutLine: {'line': b'-- Symlinking: /home/vboxuser/duckietown_ws/install/duckietown_msgs/share/duckietown_msgs/msg/ThetaDotSample.idl\n'}
[259.347627] (duckietown_msgs) StdoutLine: {'line': b'-- Symlinking: /home/vboxuser/duckietown_ws/install/duckietown_msgs/share/duckietown_msgs/msg/Vsample.idl\n'}
[259.361100] (-) TimerEvent: {}
[259.365789] (duckietown_msgs) StdoutLine: {'line': b'-- Symlinking: /home/vboxuser/duckietown_ws/install/duckietown_msgs/share/duckietown_msgs/msg/Trajectory.idl\n'}
[259.380651] (duckietown_msgs) StdoutLine: {'line': b'-- Symlinking: /home/vboxuser/duckietown_ws/install/duckietown_msgs/share/duckietown_msgs/msg/ObstacleType.idl\n'}
[259.408730] (duckietown_msgs) StdoutLine: {'line': b'-- Symlinking: /home/vboxuser/duckietown_ws/install/duckietown_msgs/share/duckietown_msgs/msg/ObstacleImageDetection.idl\n'}
[259.426167] (duckietown_msgs) StdoutLine: {'line': b'-- Symlinking: /home/vboxuser/duckietown_ws/install/duckietown_msgs/share/duckietown_msgs/msg/ObstacleImageDetectionList.idl\n'}
[259.443191] (duckietown_msgs) StdoutLine: {'line': b'-- Symlinking: /home/vboxuser/duckietown_ws/install/duckietown_msgs/share/duckietown_msgs/msg/ObstacleProjectedDetection.idl\n'}
[259.459362] (duckietown_msgs) StdoutLine: {'line': b'-- Symlinking: /home/vboxuser/duckietown_ws/install/duckietown_msgs/share/duckietown_msgs/msg/ObstacleProjectedDetectionList.idl\n'}
[259.461240] (-) TimerEvent: {}
[259.477379] (duckietown_msgs) StdoutLine: {'line': b'-- Symlinking: /home/vboxuser/duckietown_ws/install/duckietown_msgs/share/duckietown_msgs/msg/Num.idl\n'}
[259.504472] (duckietown_msgs) StdoutLine: {'line': b'-- Symlinking: /home/vboxuser/duckietown_ws/install/duckietown_msgs/share/duckietown_msgs/srv/SetFSMState.idl\n'}
[259.522186] (duckietown_msgs) StdoutLine: {'line': b'-- Symlinking: /home/vboxuser/duckietown_ws/install/duckietown_msgs/share/duckietown_msgs/srv/SetValue.idl\n'}
[259.538670] (duckietown_msgs) StdoutLine: {'line': b'-- Symlinking: /home/vboxuser/duckietown_ws/install/duckietown_msgs/share/duckietown_msgs/srv/SetVariable.idl\n'}
[259.554506] (duckietown_msgs) StdoutLine: {'line': b'-- Symlinking: /home/vboxuser/duckietown_ws/install/duckietown_msgs/share/duckietown_msgs/srv/GetVariable.idl\n'}
[259.566442] (-) TimerEvent: {}
[259.571523] (duckietown_msgs) StdoutLine: {'line': b'-- Symlinking: /home/vboxuser/duckietown_ws/install/duckietown_msgs/share/duckietown_msgs/msg/CarControl.msg\n'}
[259.590135] (duckietown_msgs) StdoutLine: {'line': b'-- Symlinking: /home/vboxuser/duckietown_ws/install/duckietown_msgs/share/duckietown_msgs/msg/CoordinationSignal.msg\n'}
[259.615169] (duckietown_msgs) StdoutLine: {'line': b'-- Symlinking: /home/vboxuser/duckietown_ws/install/duckietown_msgs/share/duckietown_msgs/msg/CoordinationSignalETHZ17.msg\n'}
[259.646017] (duckietown_msgs) StdoutLine: {'line': b'-- Symlinking: /home/vboxuser/duckietown_ws/install/duckietown_msgs/share/duckietown_msgs/msg/DuckieSensor.msg\n'}
[259.666562] (-) TimerEvent: {}
[259.670428] (duckietown_msgs) StdoutLine: {'line': b'-- Symlinking: /home/vboxuser/duckietown_ws/install/duckietown_msgs/share/duckietown_msgs/msg/LanePose.msg\n'}
[259.690392] (duckietown_msgs) StdoutLine: {'line': b'-- Symlinking: /home/vboxuser/duckietown_ws/install/duckietown_msgs/share/duckietown_msgs/msg/IntersectionPose.msg\n'}
[259.723544] (duckietown_msgs) StdoutLine: {'line': b'-- Symlinking: /home/vboxuser/duckietown_ws/install/duckietown_msgs/share/duckietown_msgs/msg/IntersectionPoseImg.msg\n'}
[259.741820] (duckietown_msgs) StdoutLine: {'line': b'-- Symlinking: /home/vboxuser/duckietown_ws/install/duckietown_msgs/share/duckietown_msgs/msg/IntersectionPoseImgDebug.msg\n'}
[259.763550] (duckietown_msgs) StdoutLine: {'line': b'-- Symlinking: /home/vboxuser/duckietown_ws/install/duckietown_msgs/share/duckietown_msgs/msg/TurnIDandType.msg\n'}
[259.766681] (-) TimerEvent: {}
[259.782632] (duckietown_msgs) StdoutLine: {'line': b'-- Symlinking: /home/vboxuser/duckietown_ws/install/duckietown_msgs/share/duckietown_msgs/msg/LEDDetection.msg\n'}
[259.801885] (duckietown_msgs) StdoutLine: {'line': b'-- Symlinking: /home/vboxuser/duckietown_ws/install/duckietown_msgs/share/duckietown_msgs/msg/MaintenanceState.msg\n'}
[259.826722] (duckietown_msgs) StdoutLine: {'line': b'-- Symlinking: /home/vboxuser/duckietown_ws/install/duckietown_msgs/share/duckietown_msgs/msg/LEDDetectionArray.msg\n'}
[259.844704] (duckietown_msgs) StdoutLine: {'line': b'-- Symlinking: /home/vboxuser/duckietown_ws/install/duckietown_msgs/share/duckietown_msgs/msg/LEDDetectionDebugInfo.msg\n'}
[259.861578] (duckietown_msgs) StdoutLine: {'line': b'-- Symlinking: /home/vboxuser/duckietown_ws/install/duckietown_msgs/share/duckietown_msgs/msg/WheelsCmd.msg\n'}
[259.872085] (-) TimerEvent: {}
[259.877481] (duckietown_msgs) StdoutLine: {'line': b'-- Symlinking: /home/vboxuser/duckietown_ws/install/duckietown_msgs/share/duckietown_msgs/msg/WheelsCmdStamped.msg\n'}
[259.894483] (duckietown_msgs) StdoutLine: {'line': b'-- Symlinking: /home/vboxuser/duckietown_ws/install/duckietown_msgs/share/duckietown_msgs/msg/Pose2DStamped.msg\n'}
[259.912448] (duckietown_msgs) StdoutLine: {'line': b'-- Symlinking: /home/vboxuser/duckietown_ws/install/duckietown_msgs/share/duckietown_msgs/msg/SignalsDetection.msg\n'}
[259.938168] (duckietown_msgs) StdoutLine: {'line': b'-- Symlinking: /home/vboxuser/duckietown_ws/install/duckietown_msgs/share/duckietown_msgs/msg/SignalsDetectionETHZ17.msg\n'}
[259.969386] (duckietown_msgs) StdoutLine: {'line': b'-- Symlinking: /home/vboxuser/duckietown_ws/install/duckietown_msgs/share/duckietown_msgs/msg/Twist2DStamped.msg\n'}
[259.972284] (-) TimerEvent: {}
[259.986607] (duckietown_msgs) StdoutLine: {'line': b'-- Symlinking: /home/vboxuser/duckietown_ws/install/duckietown_msgs/share/duckietown_msgs/msg/Twist2DStampedETHZ17.msg\n'}
[260.012123] (duckietown_msgs) StdoutLine: {'line': b'-- Symlinking: /home/vboxuser/duckietown_ws/install/duckietown_msgs/share/duckietown_msgs/msg/AprilTagDetection.msg\n'}
[260.031815] (duckietown_msgs) StdoutLine: {'line': b'-- Symlinking: /home/vboxuser/duckietown_ws/install/duckietown_msgs/share/duckietown_msgs/msg/AprilTagDetectionArray.msg\n'}
[260.048338] (duckietown_msgs) StdoutLine: {'line': b'-- Symlinking: /home/vboxuser/duckietown_ws/install/duckietown_msgs/share/duckietown_msgs/msg/AprilTagsWithInfos.msg\n'}
[260.067180] (duckietown_msgs) StdoutLine: {'line': b'-- Symlinking: /home/vboxuser/duckietown_ws/install/duckietown_msgs/share/duckietown_msgs/msg/TagInfo.msg\n'}
[260.078090] (-) TimerEvent: {}
[260.084062] (duckietown_msgs) StdoutLine: {'line': b'-- Symlinking: /home/vboxuser/duckietown_ws/install/duckietown_msgs/share/duckietown_msgs/msg/Pixel.msg\n'}
[260.101369] (duckietown_msgs) StdoutLine: {'line': b'-- Symlinking: /home/vboxuser/duckietown_ws/install/duckietown_msgs/share/duckietown_msgs/msg/Vector2D.msg\n'}
[260.126990] (duckietown_msgs) StdoutLine: {'line': b'-- Symlinking: /home/vboxuser/duckietown_ws/install/duckietown_msgs/share/duckietown_msgs/msg/Segment.msg\n'}
[260.146563] (duckietown_msgs) StdoutLine: {'line': b'-- Symlinking: /home/vboxuser/duckietown_ws/install/duckietown_msgs/share/duckietown_msgs/msg/SegmentList.msg\n'}
[260.162676] (duckietown_msgs) StdoutLine: {'line': b'-- Symlinking: /home/vboxuser/duckietown_ws/install/duckietown_msgs/share/duckietown_msgs/msg/Rect.msg\n'}
[260.181221] (duckietown_msgs) StdoutLine: {'line': b'-- Symlinking: /home/vboxuser/duckietown_ws/install/duckietown_msgs/share/duckietown_msgs/msg/Rects.msg\n'}
[260.181387] (-) TimerEvent: {}
[260.196870] (duckietown_msgs) StdoutLine: {'line': b'-- Symlinking: /home/vboxuser/duckietown_ws/install/duckietown_msgs/share/duckietown_msgs/msg/SceneSegments.msg\n'}
[260.229812] (duckietown_msgs) StdoutLine: {'line': b'-- Symlinking: /home/vboxuser/duckietown_ws/install/duckietown_msgs/share/duckietown_msgs/msg/SourceTargetNodes.msg\n'}
[260.260472] (duckietown_msgs) StdoutLine: {'line': b'-- Symlinking: /home/vboxuser/duckietown_ws/install/duckietown_msgs/share/duckietown_msgs/msg/CoordinationClearance.msg\n'}
[260.280477] (duckietown_msgs) StdoutLine: {'line': b'-- Symlinking: /home/vboxuser/duckietown_ws/install/duckietown_msgs/share/duckietown_msgs/msg/CoordinationClearanceETHZ17.msg\n'}
[260.282124] (-) TimerEvent: {}
[260.300920] (duckietown_msgs) StdoutLine: {'line': b'-- Symlinking: /home/vboxuser/duckietown_ws/install/duckietown_msgs/share/duckietown_msgs/msg/VehicleCorners.msg\n'}
[260.341216] (duckietown_msgs) StdoutLine: {'line': b'-- Symlinking: /home/vboxuser/duckietown_ws/install/duckietown_msgs/share/duckietown_msgs/msg/VehiclePose.msg\n'}
[260.362832] (duckietown_msgs) StdoutLine: {'line': b'-- Symlinking: /home/vboxuser/duckietown_ws/install/duckietown_msgs/share/duckietown_msgs/msg/FSMState.msg\n'}
[260.383480] (duckietown_msgs) StdoutLine: {'line': b'-- Symlinking: /home/vboxuser/duckietown_ws/install/duckietown_msgs/share/duckietown_msgs/msg/BoolStamped.msg\n'}
[260.383755] (-) TimerEvent: {}
[260.408931] (duckietown_msgs) StdoutLine: {'line': b'-- Symlinking: /home/vboxuser/duckietown_ws/install/duckietown_msgs/share/duckietown_msgs/msg/BoolStampedETHZ17.msg\n'}
[260.438725] (duckietown_msgs) StdoutLine: {'line': b'-- Symlinking: /home/vboxuser/duckietown_ws/install/duckietown_msgs/share/duckietown_msgs/msg/StopLineReading.msg\n'}
[260.459169] (duckietown_msgs) StdoutLine: {'line': b'-- Symlinking: /home/vboxuser/duckietown_ws/install/duckietown_msgs/share/duckietown_msgs/msg/LEDInterpreter.msg\n'}
[260.478747] (duckietown_msgs) StdoutLine: {'line': b'-- Symlinking: /home/vboxuser/duckietown_ws/install/duckietown_msgs/share/duckietown_msgs/msg/AntiInstagramHealth.msg\n'}
[260.484265] (-) TimerEvent: {}
[260.500077] (duckietown_msgs) StdoutLine: {'line': b'-- Symlinking: /home/vboxuser/duckietown_ws/install/duckietown_msgs/share/duckietown_msgs/msg/AntiInstagramTransform.msg\n'}
[260.531850] (duckietown_msgs) StdoutLine: {'line': b'-- Symlinking: /home/vboxuser/duckietown_ws/install/duckietown_msgs/share/duckietown_msgs/msg/AntiInstagramTransformCB.msg\n'}
[260.550916] (duckietown_msgs) StdoutLine: {'line': b'-- Symlinking: /home/vboxuser/duckietown_ws/install/duckietown_msgs/share/duckietown_msgs/msg/KinematicsWeights.msg\n'}
[260.583195] (duckietown_msgs) StdoutLine: {'line': b'-- Symlinking: /home/vboxuser/duckietown_ws/install/duckietown_msgs/share/duckietown_msgs/msg/KinematicsParameters.msg\n'}
[260.585171] (-) TimerEvent: {}
[260.606221] (duckietown_msgs) StdoutLine: {'line': b'-- Symlinking: /home/vboxuser/duckietown_ws/install/duckietown_msgs/share/duckietown_msgs/msg/ThetaDotSample.msg\n'}
[260.635808] (duckietown_msgs) StdoutLine: {'line': b'-- Symlinking: /home/vboxuser/duckietown_ws/install/duckietown_msgs/share/duckietown_msgs/msg/Vsample.msg\n'}
[260.657124] (duckietown_msgs) StdoutLine: {'line': b'-- Symlinking: /home/vboxuser/duckietown_ws/install/duckietown_msgs/share/duckietown_msgs/msg/Trajectory.msg\n'}
[260.675989] (duckietown_msgs) StdoutLine: {'line': b'-- Symlinking: /home/vboxuser/duckietown_ws/install/duckietown_msgs/share/duckietown_msgs/msg/ObstacleType.msg\n'}
[260.693171] (-) TimerEvent: {}
[260.699582] (duckietown_msgs) StdoutLine: {'line': b'-- Symlinking: /home/vboxuser/duckietown_ws/install/duckietown_msgs/share/duckietown_msgs/msg/ObstacleImageDetection.msg\n'}
[260.718514] (duckietown_msgs) StdoutLine: {'line': b'-- Symlinking: /home/vboxuser/duckietown_ws/install/duckietown_msgs/share/duckietown_msgs/msg/ObstacleImageDetectionList.msg\n'}
[260.752287] (duckietown_msgs) StdoutLine: {'line': b'-- Symlinking: /home/vboxuser/duckietown_ws/install/duckietown_msgs/share/duckietown_msgs/msg/ObstacleProjectedDetection.msg\n'}
[260.771909] (duckietown_msgs) StdoutLine: {'line': b'-- Symlinking: /home/vboxuser/duckietown_ws/install/duckietown_msgs/share/duckietown_msgs/msg/ObstacleProjectedDetectionList.msg\n'}
[260.788778] (duckietown_msgs) StdoutLine: {'line': b'-- Symlinking: /home/vboxuser/duckietown_ws/install/duckietown_msgs/share/duckietown_msgs/msg/Num.msg\n'}
[260.794363] (-) TimerEvent: {}
[260.809036] (duckietown_msgs) StdoutLine: {'line': b'-- Symlinking: /home/vboxuser/duckietown_ws/install/duckietown_msgs/share/duckietown_msgs/srv/SetFSMState.srv\n'}
[260.841159] (duckietown_msgs) StdoutLine: {'line': b'-- Symlinking: /home/vboxuser/duckietown_ws/install/duckietown_msgs/share/duckietown_msgs/srv/SetFSMState_Request.msg\n'}
[260.861206] (duckietown_msgs) StdoutLine: {'line': b'-- Symlinking: /home/vboxuser/duckietown_ws/install/duckietown_msgs/share/duckietown_msgs/srv/SetFSMState_Response.msg\n'}
[260.878574] (duckietown_msgs) StdoutLine: {'line': b'-- Symlinking: /home/vboxuser/duckietown_ws/install/duckietown_msgs/share/duckietown_msgs/srv/SetValue.srv\n'}
[260.896042] (duckietown_msgs) StdoutLine: {'line': b'-- Symlinking: /home/vboxuser/duckietown_ws/install/duckietown_msgs/share/duckietown_msgs/srv/SetValue_Request.msg\n'}
[260.896229] (-) TimerEvent: {}
[260.913525] (duckietown_msgs) StdoutLine: {'line': b'-- Symlinking: /home/vboxuser/duckietown_ws/install/duckietown_msgs/share/duckietown_msgs/srv/SetValue_Response.msg\n'}
[260.940904] (duckietown_msgs) StdoutLine: {'line': b'-- Symlinking: /home/vboxuser/duckietown_ws/install/duckietown_msgs/share/duckietown_msgs/srv/SetVariable.srv\n'}
[260.958522] (duckietown_msgs) StdoutLine: {'line': b'-- Symlinking: /home/vboxuser/duckietown_ws/install/duckietown_msgs/share/duckietown_msgs/srv/SetVariable_Request.msg\n'}
[260.976615] (duckietown_msgs) StdoutLine: {'line': b'-- Symlinking: /home/vboxuser/duckietown_ws/install/duckietown_msgs/share/duckietown_msgs/srv/SetVariable_Response.msg\n'}
[260.992411] (duckietown_msgs) StdoutLine: {'line': b'-- Symlinking: /home/vboxuser/duckietown_ws/install/duckietown_msgs/share/duckietown_msgs/srv/GetVariable.srv\n'}
[260.997074] (-) TimerEvent: {}
[261.011051] (duckietown_msgs) StdoutLine: {'line': b'-- Symlinking: /home/vboxuser/duckietown_ws/install/duckietown_msgs/share/duckietown_msgs/srv/GetVariable_Request.msg\n'}
[261.037974] (duckietown_msgs) StdoutLine: {'line': b'-- Symlinking: /home/vboxuser/duckietown_ws/install/duckietown_msgs/share/duckietown_msgs/srv/GetVariable_Response.msg\n'}
[261.065293] (duckietown_msgs) StdoutLine: {'line': b'-- Symlinking: /home/vboxuser/duckietown_ws/install/duckietown_msgs/share/ament_index/resource_index/package_run_dependencies/duckietown_msgs\n'}
[261.082339] (duckietown_msgs) StdoutLine: {'line': b'-- Symlinking: /home/vboxuser/duckietown_ws/install/duckietown_msgs/share/ament_index/resource_index/parent_prefix_path/duckietown_msgs\n'}
[261.099187] (-) TimerEvent: {}
[261.100223] (duckietown_msgs) StdoutLine: {'line': b'-- Symlinking: /home/vboxuser/duckietown_ws/install/duckietown_msgs/share/duckietown_msgs/environment/ament_prefix_path.sh\n'}
[261.119129] (duckietown_msgs) StdoutLine: {'line': b'-- Symlinking: /home/vboxuser/duckietown_ws/install/duckietown_msgs/share/duckietown_msgs/environment/ament_prefix_path.dsv\n'}
[261.144728] (duckietown_msgs) StdoutLine: {'line': b'-- Symlinking: /home/vboxuser/duckietown_ws/install/duckietown_msgs/share/duckietown_msgs/environment/path.sh\n'}
[261.163500] (duckietown_msgs) StdoutLine: {'line': b'-- Symlinking: /home/vboxuser/duckietown_ws/install/duckietown_msgs/share/duckietown_msgs/environment/path.dsv\n'}
[261.179537] (duckietown_msgs) StdoutLine: {'line': b'-- Symlinking: /home/vboxuser/duckietown_ws/install/duckietown_msgs/share/duckietown_msgs/local_setup.bash\n'}
[261.196552] (duckietown_msgs) StdoutLine: {'line': b'-- Symlinking: /home/vboxuser/duckietown_ws/install/duckietown_msgs/share/duckietown_msgs/local_setup.sh\n'}
[261.206167] (-) TimerEvent: {}
[261.215710] (duckietown_msgs) StdoutLine: {'line': b'-- Symlinking: /home/vboxuser/duckietown_ws/install/duckietown_msgs/share/duckietown_msgs/local_setup.zsh\n'}
[261.312680] (-) TimerEvent: {}
[261.315166] (duckietown_msgs) StdoutLine: {'line': b'-- Symlinking: /home/vboxuser/duckietown_ws/install/duckietown_msgs/share/duckietown_msgs/local_setup.dsv\n'}
[261.379684] (duckietown_msgs) StdoutLine: {'line': b'-- Symlinking: /home/vboxuser/duckietown_ws/install/duckietown_msgs/share/duckietown_msgs/package.dsv\n'}
[261.416297] (-) TimerEvent: {}
[261.468653] (duckietown_msgs) StdoutLine: {'line': b'-- Symlinking: /home/vboxuser/duckietown_ws/install/duckietown_msgs/share/ament_index/resource_index/packages/duckietown_msgs\n'}
[261.508008] (duckietown_msgs) StdoutLine: {'line': b'-- Symlinking: /home/vboxuser/duckietown_ws/install/duckietown_msgs/share/duckietown_msgs/cmake/rosidl_cmake-extras.cmake\n'}
[261.523128] (-) TimerEvent: {}
[261.528806] (duckietown_msgs) StdoutLine: {'line': b'-- Symlinking: /home/vboxuser/duckietown_ws/install/duckietown_msgs/share/duckietown_msgs/cmake/ament_cmake_export_dependencies-extras.cmake\n'}
[261.547227] (duckietown_msgs) StdoutLine: {'line': b'-- Symlinking: /home/vboxuser/duckietown_ws/install/duckietown_msgs/share/duckietown_msgs/cmake/ament_cmake_export_include_directories-extras.cmake\n'}
[261.573919] (duckietown_msgs) StdoutLine: {'line': b'-- Symlinking: /home/vboxuser/duckietown_ws/install/duckietown_msgs/share/duckietown_msgs/cmake/ament_cmake_export_libraries-extras.cmake\n'}
[261.590725] (duckietown_msgs) StdoutLine: {'line': b'-- Symlinking: /home/vboxuser/duckietown_ws/install/duckietown_msgs/share/duckietown_msgs/cmake/ament_cmake_export_targets-extras.cmake\n'}
[261.607964] (duckietown_msgs) StdoutLine: {'line': b'-- Symlinking: /home/vboxuser/duckietown_ws/install/duckietown_msgs/share/duckietown_msgs/cmake/rosidl_cmake_export_typesupport_targets-extras.cmake\n'}
[261.624728] (duckietown_msgs) StdoutLine: {'line': b'-- Symlinking: /home/vboxuser/duckietown_ws/install/duckietown_msgs/share/duckietown_msgs/cmake/rosidl_cmake_export_typesupport_libraries-extras.cmake\n'}
[261.624907] (-) TimerEvent: {}
[261.650850] (duckietown_msgs) StdoutLine: {'line': b'-- Symlinking: /home/vboxuser/duckietown_ws/install/duckietown_msgs/share/duckietown_msgs/cmake/duckietown_msgsConfig.cmake\n'}
[261.681234] (duckietown_msgs) StdoutLine: {'line': b'-- Symlinking: /home/vboxuser/duckietown_ws/install/duckietown_msgs/share/duckietown_msgs/cmake/duckietown_msgsConfig-version.cmake\n'}
[261.701370] (duckietown_msgs) StdoutLine: {'line': b'-- Symlinking: /home/vboxuser/duckietown_ws/install/duckietown_msgs/share/duckietown_msgs/package.xml\n'}
[261.724295] (duckietown_msgs) StdoutLine: {'line': b'-- Installing: /home/vboxuser/duckietown_ws/install/duckietown_msgs/lib/libduckietown_msgs__rosidl_generator_c.so\n'}
[261.724581] (duckietown_msgs) StdoutLine: {'line': b'-- Set runtime path of "/home/vboxuser/duckietown_ws/install/duckietown_msgs/lib/libduckietown_msgs__rosidl_generator_c.so" to ""\n'}
[261.724884] (duckietown_msgs) StdoutLine: {'line': b'-- Installing: /home/vboxuser/duckietown_ws/install/duckietown_msgs/lib/libduckietown_msgs__rosidl_typesupport_fastrtps_c.so\n'}
[261.724975] (-) TimerEvent: {}
[261.726275] (duckietown_msgs) StdoutLine: {'line': b'-- Set runtime path of "/home/vboxuser/duckietown_ws/install/duckietown_msgs/lib/libduckietown_msgs__rosidl_typesupport_fastrtps_c.so" to ""\n'}
[261.726604] (duckietown_msgs) StdoutLine: {'line': b'-- Installing: /home/vboxuser/duckietown_ws/install/duckietown_msgs/lib/libduckietown_msgs__rosidl_typesupport_introspection_c.so\n'}
[261.727823] (duckietown_msgs) StdoutLine: {'line': b'-- Set runtime path of "/home/vboxuser/duckietown_ws/install/duckietown_msgs/lib/libduckietown_msgs__rosidl_typesupport_introspection_c.so" to ""\n'}
[261.728762] (duckietown_msgs) StdoutLine: {'line': b'-- Installing: /home/vboxuser/duckietown_ws/install/duckietown_msgs/lib/libduckietown_msgs__rosidl_typesupport_c.so\n'}
[261.728885] (duckietown_msgs) StdoutLine: {'line': b'-- Set runtime path of "/home/vboxuser/duckietown_ws/install/duckietown_msgs/lib/libduckietown_msgs__rosidl_typesupport_c.so" to ""\n'}
[261.729109] (duckietown_msgs) StdoutLine: {'line': b'-- Installing: /home/vboxuser/duckietown_ws/install/duckietown_msgs/lib/libduckietown_msgs__rosidl_typesupport_fastrtps_cpp.so\n'}
[261.734619] (duckietown_msgs) StdoutLine: {'line': b'-- Set runtime path of "/home/vboxuser/duckietown_ws/install/duckietown_msgs/lib/libduckietown_msgs__rosidl_typesupport_fastrtps_cpp.so" to ""\n'}
[261.734861] (duckietown_msgs) StdoutLine: {'line': b'-- Installing: /home/vboxuser/duckietown_ws/install/duckietown_msgs/lib/libduckietown_msgs__rosidl_typesupport_introspection_cpp.so\n'}
[261.736926] (duckietown_msgs) StdoutLine: {'line': b'-- Set runtime path of "/home/vboxuser/duckietown_ws/install/duckietown_msgs/lib/libduckietown_msgs__rosidl_typesupport_introspection_cpp.so" to ""\n'}
[261.737966] (duckietown_msgs) StdoutLine: {'line': b'-- Installing: /home/vboxuser/duckietown_ws/install/duckietown_msgs/lib/libduckietown_msgs__rosidl_typesupport_cpp.so\n'}
[261.738101] (duckietown_msgs) StdoutLine: {'line': b'-- Set runtime path of "/home/vboxuser/duckietown_ws/install/duckietown_msgs/lib/libduckietown_msgs__rosidl_typesupport_cpp.so" to ""\n'}
[261.828513] (-) TimerEvent: {}
[261.890320] (duckietown_msgs) StdoutLine: {'line': b"Listing '/home/vboxuser/duckietown_ws/install/duckietown_msgs/local/lib/python3.10/dist-packages/duckietown_msgs'...\n"}
[261.890527] (duckietown_msgs) StdoutLine: {'line': b"Compiling '/home/vboxuser/duckietown_ws/install/duckietown_msgs/local/lib/python3.10/dist-packages/duckietown_msgs/__init__.py'...\n"}
[261.890587] (duckietown_msgs) StdoutLine: {'line': b"Listing '/home/vboxuser/duckietown_ws/install/duckietown_msgs/local/lib/python3.10/dist-packages/duckietown_msgs/msg'...\n"}
[261.890638] (duckietown_msgs) StdoutLine: {'line': b"Compiling '/home/vboxuser/duckietown_ws/install/duckietown_msgs/local/lib/python3.10/dist-packages/duckietown_msgs/msg/__init__.py'...\n"}
[261.890716] (duckietown_msgs) StdoutLine: {'line': b"Compiling '/home/vboxuser/duckietown_ws/install/duckietown_msgs/local/lib/python3.10/dist-packages/duckietown_msgs/msg/_anti_instagram_health.py'...\n"}
[261.890763] (duckietown_msgs) StdoutLine: {'line': b"Compiling '/home/vboxuser/duckietown_ws/install/duckietown_msgs/local/lib/python3.10/dist-packages/duckietown_msgs/msg/_anti_instagram_transform.py'...\n"}
[261.890807] (duckietown_msgs) StdoutLine: {'line': b"Compiling '/home/vboxuser/duckietown_ws/install/duckietown_msgs/local/lib/python3.10/dist-packages/duckietown_msgs/msg/_anti_instagram_transform_cb.py'...\n"}
[261.890850] (duckietown_msgs) StdoutLine: {'line': b"Compiling '/home/vboxuser/duckietown_ws/install/duckietown_msgs/local/lib/python3.10/dist-packages/duckietown_msgs/msg/_april_tag_detection.py'...\n"}
[261.890893] (duckietown_msgs) StdoutLine: {'line': b"Compiling '/home/vboxuser/duckietown_ws/install/duckietown_msgs/local/lib/python3.10/dist-packages/duckietown_msgs/msg/_april_tag_detection_array.py'...\n"}
[261.890935] (duckietown_msgs) StdoutLine: {'line': b"Compiling '/home/vboxuser/duckietown_ws/install/duckietown_msgs/local/lib/python3.10/dist-packages/duckietown_msgs/msg/_april_tags_with_infos.py'...\n"}
[261.890978] (duckietown_msgs) StdoutLine: {'line': b"Compiling '/home/vboxuser/duckietown_ws/install/duckietown_msgs/local/lib/python3.10/dist-packages/duckietown_msgs/msg/_bool_stamped.py'...\n"}
[261.891021] (duckietown_msgs) StdoutLine: {'line': b"Compiling '/home/vboxuser/duckietown_ws/install/duckietown_msgs/local/lib/python3.10/dist-packages/duckietown_msgs/msg/_bool_stamped_ethz17.py'...\n"}
[261.891062] (duckietown_msgs) StdoutLine: {'line': b"Compiling '/home/vboxuser/duckietown_ws/install/duckietown_msgs/local/lib/python3.10/dist-packages/duckietown_msgs/msg/_car_control.py'...\n"}
[261.891103] (duckietown_msgs) StdoutLine: {'line': b"Compiling '/home/vboxuser/duckietown_ws/install/duckietown_msgs/local/lib/python3.10/dist-packages/duckietown_msgs/msg/_coordination_clearance.py'...\n"}
[261.891167] (duckietown_msgs) StdoutLine: {'line': b"Compiling '/home/vboxuser/duckietown_ws/install/duckietown_msgs/local/lib/python3.10/dist-packages/duckietown_msgs/msg/_coordination_clearance_ethz17.py'...\n"}
[261.891209] (duckietown_msgs) StdoutLine: {'line': b"Compiling '/home/vboxuser/duckietown_ws/install/duckietown_msgs/local/lib/python3.10/dist-packages/duckietown_msgs/msg/_coordination_signal.py'...\n"}
[261.891301] (duckietown_msgs) StdoutLine: {'line': b"Compiling '/home/vboxuser/duckietown_ws/install/duckietown_msgs/local/lib/python3.10/dist-packages/duckietown_msgs/msg/_coordination_signal_ethz17.py'...\n"}
[261.891362] (duckietown_msgs) StdoutLine: {'line': b"Compiling '/home/vboxuser/duckietown_ws/install/duckietown_msgs/local/lib/python3.10/dist-packages/duckietown_msgs/msg/_duckie_sensor.py'...\n"}
[261.891412] (duckietown_msgs) StdoutLine: {'line': b"Compiling '/home/vboxuser/duckietown_ws/install/duckietown_msgs/local/lib/python3.10/dist-packages/duckietown_msgs/msg/_fsm_state.py'...\n"}
[261.891458] (duckietown_msgs) StdoutLine: {'line': b"Compiling '/home/vboxuser/duckietown_ws/install/duckietown_msgs/local/lib/python3.10/dist-packages/duckietown_msgs/msg/_intersection_pose.py'...\n"}
[261.891515] (duckietown_msgs) StdoutLine: {'line': b"Compiling '/home/vboxuser/duckietown_ws/install/duckietown_msgs/local/lib/python3.10/dist-packages/duckietown_msgs/msg/_intersection_pose_img.py'...\n"}
[261.891558] (duckietown_msgs) StdoutLine: {'line': b"Compiling '/home/vboxuser/duckietown_ws/install/duckietown_msgs/local/lib/python3.10/dist-packages/duckietown_msgs/msg/_intersection_pose_img_debug.py'...\n"}
[261.891601] (duckietown_msgs) StdoutLine: {'line': b"Compiling '/home/vboxuser/duckietown_ws/install/duckietown_msgs/local/lib/python3.10/dist-packages/duckietown_msgs/msg/_kinematics_parameters.py'...\n"}
[261.891643] (duckietown_msgs) StdoutLine: {'line': b"Compiling '/home/vboxuser/duckietown_ws/install/duckietown_msgs/local/lib/python3.10/dist-packages/duckietown_msgs/msg/_kinematics_weights.py'...\n"}
[261.891795] (duckietown_msgs) StdoutLine: {'line': b"Compiling '/home/vboxuser/duckietown_ws/install/duckietown_msgs/local/lib/python3.10/dist-packages/duckietown_msgs/msg/_lane_pose.py'...\n"}
[261.891851] (duckietown_msgs) StdoutLine: {'line': b"Compiling '/home/vboxuser/duckietown_ws/install/duckietown_msgs/local/lib/python3.10/dist-packages/duckietown_msgs/msg/_led_detection.py'...\n"}
[261.891900] (duckietown_msgs) StdoutLine: {'line': b"Compiling '/home/vboxuser/duckietown_ws/install/duckietown_msgs/local/lib/python3.10/dist-packages/duckietown_msgs/msg/_led_detection_array.py'...\n"}
[261.891946] (duckietown_msgs) StdoutLine: {'line': b"Compiling '/home/vboxuser/duckietown_ws/install/duckietown_msgs/local/lib/python3.10/dist-packages/duckietown_msgs/msg/_led_detection_debug_info.py'...\n"}
[261.892085] (duckietown_msgs) StdoutLine: {'line': b"Compiling '/home/vboxuser/duckietown_ws/install/duckietown_msgs/local/lib/python3.10/dist-packages/duckietown_msgs/msg/_led_interpreter.py'...\n"}
[261.892145] (duckietown_msgs) StdoutLine: {'line': b"Compiling '/home/vboxuser/duckietown_ws/install/duckietown_msgs/local/lib/python3.10/dist-packages/duckietown_msgs/msg/_maintenance_state.py'...\n"}
[261.892200] (duckietown_msgs) StdoutLine: {'line': b"Compiling '/home/vboxuser/duckietown_ws/install/duckietown_msgs/local/lib/python3.10/dist-packages/duckietown_msgs/msg/_num.py'...\n"}
[261.892247] (duckietown_msgs) StdoutLine: {'line': b"Compiling '/home/vboxuser/duckietown_ws/install/duckietown_msgs/local/lib/python3.10/dist-packages/duckietown_msgs/msg/_obstacle_image_detection.py'...\n"}
[261.892305] (duckietown_msgs) StdoutLine: {'line': b"Compiling '/home/vboxuser/duckietown_ws/install/duckietown_msgs/local/lib/python3.10/dist-packages/duckietown_msgs/msg/_obstacle_image_detection_list.py'...\n"}
[261.892348] (duckietown_msgs) StdoutLine: {'line': b"Compiling '/home/vboxuser/duckietown_ws/install/duckietown_msgs/local/lib/python3.10/dist-packages/duckietown_msgs/msg/_obstacle_projected_detection.py'...\n"}
[261.892391] (duckietown_msgs) StdoutLine: {'line': b"Compiling '/home/vboxuser/duckietown_ws/install/duckietown_msgs/local/lib/python3.10/dist-packages/duckietown_msgs/msg/_obstacle_projected_detection_list.py'...\n"}
[261.892435] (duckietown_msgs) StdoutLine: {'line': b"Compiling '/home/vboxuser/duckietown_ws/install/duckietown_msgs/local/lib/python3.10/dist-packages/duckietown_msgs/msg/_obstacle_type.py'...\n"}
[261.892479] (duckietown_msgs) StdoutLine: {'line': b"Compiling '/home/vboxuser/duckietown_ws/install/duckietown_msgs/local/lib/python3.10/dist-packages/duckietown_msgs/msg/_pixel.py'...\n"}
[261.892523] (duckietown_msgs) StdoutLine: {'line': b"Compiling '/home/vboxuser/duckietown_ws/install/duckietown_msgs/local/lib/python3.10/dist-packages/duckietown_msgs/msg/_pose2_d_stamped.py'...\n"}
[261.892566] (duckietown_msgs) StdoutLine: {'line': b"Compiling '/home/vboxuser/duckietown_ws/install/duckietown_msgs/local/lib/python3.10/dist-packages/duckietown_msgs/msg/_rect.py'...\n"}
[261.892608] (duckietown_msgs) StdoutLine: {'line': b"Compiling '/home/vboxuser/duckietown_ws/install/duckietown_msgs/local/lib/python3.10/dist-packages/duckietown_msgs/msg/_rects.py'...\n"}
[261.892666] (duckietown_msgs) StdoutLine: {'line': b"Compiling '/home/vboxuser/duckietown_ws/install/duckietown_msgs/local/lib/python3.10/dist-packages/duckietown_msgs/msg/_scene_segments.py'...\n"}
[261.892709] (duckietown_msgs) StdoutLine: {'line': b"Compiling '/home/vboxuser/duckietown_ws/install/duckietown_msgs/local/lib/python3.10/dist-packages/duckietown_msgs/msg/_segment.py'...\n"}
[261.892767] (duckietown_msgs) StdoutLine: {'line': b"Compiling '/home/vboxuser/duckietown_ws/install/duckietown_msgs/local/lib/python3.10/dist-packages/duckietown_msgs/msg/_segment_list.py'...\n"}
[261.892810] (duckietown_msgs) StdoutLine: {'line': b"Compiling '/home/vboxuser/duckietown_ws/install/duckietown_msgs/local/lib/python3.10/dist-packages/duckietown_msgs/msg/_signals_detection.py'...\n"}
[261.892858] (duckietown_msgs) StdoutLine: {'line': b"Compiling '/home/vboxuser/duckietown_ws/install/duckietown_msgs/local/lib/python3.10/dist-packages/duckietown_msgs/msg/_signals_detection_ethz17.py'...\n"}
[261.892899] (duckietown_msgs) StdoutLine: {'line': b"Compiling '/home/vboxuser/duckietown_ws/install/duckietown_msgs/local/lib/python3.10/dist-packages/duckietown_msgs/msg/_source_target_nodes.py'...\n"}
[261.892941] (duckietown_msgs) StdoutLine: {'line': b"Compiling '/home/vboxuser/duckietown_ws/install/duckietown_msgs/local/lib/python3.10/dist-packages/duckietown_msgs/msg/_stop_line_reading.py'...\n"}
[261.892993] (duckietown_msgs) StdoutLine: {'line': b"Compiling '/home/vboxuser/duckietown_ws/install/duckietown_msgs/local/lib/python3.10/dist-packages/duckietown_msgs/msg/_tag_info.py'...\n"}
[261.893033] (duckietown_msgs) StdoutLine: {'line': b"Compiling '/home/vboxuser/duckietown_ws/install/duckietown_msgs/local/lib/python3.10/dist-packages/duckietown_msgs/msg/_theta_dot_sample.py'...\n"}
[261.893073] (duckietown_msgs) StdoutLine: {'line': b"Compiling '/home/vboxuser/duckietown_ws/install/duckietown_msgs/local/lib/python3.10/dist-packages/duckietown_msgs/msg/_trajectory.py'...\n"}
[261.893119] (duckietown_msgs) StdoutLine: {'line': b"Compiling '/home/vboxuser/duckietown_ws/install/duckietown_msgs/local/lib/python3.10/dist-packages/duckietown_msgs/msg/_turn_i_dand_type.py'...\n"}
[261.893161] (duckietown_msgs) StdoutLine: {'line': b"Compiling '/home/vboxuser/duckietown_ws/install/duckietown_msgs/local/lib/python3.10/dist-packages/duckietown_msgs/msg/_twist2_d_stamped.py'...\n"}
[261.893202] (duckietown_msgs) StdoutLine: {'line': b"Compiling '/home/vboxuser/duckietown_ws/install/duckietown_msgs/local/lib/python3.10/dist-packages/duckietown_msgs/msg/_twist2_d_stamped_ethz17.py'...\n"}
[261.893271] (duckietown_msgs) StdoutLine: {'line': b"Compiling '/home/vboxuser/duckietown_ws/install/duckietown_msgs/local/lib/python3.10/dist-packages/duckietown_msgs/msg/_vector2_d.py'...\n"}
[261.893353] (duckietown_msgs) StdoutLine: {'line': b"Compiling '/home/vboxuser/duckietown_ws/install/duckietown_msgs/local/lib/python3.10/dist-packages/duckietown_msgs/msg/_vehicle_corners.py'...\n"}
[261.893404] (duckietown_msgs) StdoutLine: {'line': b"Compiling '/home/vboxuser/duckietown_ws/install/duckietown_msgs/local/lib/python3.10/dist-packages/duckietown_msgs/msg/_vehicle_pose.py'...\n"}
[261.893454] (duckietown_msgs) StdoutLine: {'line': b"Compiling '/home/vboxuser/duckietown_ws/install/duckietown_msgs/local/lib/python3.10/dist-packages/duckietown_msgs/msg/_vsample.py'...\n"}
[261.903670] (duckietown_msgs) StdoutLine: {'line': b"Compiling '/home/vboxuser/duckietown_ws/install/duckietown_msgs/local/lib/python3.10/dist-packages/duckietown_msgs/msg/_wheels_cmd.py'...\n"}
[261.903859] (duckietown_msgs) StdoutLine: {'line': b"Compiling '/home/vboxuser/duckietown_ws/install/duckietown_msgs/local/lib/python3.10/dist-packages/duckietown_msgs/msg/_wheels_cmd_stamped.py'...\n"}
[261.903917] (duckietown_msgs) StdoutLine: {'line': b"Listing '/home/vboxuser/duckietown_ws/install/duckietown_msgs/local/lib/python3.10/dist-packages/duckietown_msgs/srv'...\n"}
[261.903968] (duckietown_msgs) StdoutLine: {'line': b"Compiling '/home/vboxuser/duckietown_ws/install/duckietown_msgs/local/lib/python3.10/dist-packages/duckietown_msgs/srv/__init__.py'...\n"}
[261.904016] (duckietown_msgs) StdoutLine: {'line': b"Compiling '/home/vboxuser/duckietown_ws/install/duckietown_msgs/local/lib/python3.10/dist-packages/duckietown_msgs/srv/_get_variable.py'...\n"}
[261.904068] (duckietown_msgs) StdoutLine: {'line': b"Compiling '/home/vboxuser/duckietown_ws/install/duckietown_msgs/local/lib/python3.10/dist-packages/duckietown_msgs/srv/_set_fsm_state.py'...\n"}
[261.904114] (duckietown_msgs) StdoutLine: {'line': b"Compiling '/home/vboxuser/duckietown_ws/install/duckietown_msgs/local/lib/python3.10/dist-packages/duckietown_msgs/srv/_set_value.py'...\n"}
[261.904159] (duckietown_msgs) StdoutLine: {'line': b"Compiling '/home/vboxuser/duckietown_ws/install/duckietown_msgs/local/lib/python3.10/dist-packages/duckietown_msgs/srv/_set_variable.py'...\n"}
[261.914606] (duckietown_msgs) StdoutLine: {'line': b'-- Installing: /home/vboxuser/duckietown_ws/install/duckietown_msgs/lib/libduckietown_msgs__rosidl_generator_py.so\n'}
[261.916161] (duckietown_msgs) StdoutLine: {'line': b'-- Set runtime path of "/home/vboxuser/duckietown_ws/install/duckietown_msgs/lib/libduckietown_msgs__rosidl_generator_py.so" to ""\n'}
[261.916504] (duckietown_msgs) StdoutLine: {'line': b'-- Installing: /home/vboxuser/duckietown_ws/install/duckietown_msgs/share/duckietown_msgs/cmake/export_duckietown_msgs__rosidl_generator_cExport.cmake\n'}
[261.919231] (duckietown_msgs) StdoutLine: {'line': b'-- Installing: /home/vboxuser/duckietown_ws/install/duckietown_msgs/share/duckietown_msgs/cmake/export_duckietown_msgs__rosidl_generator_cExport-noconfig.cmake\n'}
[261.919708] (duckietown_msgs) StdoutLine: {'line': b'-- Installing: /home/vboxuser/duckietown_ws/install/duckietown_msgs/share/duckietown_msgs/cmake/export_duckietown_msgs__rosidl_typesupport_fastrtps_cExport.cmake\n'}
[261.920139] (duckietown_msgs) StdoutLine: {'line': b'-- Installing: /home/vboxuser/duckietown_ws/install/duckietown_msgs/share/duckietown_msgs/cmake/export_duckietown_msgs__rosidl_typesupport_fastrtps_cExport-noconfig.cmake\n'}
[261.920658] (duckietown_msgs) StdoutLine: {'line': b'-- Installing: /home/vboxuser/duckietown_ws/install/duckietown_msgs/share/duckietown_msgs/cmake/duckietown_msgs__rosidl_typesupport_introspection_cExport.cmake\n'}
[261.921038] (duckietown_msgs) StdoutLine: {'line': b'-- Installing: /home/vboxuser/duckietown_ws/install/duckietown_msgs/share/duckietown_msgs/cmake/duckietown_msgs__rosidl_typesupport_introspection_cExport-noconfig.cmake\n'}
[261.921441] (duckietown_msgs) StdoutLine: {'line': b'-- Installing: /home/vboxuser/duckietown_ws/install/duckietown_msgs/share/duckietown_msgs/cmake/duckietown_msgs__rosidl_typesupport_cExport.cmake\n'}
[261.921966] (duckietown_msgs) StdoutLine: {'line': b'-- Installing: /home/vboxuser/duckietown_ws/install/duckietown_msgs/share/duckietown_msgs/cmake/duckietown_msgs__rosidl_typesupport_cExport-noconfig.cmake\n'}
[261.922388] (duckietown_msgs) StdoutLine: {'line': b'-- Installing: /home/vboxuser/duckietown_ws/install/duckietown_msgs/share/duckietown_msgs/cmake/export_duckietown_msgs__rosidl_generator_cppExport.cmake\n'}
[261.922773] (duckietown_msgs) StdoutLine: {'line': b'-- Installing: /home/vboxuser/duckietown_ws/install/duckietown_msgs/share/duckietown_msgs/cmake/export_duckietown_msgs__rosidl_typesupport_fastrtps_cppExport.cmake\n'}
[261.923166] (duckietown_msgs) StdoutLine: {'line': b'-- Installing: /home/vboxuser/duckietown_ws/install/duckietown_msgs/share/duckietown_msgs/cmake/export_duckietown_msgs__rosidl_typesupport_fastrtps_cppExport-noconfig.cmake\n'}
[261.923605] (duckietown_msgs) StdoutLine: {'line': b'-- Installing: /home/vboxuser/duckietown_ws/install/duckietown_msgs/share/duckietown_msgs/cmake/duckietown_msgs__rosidl_typesupport_introspection_cppExport.cmake\n'}
[261.924011] (duckietown_msgs) StdoutLine: {'line': b'-- Installing: /home/vboxuser/duckietown_ws/install/duckietown_msgs/share/duckietown_msgs/cmake/duckietown_msgs__rosidl_typesupport_introspection_cppExport-noconfig.cmake\n'}
[261.924449] (duckietown_msgs) StdoutLine: {'line': b'-- Installing: /home/vboxuser/duckietown_ws/install/duckietown_msgs/share/duckietown_msgs/cmake/duckietown_msgs__rosidl_typesupport_cppExport.cmake\n'}
[261.925211] (duckietown_msgs) StdoutLine: {'line': b'-- Installing: /home/vboxuser/duckietown_ws/install/duckietown_msgs/share/duckietown_msgs/cmake/duckietown_msgs__rosidl_typesupport_cppExport-noconfig.cmake\n'}
[261.925331] (duckietown_msgs) StdoutLine: {'line': b'-- Installing: /home/vboxuser/duckietown_ws/install/duckietown_msgs/share/duckietown_msgs/cmake/export_duckietown_msgs__rosidl_generator_pyExport.cmake\n'}
[261.925701] (duckietown_msgs) StdoutLine: {'line': b'-- Installing: /home/vboxuser/duckietown_ws/install/duckietown_msgs/share/duckietown_msgs/cmake/export_duckietown_msgs__rosidl_generator_pyExport-noconfig.cmake\n'}
[261.930200] (-) TimerEvent: {}
[261.932273] (duckietown_msgs) CommandEnded: {'returncode': 0}
[261.994589] (duckietown_msgs) JobEnded: {'identifier': 'duckietown_msgs', 'rc': 0}
[261.996767] (-) EventReactorShutdown: {}
