-- Found rosidl_default_generators: 1.2.1 (/opt/ros/humble/share/rosidl_default_generators/cmake)
-- Found ament_cmake_core: 1.3.14 (/opt/ros/humble/share/ament_cmake_core/cmake)
-- Found Python3: /usr/bin/python3 (found version "3.10.12") found components: Interpreter 
-- Override CMake install command with custom implementation using symlinks instead of copying resources
-- Using all available rosidl_typesupport_c: rosidl_typesupport_fastrtps_c;rosidl_typesupport_introspection_c
-- Found rosidl_adapter: 3.1.8 (/opt/ros/humble/share/rosidl_adapter/cmake)
-- Using all available rosidl_typesupport_cpp: rosidl_typesupport_fastrtps_cpp;rosidl_typesupport_introspection_cpp
-- Found std_msgs: 4.9.1 (/opt/ros/humble/share/std_msgs/cmake)
-- Found geometry_msgs: 4.9.1 (/opt/ros/humble/share/geometry_msgs/cmake)
-- Found visualization_msgs: 4.9.1 (/opt/ros/humble/share/visualization_msgs/cmake)
-- Found ament_cmake_ros: 0.10.0 (/opt/ros/humble/share/ament_cmake_ros/cmake)
-- Using all available rosidl_typesupport_c: rosidl_typesupport_fastrtps_c;rosidl_typesupport_introspection_c
-- Using all available rosidl_typesupport_cpp: rosidl_typesupport_fastrtps_cpp;rosidl_typesupport_introspection_cpp
-- Found PythonInterp: /usr/bin/python3 (found suitable version "3.10.12", minimum required is "3.6") 
-- Found python_cmake_module: 0.10.0 (/opt/ros/humble/share/python_cmake_module/cmake)
-- Found PythonLibs: /usr/lib/x86_64-linux-gnu/libpython3.10.so (found suitable version "3.10.12", minimum required is "3.5") 
-- Using PYTHON_EXECUTABLE: /usr/bin/python3
-- Using PYTHON_INCLUDE_DIRS: /usr/include/python3.10
-- Using PYTHON_LIBRARIES: /usr/lib/x86_64-linux-gnu/libpython3.10.so
-- Found PythonExtra: .so  
-- Configuring done
-- Generating done
-- Build files have been written to: /home/vboxuser/duckietown_ws/build/duckietown_msgs
[  1%] [34m[1mGenerating Rust code for ROS interfaces[0m
[  1%] Built target duckietown_msgs__rs
[  1%] [34m[1mGenerating C code for ROS interfaces[0m
[  1%] [32mBuilding C object CMakeFiles/duckietown_msgs__rosidl_generator_c.dir/rosidl_generator_c/duckietown_msgs/msg/detail/car_control__functions.c.o[0m
[  2%] [32mBuilding C object CMakeFiles/duckietown_msgs__rosidl_generator_c.dir/rosidl_generator_c/duckietown_msgs/msg/detail/coordination_signal__functions.c.o[0m
[  2%] [32mBuilding C object CMakeFiles/duckietown_msgs__rosidl_generator_c.dir/rosidl_generator_c/duckietown_msgs/msg/detail/coordination_signal_ethz17__functions.c.o[0m
[  2%] [32mBuilding C object CMakeFiles/duckietown_msgs__rosidl_generator_c.dir/rosidl_generator_c/duckietown_msgs/msg/detail/duckie_sensor__functions.c.o[0m
[  2%] [32mBuilding C object CMakeFiles/duckietown_msgs__rosidl_generator_c.dir/rosidl_generator_c/duckietown_msgs/msg/detail/lane_pose__functions.c.o[0m
[  2%] [32mBuilding C object CMakeFiles/duckietown_msgs__rosidl_generator_c.dir/rosidl_generator_c/duckietown_msgs/msg/detail/intersection_pose__functions.c.o[0m
[  3%] [32mBuilding C object CMakeFiles/duckietown_msgs__rosidl_generator_c.dir/rosidl_generator_c/duckietown_msgs/msg/detail/intersection_pose_img__functions.c.o[0m
[  3%] [32mBuilding C object CMakeFiles/duckietown_msgs__rosidl_generator_c.dir/rosidl_generator_c/duckietown_msgs/msg/detail/intersection_pose_img_debug__functions.c.o[0m
[  3%] [32mBuilding C object CMakeFiles/duckietown_msgs__rosidl_generator_c.dir/rosidl_generator_c/duckietown_msgs/msg/detail/turn_i_dand_type__functions.c.o[0m
[  3%] [32mBuilding C object CMakeFiles/duckietown_msgs__rosidl_generator_c.dir/rosidl_generator_c/duckietown_msgs/msg/detail/led_detection__functions.c.o[0m
[  3%] [32mBuilding C object CMakeFiles/duckietown_msgs__rosidl_generator_c.dir/rosidl_generator_c/duckietown_msgs/msg/detail/maintenance_state__functions.c.o[0m
[  4%] [32mBuilding C object CMakeFiles/duckietown_msgs__rosidl_generator_c.dir/rosidl_generator_c/duckietown_msgs/msg/detail/led_detection_array__functions.c.o[0m
[  4%] [32mBuilding C object CMakeFiles/duckietown_msgs__rosidl_generator_c.dir/rosidl_generator_c/duckietown_msgs/msg/detail/led_detection_debug_info__functions.c.o[0m
[  4%] [32mBuilding C object CMakeFiles/duckietown_msgs__rosidl_generator_c.dir/rosidl_generator_c/duckietown_msgs/msg/detail/wheels_cmd__functions.c.o[0m
[  4%] [32mBuilding C object CMakeFiles/duckietown_msgs__rosidl_generator_c.dir/rosidl_generator_c/duckietown_msgs/msg/detail/wheels_cmd_stamped__functions.c.o[0m
[  4%] [32mBuilding C object CMakeFiles/duckietown_msgs__rosidl_generator_c.dir/rosidl_generator_c/duckietown_msgs/msg/detail/pose2_d_stamped__functions.c.o[0m
[  5%] [32mBuilding C object CMakeFiles/duckietown_msgs__rosidl_generator_c.dir/rosidl_generator_c/duckietown_msgs/msg/detail/signals_detection__functions.c.o[0m
[  5%] [32mBuilding C object CMakeFiles/duckietown_msgs__rosidl_generator_c.dir/rosidl_generator_c/duckietown_msgs/msg/detail/signals_detection_ethz17__functions.c.o[0m
[  5%] [32mBuilding C object CMakeFiles/duckietown_msgs__rosidl_generator_c.dir/rosidl_generator_c/duckietown_msgs/msg/detail/twist2_d_stamped__functions.c.o[0m
[  5%] [32mBuilding C object CMakeFiles/duckietown_msgs__rosidl_generator_c.dir/rosidl_generator_c/duckietown_msgs/msg/detail/twist2_d_stamped_ethz17__functions.c.o[0m
[  5%] [32mBuilding C object CMakeFiles/duckietown_msgs__rosidl_generator_c.dir/rosidl_generator_c/duckietown_msgs/msg/detail/april_tag_detection__functions.c.o[0m
[  6%] [32mBuilding C object CMakeFiles/duckietown_msgs__rosidl_generator_c.dir/rosidl_generator_c/duckietown_msgs/msg/detail/april_tag_detection_array__functions.c.o[0m
[  6%] [32mBuilding C object CMakeFiles/duckietown_msgs__rosidl_generator_c.dir/rosidl_generator_c/duckietown_msgs/msg/detail/april_tags_with_infos__functions.c.o[0m
[  6%] [32mBuilding C object CMakeFiles/duckietown_msgs__rosidl_generator_c.dir/rosidl_generator_c/duckietown_msgs/msg/detail/tag_info__functions.c.o[0m
[  6%] [32mBuilding C object CMakeFiles/duckietown_msgs__rosidl_generator_c.dir/rosidl_generator_c/duckietown_msgs/msg/detail/pixel__functions.c.o[0m
[  6%] [32mBuilding C object CMakeFiles/duckietown_msgs__rosidl_generator_c.dir/rosidl_generator_c/duckietown_msgs/msg/detail/vector2_d__functions.c.o[0m
[  7%] [32mBuilding C object CMakeFiles/duckietown_msgs__rosidl_generator_c.dir/rosidl_generator_c/duckietown_msgs/msg/detail/segment__functions.c.o[0m
[  7%] [32mBuilding C object CMakeFiles/duckietown_msgs__rosidl_generator_c.dir/rosidl_generator_c/duckietown_msgs/msg/detail/segment_list__functions.c.o[0m
[  7%] [32mBuilding C object CMakeFiles/duckietown_msgs__rosidl_generator_c.dir/rosidl_generator_c/duckietown_msgs/msg/detail/rect__functions.c.o[0m
[  7%] [32mBuilding C object CMakeFiles/duckietown_msgs__rosidl_generator_c.dir/rosidl_generator_c/duckietown_msgs/msg/detail/rects__functions.c.o[0m
[  7%] [32mBuilding C object CMakeFiles/duckietown_msgs__rosidl_generator_c.dir/rosidl_generator_c/duckietown_msgs/msg/detail/scene_segments__functions.c.o[0m
[  8%] [32mBuilding C object CMakeFiles/duckietown_msgs__rosidl_generator_c.dir/rosidl_generator_c/duckietown_msgs/msg/detail/source_target_nodes__functions.c.o[0m
[  8%] [32mBuilding C object CMakeFiles/duckietown_msgs__rosidl_generator_c.dir/rosidl_generator_c/duckietown_msgs/msg/detail/coordination_clearance__functions.c.o[0m
[  8%] [32mBuilding C object CMakeFiles/duckietown_msgs__rosidl_generator_c.dir/rosidl_generator_c/duckietown_msgs/msg/detail/coordination_clearance_ethz17__functions.c.o[0m
[  8%] [32mBuilding C object CMakeFiles/duckietown_msgs__rosidl_generator_c.dir/rosidl_generator_c/duckietown_msgs/msg/detail/vehicle_corners__functions.c.o[0m
[  8%] [32mBuilding C object CMakeFiles/duckietown_msgs__rosidl_generator_c.dir/rosidl_generator_c/duckietown_msgs/msg/detail/vehicle_pose__functions.c.o[0m
[  9%] [32mBuilding C object CMakeFiles/duckietown_msgs__rosidl_generator_c.dir/rosidl_generator_c/duckietown_msgs/msg/detail/fsm_state__functions.c.o[0m
[  9%] [32mBuilding C object CMakeFiles/duckietown_msgs__rosidl_generator_c.dir/rosidl_generator_c/duckietown_msgs/msg/detail/bool_stamped__functions.c.o[0m
[  9%] [32mBuilding C object CMakeFiles/duckietown_msgs__rosidl_generator_c.dir/rosidl_generator_c/duckietown_msgs/msg/detail/bool_stamped_ethz17__functions.c.o[0m
[  9%] [32mBuilding C object CMakeFiles/duckietown_msgs__rosidl_generator_c.dir/rosidl_generator_c/duckietown_msgs/msg/detail/stop_line_reading__functions.c.o[0m
[  9%] [32mBuilding C object CMakeFiles/duckietown_msgs__rosidl_generator_c.dir/rosidl_generator_c/duckietown_msgs/msg/detail/led_interpreter__functions.c.o[0m
[ 10%] [32mBuilding C object CMakeFiles/duckietown_msgs__rosidl_generator_c.dir/rosidl_generator_c/duckietown_msgs/msg/detail/anti_instagram_health__functions.c.o[0m
[ 10%] [32mBuilding C object CMakeFiles/duckietown_msgs__rosidl_generator_c.dir/rosidl_generator_c/duckietown_msgs/msg/detail/anti_instagram_transform__functions.c.o[0m
[ 10%] [32mBuilding C object CMakeFiles/duckietown_msgs__rosidl_generator_c.dir/rosidl_generator_c/duckietown_msgs/msg/detail/anti_instagram_transform_cb__functions.c.o[0m
[ 10%] [32mBuilding C object CMakeFiles/duckietown_msgs__rosidl_generator_c.dir/rosidl_generator_c/duckietown_msgs/msg/detail/kinematics_weights__functions.c.o[0m
[ 10%] [32mBuilding C object CMakeFiles/duckietown_msgs__rosidl_generator_c.dir/rosidl_generator_c/duckietown_msgs/msg/detail/kinematics_parameters__functions.c.o[0m
[ 11%] [32mBuilding C object CMakeFiles/duckietown_msgs__rosidl_generator_c.dir/rosidl_generator_c/duckietown_msgs/msg/detail/theta_dot_sample__functions.c.o[0m
[ 11%] [32mBuilding C object CMakeFiles/duckietown_msgs__rosidl_generator_c.dir/rosidl_generator_c/duckietown_msgs/msg/detail/vsample__functions.c.o[0m
[ 11%] [32mBuilding C object CMakeFiles/duckietown_msgs__rosidl_generator_c.dir/rosidl_generator_c/duckietown_msgs/msg/detail/trajectory__functions.c.o[0m
[ 11%] [32mBuilding C object CMakeFiles/duckietown_msgs__rosidl_generator_c.dir/rosidl_generator_c/duckietown_msgs/msg/detail/obstacle_type__functions.c.o[0m
[ 11%] [32mBuilding C object CMakeFiles/duckietown_msgs__rosidl_generator_c.dir/rosidl_generator_c/duckietown_msgs/msg/detail/obstacle_image_detection__functions.c.o[0m
[ 12%] [32mBuilding C object CMakeFiles/duckietown_msgs__rosidl_generator_c.dir/rosidl_generator_c/duckietown_msgs/msg/detail/obstacle_image_detection_list__functions.c.o[0m
[ 12%] [32mBuilding C object CMakeFiles/duckietown_msgs__rosidl_generator_c.dir/rosidl_generator_c/duckietown_msgs/msg/detail/obstacle_projected_detection__functions.c.o[0m
[ 12%] [32mBuilding C object CMakeFiles/duckietown_msgs__rosidl_generator_c.dir/rosidl_generator_c/duckietown_msgs/msg/detail/obstacle_projected_detection_list__functions.c.o[0m
[ 12%] [32mBuilding C object CMakeFiles/duckietown_msgs__rosidl_generator_c.dir/rosidl_generator_c/duckietown_msgs/msg/detail/num__functions.c.o[0m
[ 12%] [32mBuilding C object CMakeFiles/duckietown_msgs__rosidl_generator_c.dir/rosidl_generator_c/duckietown_msgs/srv/detail/set_fsm_state__functions.c.o[0m
[ 13%] [32mBuilding C object CMakeFiles/duckietown_msgs__rosidl_generator_c.dir/rosidl_generator_c/duckietown_msgs/srv/detail/set_value__functions.c.o[0m
[ 13%] [32mBuilding C object CMakeFiles/duckietown_msgs__rosidl_generator_c.dir/rosidl_generator_c/duckietown_msgs/srv/detail/set_variable__functions.c.o[0m
[ 13%] [32mBuilding C object CMakeFiles/duckietown_msgs__rosidl_generator_c.dir/rosidl_generator_c/duckietown_msgs/srv/detail/get_variable__functions.c.o[0m
[ 13%] [32m[1mLinking C shared library libduckietown_msgs__rosidl_generator_c.so[0m
[ 13%] Built target duckietown_msgs__rosidl_generator_c
[ 14%] [34m[1mGenerating C type support for eProsima Fast-RTPS[0m
[ 14%] [32mBuilding CXX object CMakeFiles/duckietown_msgs__rosidl_typesupport_fastrtps_c.dir/rosidl_typesupport_fastrtps_c/duckietown_msgs/msg/detail/car_control__type_support_c.cpp.o[0m
[ 14%] [32mBuilding CXX object CMakeFiles/duckietown_msgs__rosidl_typesupport_fastrtps_c.dir/rosidl_typesupport_fastrtps_c/duckietown_msgs/msg/detail/coordination_signal__type_support_c.cpp.o[0m
[ 14%] [32mBuilding CXX object CMakeFiles/duckietown_msgs__rosidl_typesupport_fastrtps_c.dir/rosidl_typesupport_fastrtps_c/duckietown_msgs/msg/detail/coordination_signal_ethz17__type_support_c.cpp.o[0m
[ 14%] [32mBuilding CXX object CMakeFiles/duckietown_msgs__rosidl_typesupport_fastrtps_c.dir/rosidl_typesupport_fastrtps_c/duckietown_msgs/msg/detail/duckie_sensor__type_support_c.cpp.o[0m
[ 15%] [32mBuilding CXX object CMakeFiles/duckietown_msgs__rosidl_typesupport_fastrtps_c.dir/rosidl_typesupport_fastrtps_c/duckietown_msgs/msg/detail/lane_pose__type_support_c.cpp.o[0m
[ 15%] [32mBuilding CXX object CMakeFiles/duckietown_msgs__rosidl_typesupport_fastrtps_c.dir/rosidl_typesupport_fastrtps_c/duckietown_msgs/msg/detail/intersection_pose__type_support_c.cpp.o[0m
[ 15%] [32mBuilding CXX object CMakeFiles/duckietown_msgs__rosidl_typesupport_fastrtps_c.dir/rosidl_typesupport_fastrtps_c/duckietown_msgs/msg/detail/intersection_pose_img__type_support_c.cpp.o[0m
[ 15%] [32mBuilding CXX object CMakeFiles/duckietown_msgs__rosidl_typesupport_fastrtps_c.dir/rosidl_typesupport_fastrtps_c/duckietown_msgs/msg/detail/intersection_pose_img_debug__type_support_c.cpp.o[0m
[ 15%] [32mBuilding CXX object CMakeFiles/duckietown_msgs__rosidl_typesupport_fastrtps_c.dir/rosidl_typesupport_fastrtps_c/duckietown_msgs/msg/detail/turn_i_dand_type__type_support_c.cpp.o[0m
[ 16%] [32mBuilding CXX object CMakeFiles/duckietown_msgs__rosidl_typesupport_fastrtps_c.dir/rosidl_typesupport_fastrtps_c/duckietown_msgs/msg/detail/led_detection__type_support_c.cpp.o[0m
[ 16%] [32mBuilding CXX object CMakeFiles/duckietown_msgs__rosidl_typesupport_fastrtps_c.dir/rosidl_typesupport_fastrtps_c/duckietown_msgs/msg/detail/maintenance_state__type_support_c.cpp.o[0m
[ 16%] [32mBuilding CXX object CMakeFiles/duckietown_msgs__rosidl_typesupport_fastrtps_c.dir/rosidl_typesupport_fastrtps_c/duckietown_msgs/msg/detail/led_detection_array__type_support_c.cpp.o[0m
[ 16%] [32mBuilding CXX object CMakeFiles/duckietown_msgs__rosidl_typesupport_fastrtps_c.dir/rosidl_typesupport_fastrtps_c/duckietown_msgs/msg/detail/led_detection_debug_info__type_support_c.cpp.o[0m
[ 16%] [32mBuilding CXX object CMakeFiles/duckietown_msgs__rosidl_typesupport_fastrtps_c.dir/rosidl_typesupport_fastrtps_c/duckietown_msgs/msg/detail/wheels_cmd__type_support_c.cpp.o[0m
[ 17%] [32mBuilding CXX object CMakeFiles/duckietown_msgs__rosidl_typesupport_fastrtps_c.dir/rosidl_typesupport_fastrtps_c/duckietown_msgs/msg/detail/wheels_cmd_stamped__type_support_c.cpp.o[0m
[ 17%] [32mBuilding CXX object CMakeFiles/duckietown_msgs__rosidl_typesupport_fastrtps_c.dir/rosidl_typesupport_fastrtps_c/duckietown_msgs/msg/detail/pose2_d_stamped__type_support_c.cpp.o[0m
[ 17%] [32mBuilding CXX object CMakeFiles/duckietown_msgs__rosidl_typesupport_fastrtps_c.dir/rosidl_typesupport_fastrtps_c/duckietown_msgs/msg/detail/signals_detection__type_support_c.cpp.o[0m
[ 17%] [32mBuilding CXX object CMakeFiles/duckietown_msgs__rosidl_typesupport_fastrtps_c.dir/rosidl_typesupport_fastrtps_c/duckietown_msgs/msg/detail/signals_detection_ethz17__type_support_c.cpp.o[0m
[ 17%] [32mBuilding CXX object CMakeFiles/duckietown_msgs__rosidl_typesupport_fastrtps_c.dir/rosidl_typesupport_fastrtps_c/duckietown_msgs/msg/detail/twist2_d_stamped__type_support_c.cpp.o[0m
[ 18%] [32mBuilding CXX object CMakeFiles/duckietown_msgs__rosidl_typesupport_fastrtps_c.dir/rosidl_typesupport_fastrtps_c/duckietown_msgs/msg/detail/twist2_d_stamped_ethz17__type_support_c.cpp.o[0m
[ 18%] [32mBuilding CXX object CMakeFiles/duckietown_msgs__rosidl_typesupport_fastrtps_c.dir/rosidl_typesupport_fastrtps_c/duckietown_msgs/msg/detail/april_tag_detection__type_support_c.cpp.o[0m
[ 18%] [32mBuilding CXX object CMakeFiles/duckietown_msgs__rosidl_typesupport_fastrtps_c.dir/rosidl_typesupport_fastrtps_c/duckietown_msgs/msg/detail/april_tag_detection_array__type_support_c.cpp.o[0m
[ 18%] [32mBuilding CXX object CMakeFiles/duckietown_msgs__rosidl_typesupport_fastrtps_c.dir/rosidl_typesupport_fastrtps_c/duckietown_msgs/msg/detail/april_tags_with_infos__type_support_c.cpp.o[0m
[ 18%] [32mBuilding CXX object CMakeFiles/duckietown_msgs__rosidl_typesupport_fastrtps_c.dir/rosidl_typesupport_fastrtps_c/duckietown_msgs/msg/detail/tag_info__type_support_c.cpp.o[0m
[ 19%] [32mBuilding CXX object CMakeFiles/duckietown_msgs__rosidl_typesupport_fastrtps_c.dir/rosidl_typesupport_fastrtps_c/duckietown_msgs/msg/detail/pixel__type_support_c.cpp.o[0m
[ 19%] [32mBuilding CXX object CMakeFiles/duckietown_msgs__rosidl_typesupport_fastrtps_c.dir/rosidl_typesupport_fastrtps_c/duckietown_msgs/msg/detail/vector2_d__type_support_c.cpp.o[0m
[ 19%] [32mBuilding CXX object CMakeFiles/duckietown_msgs__rosidl_typesupport_fastrtps_c.dir/rosidl_typesupport_fastrtps_c/duckietown_msgs/msg/detail/segment__type_support_c.cpp.o[0m
[ 19%] [32mBuilding CXX object CMakeFiles/duckietown_msgs__rosidl_typesupport_fastrtps_c.dir/rosidl_typesupport_fastrtps_c/duckietown_msgs/msg/detail/segment_list__type_support_c.cpp.o[0m
[ 19%] [32mBuilding CXX object CMakeFiles/duckietown_msgs__rosidl_typesupport_fastrtps_c.dir/rosidl_typesupport_fastrtps_c/duckietown_msgs/msg/detail/rect__type_support_c.cpp.o[0m
[ 20%] [32mBuilding CXX object CMakeFiles/duckietown_msgs__rosidl_typesupport_fastrtps_c.dir/rosidl_typesupport_fastrtps_c/duckietown_msgs/msg/detail/rects__type_support_c.cpp.o[0m
[ 20%] [32mBuilding CXX object CMakeFiles/duckietown_msgs__rosidl_typesupport_fastrtps_c.dir/rosidl_typesupport_fastrtps_c/duckietown_msgs/msg/detail/scene_segments__type_support_c.cpp.o[0m
[ 20%] [32mBuilding CXX object CMakeFiles/duckietown_msgs__rosidl_typesupport_fastrtps_c.dir/rosidl_typesupport_fastrtps_c/duckietown_msgs/msg/detail/source_target_nodes__type_support_c.cpp.o[0m
[ 20%] [32mBuilding CXX object CMakeFiles/duckietown_msgs__rosidl_typesupport_fastrtps_c.dir/rosidl_typesupport_fastrtps_c/duckietown_msgs/msg/detail/coordination_clearance__type_support_c.cpp.o[0m
[ 20%] [32mBuilding CXX object CMakeFiles/duckietown_msgs__rosidl_typesupport_fastrtps_c.dir/rosidl_typesupport_fastrtps_c/duckietown_msgs/msg/detail/coordination_clearance_ethz17__type_support_c.cpp.o[0m
[ 21%] [32mBuilding CXX object CMakeFiles/duckietown_msgs__rosidl_typesupport_fastrtps_c.dir/rosidl_typesupport_fastrtps_c/duckietown_msgs/msg/detail/vehicle_corners__type_support_c.cpp.o[0m
[ 21%] [32mBuilding CXX object CMakeFiles/duckietown_msgs__rosidl_typesupport_fastrtps_c.dir/rosidl_typesupport_fastrtps_c/duckietown_msgs/msg/detail/vehicle_pose__type_support_c.cpp.o[0m
[ 21%] [32mBuilding CXX object CMakeFiles/duckietown_msgs__rosidl_typesupport_fastrtps_c.dir/rosidl_typesupport_fastrtps_c/duckietown_msgs/msg/detail/fsm_state__type_support_c.cpp.o[0m
[ 21%] [32mBuilding CXX object CMakeFiles/duckietown_msgs__rosidl_typesupport_fastrtps_c.dir/rosidl_typesupport_fastrtps_c/duckietown_msgs/msg/detail/bool_stamped__type_support_c.cpp.o[0m
[ 21%] [32mBuilding CXX object CMakeFiles/duckietown_msgs__rosidl_typesupport_fastrtps_c.dir/rosidl_typesupport_fastrtps_c/duckietown_msgs/msg/detail/bool_stamped_ethz17__type_support_c.cpp.o[0m
[ 22%] [32mBuilding CXX object CMakeFiles/duckietown_msgs__rosidl_typesupport_fastrtps_c.dir/rosidl_typesupport_fastrtps_c/duckietown_msgs/msg/detail/stop_line_reading__type_support_c.cpp.o[0m
[ 22%] [32mBuilding CXX object CMakeFiles/duckietown_msgs__rosidl_typesupport_fastrtps_c.dir/rosidl_typesupport_fastrtps_c/duckietown_msgs/msg/detail/led_interpreter__type_support_c.cpp.o[0m
[ 22%] [32mBuilding CXX object CMakeFiles/duckietown_msgs__rosidl_typesupport_fastrtps_c.dir/rosidl_typesupport_fastrtps_c/duckietown_msgs/msg/detail/anti_instagram_health__type_support_c.cpp.o[0m
[ 22%] [32mBuilding CXX object CMakeFiles/duckietown_msgs__rosidl_typesupport_fastrtps_c.dir/rosidl_typesupport_fastrtps_c/duckietown_msgs/msg/detail/anti_instagram_transform__type_support_c.cpp.o[0m
[ 22%] [32mBuilding CXX object CMakeFiles/duckietown_msgs__rosidl_typesupport_fastrtps_c.dir/rosidl_typesupport_fastrtps_c/duckietown_msgs/msg/detail/anti_instagram_transform_cb__type_support_c.cpp.o[0m
[ 23%] [32mBuilding CXX object CMakeFiles/duckietown_msgs__rosidl_typesupport_fastrtps_c.dir/rosidl_typesupport_fastrtps_c/duckietown_msgs/msg/detail/kinematics_weights__type_support_c.cpp.o[0m
[ 23%] [32mBuilding CXX object CMakeFiles/duckietown_msgs__rosidl_typesupport_fastrtps_c.dir/rosidl_typesupport_fastrtps_c/duckietown_msgs/msg/detail/kinematics_parameters__type_support_c.cpp.o[0m
[ 23%] [32mBuilding CXX object CMakeFiles/duckietown_msgs__rosidl_typesupport_fastrtps_c.dir/rosidl_typesupport_fastrtps_c/duckietown_msgs/msg/detail/theta_dot_sample__type_support_c.cpp.o[0m
[ 23%] [32mBuilding CXX object CMakeFiles/duckietown_msgs__rosidl_typesupport_fastrtps_c.dir/rosidl_typesupport_fastrtps_c/duckietown_msgs/msg/detail/vsample__type_support_c.cpp.o[0m
[ 23%] [32mBuilding CXX object CMakeFiles/duckietown_msgs__rosidl_typesupport_fastrtps_c.dir/rosidl_typesupport_fastrtps_c/duckietown_msgs/msg/detail/trajectory__type_support_c.cpp.o[0m
[ 24%] [32mBuilding CXX object CMakeFiles/duckietown_msgs__rosidl_typesupport_fastrtps_c.dir/rosidl_typesupport_fastrtps_c/duckietown_msgs/msg/detail/obstacle_type__type_support_c.cpp.o[0m
[ 24%] [32mBuilding CXX object CMakeFiles/duckietown_msgs__rosidl_typesupport_fastrtps_c.dir/rosidl_typesupport_fastrtps_c/duckietown_msgs/msg/detail/obstacle_image_detection__type_support_c.cpp.o[0m
[ 24%] [32mBuilding CXX object CMakeFiles/duckietown_msgs__rosidl_typesupport_fastrtps_c.dir/rosidl_typesupport_fastrtps_c/duckietown_msgs/msg/detail/obstacle_image_detection_list__type_support_c.cpp.o[0m
[ 24%] [32mBuilding CXX object CMakeFiles/duckietown_msgs__rosidl_typesupport_fastrtps_c.dir/rosidl_typesupport_fastrtps_c/duckietown_msgs/msg/detail/obstacle_projected_detection__type_support_c.cpp.o[0m
[ 24%] [32mBuilding CXX object CMakeFiles/duckietown_msgs__rosidl_typesupport_fastrtps_c.dir/rosidl_typesupport_fastrtps_c/duckietown_msgs/msg/detail/obstacle_projected_detection_list__type_support_c.cpp.o[0m
[ 25%] [32mBuilding CXX object CMakeFiles/duckietown_msgs__rosidl_typesupport_fastrtps_c.dir/rosidl_typesupport_fastrtps_c/duckietown_msgs/msg/detail/num__type_support_c.cpp.o[0m
[ 25%] [32mBuilding CXX object CMakeFiles/duckietown_msgs__rosidl_typesupport_fastrtps_c.dir/rosidl_typesupport_fastrtps_c/duckietown_msgs/srv/detail/set_fsm_state__type_support_c.cpp.o[0m
[ 25%] [32mBuilding CXX object CMakeFiles/duckietown_msgs__rosidl_typesupport_fastrtps_c.dir/rosidl_typesupport_fastrtps_c/duckietown_msgs/srv/detail/set_value__type_support_c.cpp.o[0m
[ 25%] [32mBuilding CXX object CMakeFiles/duckietown_msgs__rosidl_typesupport_fastrtps_c.dir/rosidl_typesupport_fastrtps_c/duckietown_msgs/srv/detail/set_variable__type_support_c.cpp.o[0m
[ 25%] [32mBuilding CXX object CMakeFiles/duckietown_msgs__rosidl_typesupport_fastrtps_c.dir/rosidl_typesupport_fastrtps_c/duckietown_msgs/srv/detail/get_variable__type_support_c.cpp.o[0m
[ 26%] [32m[1mLinking CXX shared library libduckietown_msgs__rosidl_typesupport_fastrtps_c.so[0m
[ 26%] Built target duckietown_msgs__rosidl_typesupport_fastrtps_c
[ 27%] [34m[1mGenerating C introspection for ROS interfaces[0m
[ 27%] [32mBuilding C object CMakeFiles/duckietown_msgs__rosidl_typesupport_introspection_c.dir/rosidl_typesupport_introspection_c/duckietown_msgs/msg/detail/car_control__type_support.c.o[0m
[ 27%] [32mBuilding C object CMakeFiles/duckietown_msgs__rosidl_typesupport_introspection_c.dir/rosidl_typesupport_introspection_c/duckietown_msgs/msg/detail/coordination_signal__type_support.c.o[0m
[ 27%] [32mBuilding C object CMakeFiles/duckietown_msgs__rosidl_typesupport_introspection_c.dir/rosidl_typesupport_introspection_c/duckietown_msgs/msg/detail/coordination_signal_ethz17__type_support.c.o[0m
[ 27%] [32mBuilding C object CMakeFiles/duckietown_msgs__rosidl_typesupport_introspection_c.dir/rosidl_typesupport_introspection_c/duckietown_msgs/msg/detail/duckie_sensor__type_support.c.o[0m
[ 28%] [32mBuilding C object CMakeFiles/duckietown_msgs__rosidl_typesupport_introspection_c.dir/rosidl_typesupport_introspection_c/duckietown_msgs/msg/detail/lane_pose__type_support.c.o[0m
[ 28%] [32mBuilding C object CMakeFiles/duckietown_msgs__rosidl_typesupport_introspection_c.dir/rosidl_typesupport_introspection_c/duckietown_msgs/msg/detail/intersection_pose__type_support.c.o[0m
[ 28%] [32mBuilding C object CMakeFiles/duckietown_msgs__rosidl_typesupport_introspection_c.dir/rosidl_typesupport_introspection_c/duckietown_msgs/msg/detail/intersection_pose_img__type_support.c.o[0m
[ 28%] [32mBuilding C object CMakeFiles/duckietown_msgs__rosidl_typesupport_introspection_c.dir/rosidl_typesupport_introspection_c/duckietown_msgs/msg/detail/intersection_pose_img_debug__type_support.c.o[0m
[ 28%] [32mBuilding C object CMakeFiles/duckietown_msgs__rosidl_typesupport_introspection_c.dir/rosidl_typesupport_introspection_c/duckietown_msgs/msg/detail/turn_i_dand_type__type_support.c.o[0m
[ 29%] [32mBuilding C object CMakeFiles/duckietown_msgs__rosidl_typesupport_introspection_c.dir/rosidl_typesupport_introspection_c/duckietown_msgs/msg/detail/led_detection__type_support.c.o[0m
[ 29%] [32mBuilding C object CMakeFiles/duckietown_msgs__rosidl_typesupport_introspection_c.dir/rosidl_typesupport_introspection_c/duckietown_msgs/msg/detail/maintenance_state__type_support.c.o[0m
[ 29%] [32mBuilding C object CMakeFiles/duckietown_msgs__rosidl_typesupport_introspection_c.dir/rosidl_typesupport_introspection_c/duckietown_msgs/msg/detail/led_detection_array__type_support.c.o[0m
[ 29%] [32mBuilding C object CMakeFiles/duckietown_msgs__rosidl_typesupport_introspection_c.dir/rosidl_typesupport_introspection_c/duckietown_msgs/msg/detail/led_detection_debug_info__type_support.c.o[0m
[ 29%] [32mBuilding C object CMakeFiles/duckietown_msgs__rosidl_typesupport_introspection_c.dir/rosidl_typesupport_introspection_c/duckietown_msgs/msg/detail/wheels_cmd__type_support.c.o[0m
[ 30%] [32mBuilding C object CMakeFiles/duckietown_msgs__rosidl_typesupport_introspection_c.dir/rosidl_typesupport_introspection_c/duckietown_msgs/msg/detail/wheels_cmd_stamped__type_support.c.o[0m
[ 30%] [32mBuilding C object CMakeFiles/duckietown_msgs__rosidl_typesupport_introspection_c.dir/rosidl_typesupport_introspection_c/duckietown_msgs/msg/detail/pose2_d_stamped__type_support.c.o[0m
[ 30%] [32mBuilding C object CMakeFiles/duckietown_msgs__rosidl_typesupport_introspection_c.dir/rosidl_typesupport_introspection_c/duckietown_msgs/msg/detail/signals_detection__type_support.c.o[0m
[ 30%] [32mBuilding C object CMakeFiles/duckietown_msgs__rosidl_typesupport_introspection_c.dir/rosidl_typesupport_introspection_c/duckietown_msgs/msg/detail/signals_detection_ethz17__type_support.c.o[0m
[ 30%] [32mBuilding C object CMakeFiles/duckietown_msgs__rosidl_typesupport_introspection_c.dir/rosidl_typesupport_introspection_c/duckietown_msgs/msg/detail/twist2_d_stamped__type_support.c.o[0m
[ 31%] [32mBuilding C object CMakeFiles/duckietown_msgs__rosidl_typesupport_introspection_c.dir/rosidl_typesupport_introspection_c/duckietown_msgs/msg/detail/twist2_d_stamped_ethz17__type_support.c.o[0m
[ 31%] [32mBuilding C object CMakeFiles/duckietown_msgs__rosidl_typesupport_introspection_c.dir/rosidl_typesupport_introspection_c/duckietown_msgs/msg/detail/april_tag_detection__type_support.c.o[0m
[ 31%] [32mBuilding C object CMakeFiles/duckietown_msgs__rosidl_typesupport_introspection_c.dir/rosidl_typesupport_introspection_c/duckietown_msgs/msg/detail/april_tag_detection_array__type_support.c.o[0m
[ 31%] [32mBuilding C object CMakeFiles/duckietown_msgs__rosidl_typesupport_introspection_c.dir/rosidl_typesupport_introspection_c/duckietown_msgs/msg/detail/april_tags_with_infos__type_support.c.o[0m
[ 31%] [32mBuilding C object CMakeFiles/duckietown_msgs__rosidl_typesupport_introspection_c.dir/rosidl_typesupport_introspection_c/duckietown_msgs/msg/detail/tag_info__type_support.c.o[0m
[ 32%] [32mBuilding C object CMakeFiles/duckietown_msgs__rosidl_typesupport_introspection_c.dir/rosidl_typesupport_introspection_c/duckietown_msgs/msg/detail/pixel__type_support.c.o[0m
[ 32%] [32mBuilding C object CMakeFiles/duckietown_msgs__rosidl_typesupport_introspection_c.dir/rosidl_typesupport_introspection_c/duckietown_msgs/msg/detail/vector2_d__type_support.c.o[0m
[ 32%] [32mBuilding C object CMakeFiles/duckietown_msgs__rosidl_typesupport_introspection_c.dir/rosidl_typesupport_introspection_c/duckietown_msgs/msg/detail/segment__type_support.c.o[0m
[ 32%] [32mBuilding C object CMakeFiles/duckietown_msgs__rosidl_typesupport_introspection_c.dir/rosidl_typesupport_introspection_c/duckietown_msgs/msg/detail/segment_list__type_support.c.o[0m
[ 32%] [32mBuilding C object CMakeFiles/duckietown_msgs__rosidl_typesupport_introspection_c.dir/rosidl_typesupport_introspection_c/duckietown_msgs/msg/detail/rect__type_support.c.o[0m
[ 33%] [32mBuilding C object CMakeFiles/duckietown_msgs__rosidl_typesupport_introspection_c.dir/rosidl_typesupport_introspection_c/duckietown_msgs/msg/detail/rects__type_support.c.o[0m
[ 33%] [32mBuilding C object CMakeFiles/duckietown_msgs__rosidl_typesupport_introspection_c.dir/rosidl_typesupport_introspection_c/duckietown_msgs/msg/detail/scene_segments__type_support.c.o[0m
[ 33%] [32mBuilding C object CMakeFiles/duckietown_msgs__rosidl_typesupport_introspection_c.dir/rosidl_typesupport_introspection_c/duckietown_msgs/msg/detail/source_target_nodes__type_support.c.o[0m
[ 33%] [32mBuilding C object CMakeFiles/duckietown_msgs__rosidl_typesupport_introspection_c.dir/rosidl_typesupport_introspection_c/duckietown_msgs/msg/detail/coordination_clearance__type_support.c.o[0m
[ 33%] [32mBuilding C object CMakeFiles/duckietown_msgs__rosidl_typesupport_introspection_c.dir/rosidl_typesupport_introspection_c/duckietown_msgs/msg/detail/coordination_clearance_ethz17__type_support.c.o[0m
[ 34%] [32mBuilding C object CMakeFiles/duckietown_msgs__rosidl_typesupport_introspection_c.dir/rosidl_typesupport_introspection_c/duckietown_msgs/msg/detail/vehicle_corners__type_support.c.o[0m
[ 34%] [32mBuilding C object CMakeFiles/duckietown_msgs__rosidl_typesupport_introspection_c.dir/rosidl_typesupport_introspection_c/duckietown_msgs/msg/detail/vehicle_pose__type_support.c.o[0m
[ 34%] [32mBuilding C object CMakeFiles/duckietown_msgs__rosidl_typesupport_introspection_c.dir/rosidl_typesupport_introspection_c/duckietown_msgs/msg/detail/fsm_state__type_support.c.o[0m
[ 34%] [32mBuilding C object CMakeFiles/duckietown_msgs__rosidl_typesupport_introspection_c.dir/rosidl_typesupport_introspection_c/duckietown_msgs/msg/detail/bool_stamped__type_support.c.o[0m
[ 34%] [32mBuilding C object CMakeFiles/duckietown_msgs__rosidl_typesupport_introspection_c.dir/rosidl_typesupport_introspection_c/duckietown_msgs/msg/detail/bool_stamped_ethz17__type_support.c.o[0m
[ 35%] [32mBuilding C object CMakeFiles/duckietown_msgs__rosidl_typesupport_introspection_c.dir/rosidl_typesupport_introspection_c/duckietown_msgs/msg/detail/stop_line_reading__type_support.c.o[0m
[ 35%] [32mBuilding C object CMakeFiles/duckietown_msgs__rosidl_typesupport_introspection_c.dir/rosidl_typesupport_introspection_c/duckietown_msgs/msg/detail/led_interpreter__type_support.c.o[0m
[ 35%] [32mBuilding C object CMakeFiles/duckietown_msgs__rosidl_typesupport_introspection_c.dir/rosidl_typesupport_introspection_c/duckietown_msgs/msg/detail/anti_instagram_health__type_support.c.o[0m
[ 35%] [32mBuilding C object CMakeFiles/duckietown_msgs__rosidl_typesupport_introspection_c.dir/rosidl_typesupport_introspection_c/duckietown_msgs/msg/detail/anti_instagram_transform__type_support.c.o[0m
[ 35%] [32mBuilding C object CMakeFiles/duckietown_msgs__rosidl_typesupport_introspection_c.dir/rosidl_typesupport_introspection_c/duckietown_msgs/msg/detail/anti_instagram_transform_cb__type_support.c.o[0m
[ 36%] [32mBuilding C object CMakeFiles/duckietown_msgs__rosidl_typesupport_introspection_c.dir/rosidl_typesupport_introspection_c/duckietown_msgs/msg/detail/kinematics_weights__type_support.c.o[0m
[ 36%] [32mBuilding C object CMakeFiles/duckietown_msgs__rosidl_typesupport_introspection_c.dir/rosidl_typesupport_introspection_c/duckietown_msgs/msg/detail/kinematics_parameters__type_support.c.o[0m
[ 36%] [32mBuilding C object CMakeFiles/duckietown_msgs__rosidl_typesupport_introspection_c.dir/rosidl_typesupport_introspection_c/duckietown_msgs/msg/detail/theta_dot_sample__type_support.c.o[0m
[ 36%] [32mBuilding C object CMakeFiles/duckietown_msgs__rosidl_typesupport_introspection_c.dir/rosidl_typesupport_introspection_c/duckietown_msgs/msg/detail/vsample__type_support.c.o[0m
[ 36%] [32mBuilding C object CMakeFiles/duckietown_msgs__rosidl_typesupport_introspection_c.dir/rosidl_typesupport_introspection_c/duckietown_msgs/msg/detail/trajectory__type_support.c.o[0m
[ 37%] [32mBuilding C object CMakeFiles/duckietown_msgs__rosidl_typesupport_introspection_c.dir/rosidl_typesupport_introspection_c/duckietown_msgs/msg/detail/obstacle_type__type_support.c.o[0m
[ 37%] [32mBuilding C object CMakeFiles/duckietown_msgs__rosidl_typesupport_introspection_c.dir/rosidl_typesupport_introspection_c/duckietown_msgs/msg/detail/obstacle_image_detection__type_support.c.o[0m
[ 37%] [32mBuilding C object CMakeFiles/duckietown_msgs__rosidl_typesupport_introspection_c.dir/rosidl_typesupport_introspection_c/duckietown_msgs/msg/detail/obstacle_image_detection_list__type_support.c.o[0m
[ 37%] [32mBuilding C object CMakeFiles/duckietown_msgs__rosidl_typesupport_introspection_c.dir/rosidl_typesupport_introspection_c/duckietown_msgs/msg/detail/obstacle_projected_detection__type_support.c.o[0m
[ 37%] [32mBuilding C object CMakeFiles/duckietown_msgs__rosidl_typesupport_introspection_c.dir/rosidl_typesupport_introspection_c/duckietown_msgs/msg/detail/obstacle_projected_detection_list__type_support.c.o[0m
[ 38%] [32mBuilding C object CMakeFiles/duckietown_msgs__rosidl_typesupport_introspection_c.dir/rosidl_typesupport_introspection_c/duckietown_msgs/msg/detail/num__type_support.c.o[0m
[ 38%] [32mBuilding C object CMakeFiles/duckietown_msgs__rosidl_typesupport_introspection_c.dir/rosidl_typesupport_introspection_c/duckietown_msgs/srv/detail/set_fsm_state__type_support.c.o[0m
[ 38%] [32mBuilding C object CMakeFiles/duckietown_msgs__rosidl_typesupport_introspection_c.dir/rosidl_typesupport_introspection_c/duckietown_msgs/srv/detail/set_value__type_support.c.o[0m
[ 38%] [32mBuilding C object CMakeFiles/duckietown_msgs__rosidl_typesupport_introspection_c.dir/rosidl_typesupport_introspection_c/duckietown_msgs/srv/detail/set_variable__type_support.c.o[0m
[ 38%] [32mBuilding C object CMakeFiles/duckietown_msgs__rosidl_typesupport_introspection_c.dir/rosidl_typesupport_introspection_c/duckietown_msgs/srv/detail/get_variable__type_support.c.o[0m
[ 39%] [32m[1mLinking C shared library libduckietown_msgs__rosidl_typesupport_introspection_c.so[0m
[ 39%] Built target duckietown_msgs__rosidl_typesupport_introspection_c
[ 40%] [34m[1mGenerating C type support dispatch for ROS interfaces[0m
[ 40%] [32mBuilding CXX object CMakeFiles/duckietown_msgs__rosidl_typesupport_c.dir/rosidl_typesupport_c/duckietown_msgs/msg/car_control__type_support.cpp.o[0m
[ 40%] [32mBuilding CXX object CMakeFiles/duckietown_msgs__rosidl_typesupport_c.dir/rosidl_typesupport_c/duckietown_msgs/msg/coordination_signal__type_support.cpp.o[0m
[ 40%] [32mBuilding CXX object CMakeFiles/duckietown_msgs__rosidl_typesupport_c.dir/rosidl_typesupport_c/duckietown_msgs/msg/coordination_signal_ethz17__type_support.cpp.o[0m
[ 40%] [32mBuilding CXX object CMakeFiles/duckietown_msgs__rosidl_typesupport_c.dir/rosidl_typesupport_c/duckietown_msgs/msg/duckie_sensor__type_support.cpp.o[0m
[ 41%] [32mBuilding CXX object CMakeFiles/duckietown_msgs__rosidl_typesupport_c.dir/rosidl_typesupport_c/duckietown_msgs/msg/lane_pose__type_support.cpp.o[0m
[ 41%] [32mBuilding CXX object CMakeFiles/duckietown_msgs__rosidl_typesupport_c.dir/rosidl_typesupport_c/duckietown_msgs/msg/intersection_pose__type_support.cpp.o[0m
[ 41%] [32mBuilding CXX object CMakeFiles/duckietown_msgs__rosidl_typesupport_c.dir/rosidl_typesupport_c/duckietown_msgs/msg/intersection_pose_img__type_support.cpp.o[0m
[ 41%] [32mBuilding CXX object CMakeFiles/duckietown_msgs__rosidl_typesupport_c.dir/rosidl_typesupport_c/duckietown_msgs/msg/intersection_pose_img_debug__type_support.cpp.o[0m
[ 41%] [32mBuilding CXX object CMakeFiles/duckietown_msgs__rosidl_typesupport_c.dir/rosidl_typesupport_c/duckietown_msgs/msg/turn_i_dand_type__type_support.cpp.o[0m
[ 42%] [32mBuilding CXX object CMakeFiles/duckietown_msgs__rosidl_typesupport_c.dir/rosidl_typesupport_c/duckietown_msgs/msg/led_detection__type_support.cpp.o[0m
[ 42%] [32mBuilding CXX object CMakeFiles/duckietown_msgs__rosidl_typesupport_c.dir/rosidl_typesupport_c/duckietown_msgs/msg/maintenance_state__type_support.cpp.o[0m
[ 42%] [32mBuilding CXX object CMakeFiles/duckietown_msgs__rosidl_typesupport_c.dir/rosidl_typesupport_c/duckietown_msgs/msg/led_detection_array__type_support.cpp.o[0m
[ 42%] [32mBuilding CXX object CMakeFiles/duckietown_msgs__rosidl_typesupport_c.dir/rosidl_typesupport_c/duckietown_msgs/msg/led_detection_debug_info__type_support.cpp.o[0m
[ 42%] [32mBuilding CXX object CMakeFiles/duckietown_msgs__rosidl_typesupport_c.dir/rosidl_typesupport_c/duckietown_msgs/msg/wheels_cmd__type_support.cpp.o[0m
[ 43%] [32mBuilding CXX object CMakeFiles/duckietown_msgs__rosidl_typesupport_c.dir/rosidl_typesupport_c/duckietown_msgs/msg/wheels_cmd_stamped__type_support.cpp.o[0m
[ 43%] [32mBuilding CXX object CMakeFiles/duckietown_msgs__rosidl_typesupport_c.dir/rosidl_typesupport_c/duckietown_msgs/msg/pose2_d_stamped__type_support.cpp.o[0m
[ 43%] [32mBuilding CXX object CMakeFiles/duckietown_msgs__rosidl_typesupport_c.dir/rosidl_typesupport_c/duckietown_msgs/msg/signals_detection__type_support.cpp.o[0m
[ 43%] [32mBuilding CXX object CMakeFiles/duckietown_msgs__rosidl_typesupport_c.dir/rosidl_typesupport_c/duckietown_msgs/msg/signals_detection_ethz17__type_support.cpp.o[0m
[ 43%] [32mBuilding CXX object CMakeFiles/duckietown_msgs__rosidl_typesupport_c.dir/rosidl_typesupport_c/duckietown_msgs/msg/twist2_d_stamped__type_support.cpp.o[0m
[ 44%] [32mBuilding CXX object CMakeFiles/duckietown_msgs__rosidl_typesupport_c.dir/rosidl_typesupport_c/duckietown_msgs/msg/twist2_d_stamped_ethz17__type_support.cpp.o[0m
[ 44%] [32mBuilding CXX object CMakeFiles/duckietown_msgs__rosidl_typesupport_c.dir/rosidl_typesupport_c/duckietown_msgs/msg/april_tag_detection__type_support.cpp.o[0m
[ 44%] [32mBuilding CXX object CMakeFiles/duckietown_msgs__rosidl_typesupport_c.dir/rosidl_typesupport_c/duckietown_msgs/msg/april_tag_detection_array__type_support.cpp.o[0m
[ 44%] [32mBuilding CXX object CMakeFiles/duckietown_msgs__rosidl_typesupport_c.dir/rosidl_typesupport_c/duckietown_msgs/msg/april_tags_with_infos__type_support.cpp.o[0m
[ 44%] [32mBuilding CXX object CMakeFiles/duckietown_msgs__rosidl_typesupport_c.dir/rosidl_typesupport_c/duckietown_msgs/msg/tag_info__type_support.cpp.o[0m
[ 45%] [32mBuilding CXX object CMakeFiles/duckietown_msgs__rosidl_typesupport_c.dir/rosidl_typesupport_c/duckietown_msgs/msg/pixel__type_support.cpp.o[0m
[ 45%] [32mBuilding CXX object CMakeFiles/duckietown_msgs__rosidl_typesupport_c.dir/rosidl_typesupport_c/duckietown_msgs/msg/vector2_d__type_support.cpp.o[0m
[ 45%] [32mBuilding CXX object CMakeFiles/duckietown_msgs__rosidl_typesupport_c.dir/rosidl_typesupport_c/duckietown_msgs/msg/segment__type_support.cpp.o[0m
[ 45%] [32mBuilding CXX object CMakeFiles/duckietown_msgs__rosidl_typesupport_c.dir/rosidl_typesupport_c/duckietown_msgs/msg/segment_list__type_support.cpp.o[0m
[ 45%] [32mBuilding CXX object CMakeFiles/duckietown_msgs__rosidl_typesupport_c.dir/rosidl_typesupport_c/duckietown_msgs/msg/rect__type_support.cpp.o[0m
[ 46%] [32mBuilding CXX object CMakeFiles/duckietown_msgs__rosidl_typesupport_c.dir/rosidl_typesupport_c/duckietown_msgs/msg/rects__type_support.cpp.o[0m
[ 46%] [32mBuilding CXX object CMakeFiles/duckietown_msgs__rosidl_typesupport_c.dir/rosidl_typesupport_c/duckietown_msgs/msg/scene_segments__type_support.cpp.o[0m
[ 46%] [32mBuilding CXX object CMakeFiles/duckietown_msgs__rosidl_typesupport_c.dir/rosidl_typesupport_c/duckietown_msgs/msg/source_target_nodes__type_support.cpp.o[0m
[ 46%] [32mBuilding CXX object CMakeFiles/duckietown_msgs__rosidl_typesupport_c.dir/rosidl_typesupport_c/duckietown_msgs/msg/coordination_clearance__type_support.cpp.o[0m
[ 46%] [32mBuilding CXX object CMakeFiles/duckietown_msgs__rosidl_typesupport_c.dir/rosidl_typesupport_c/duckietown_msgs/msg/coordination_clearance_ethz17__type_support.cpp.o[0m
[ 47%] [32mBuilding CXX object CMakeFiles/duckietown_msgs__rosidl_typesupport_c.dir/rosidl_typesupport_c/duckietown_msgs/msg/vehicle_corners__type_support.cpp.o[0m
[ 47%] [32mBuilding CXX object CMakeFiles/duckietown_msgs__rosidl_typesupport_c.dir/rosidl_typesupport_c/duckietown_msgs/msg/vehicle_pose__type_support.cpp.o[0m
[ 47%] [32mBuilding CXX object CMakeFiles/duckietown_msgs__rosidl_typesupport_c.dir/rosidl_typesupport_c/duckietown_msgs/msg/fsm_state__type_support.cpp.o[0m
[ 47%] [32mBuilding CXX object CMakeFiles/duckietown_msgs__rosidl_typesupport_c.dir/rosidl_typesupport_c/duckietown_msgs/msg/bool_stamped__type_support.cpp.o[0m
[ 47%] [32mBuilding CXX object CMakeFiles/duckietown_msgs__rosidl_typesupport_c.dir/rosidl_typesupport_c/duckietown_msgs/msg/bool_stamped_ethz17__type_support.cpp.o[0m
[ 48%] [32mBuilding CXX object CMakeFiles/duckietown_msgs__rosidl_typesupport_c.dir/rosidl_typesupport_c/duckietown_msgs/msg/stop_line_reading__type_support.cpp.o[0m
[ 48%] [32mBuilding CXX object CMakeFiles/duckietown_msgs__rosidl_typesupport_c.dir/rosidl_typesupport_c/duckietown_msgs/msg/led_interpreter__type_support.cpp.o[0m
[ 48%] [32mBuilding CXX object CMakeFiles/duckietown_msgs__rosidl_typesupport_c.dir/rosidl_typesupport_c/duckietown_msgs/msg/anti_instagram_health__type_support.cpp.o[0m
[ 48%] [32mBuilding CXX object CMakeFiles/duckietown_msgs__rosidl_typesupport_c.dir/rosidl_typesupport_c/duckietown_msgs/msg/anti_instagram_transform__type_support.cpp.o[0m
[ 48%] [32mBuilding CXX object CMakeFiles/duckietown_msgs__rosidl_typesupport_c.dir/rosidl_typesupport_c/duckietown_msgs/msg/anti_instagram_transform_cb__type_support.cpp.o[0m
[ 49%] [32mBuilding CXX object CMakeFiles/duckietown_msgs__rosidl_typesupport_c.dir/rosidl_typesupport_c/duckietown_msgs/msg/kinematics_weights__type_support.cpp.o[0m
[ 49%] [32mBuilding CXX object CMakeFiles/duckietown_msgs__rosidl_typesupport_c.dir/rosidl_typesupport_c/duckietown_msgs/msg/kinematics_parameters__type_support.cpp.o[0m
[ 49%] [32mBuilding CXX object CMakeFiles/duckietown_msgs__rosidl_typesupport_c.dir/rosidl_typesupport_c/duckietown_msgs/msg/theta_dot_sample__type_support.cpp.o[0m
[ 49%] [32mBuilding CXX object CMakeFiles/duckietown_msgs__rosidl_typesupport_c.dir/rosidl_typesupport_c/duckietown_msgs/msg/vsample__type_support.cpp.o[0m
[ 49%] [32mBuilding CXX object CMakeFiles/duckietown_msgs__rosidl_typesupport_c.dir/rosidl_typesupport_c/duckietown_msgs/msg/trajectory__type_support.cpp.o[0m
[ 50%] [32mBuilding CXX object CMakeFiles/duckietown_msgs__rosidl_typesupport_c.dir/rosidl_typesupport_c/duckietown_msgs/msg/obstacle_type__type_support.cpp.o[0m
[ 50%] [32mBuilding CXX object CMakeFiles/duckietown_msgs__rosidl_typesupport_c.dir/rosidl_typesupport_c/duckietown_msgs/msg/obstacle_image_detection__type_support.cpp.o[0m
[ 50%] [32mBuilding CXX object CMakeFiles/duckietown_msgs__rosidl_typesupport_c.dir/rosidl_typesupport_c/duckietown_msgs/msg/obstacle_image_detection_list__type_support.cpp.o[0m
[ 50%] [32mBuilding CXX object CMakeFiles/duckietown_msgs__rosidl_typesupport_c.dir/rosidl_typesupport_c/duckietown_msgs/msg/obstacle_projected_detection__type_support.cpp.o[0m
[ 50%] [32mBuilding CXX object CMakeFiles/duckietown_msgs__rosidl_typesupport_c.dir/rosidl_typesupport_c/duckietown_msgs/msg/obstacle_projected_detection_list__type_support.cpp.o[0m
[ 51%] [32mBuilding CXX object CMakeFiles/duckietown_msgs__rosidl_typesupport_c.dir/rosidl_typesupport_c/duckietown_msgs/msg/num__type_support.cpp.o[0m
[ 51%] [32mBuilding CXX object CMakeFiles/duckietown_msgs__rosidl_typesupport_c.dir/rosidl_typesupport_c/duckietown_msgs/srv/set_fsm_state__type_support.cpp.o[0m
[ 51%] [32mBuilding CXX object CMakeFiles/duckietown_msgs__rosidl_typesupport_c.dir/rosidl_typesupport_c/duckietown_msgs/srv/set_value__type_support.cpp.o[0m
[ 51%] [32mBuilding CXX object CMakeFiles/duckietown_msgs__rosidl_typesupport_c.dir/rosidl_typesupport_c/duckietown_msgs/srv/set_variable__type_support.cpp.o[0m
[ 51%] [32mBuilding CXX object CMakeFiles/duckietown_msgs__rosidl_typesupport_c.dir/rosidl_typesupport_c/duckietown_msgs/srv/get_variable__type_support.cpp.o[0m
[ 52%] [32m[1mLinking CXX shared library libduckietown_msgs__rosidl_typesupport_c.so[0m
[ 52%] Built target duckietown_msgs__rosidl_typesupport_c
[ 52%] [34m[1mGenerating C++ code for ROS interfaces[0m
[ 52%] Built target duckietown_msgs__cpp
[ 52%] [34m[1mGenerating C++ type support for eProsima Fast-RTPS[0m
[ 52%] [32mBuilding CXX object CMakeFiles/duckietown_msgs__rosidl_typesupport_fastrtps_cpp.dir/rosidl_typesupport_fastrtps_cpp/duckietown_msgs/msg/detail/dds_fastrtps/car_control__type_support.cpp.o[0m
[ 53%] [32mBuilding CXX object CMakeFiles/duckietown_msgs__rosidl_typesupport_fastrtps_cpp.dir/rosidl_typesupport_fastrtps_cpp/duckietown_msgs/msg/detail/dds_fastrtps/coordination_signal__type_support.cpp.o[0m
[ 53%] [32mBuilding CXX object CMakeFiles/duckietown_msgs__rosidl_typesupport_fastrtps_cpp.dir/rosidl_typesupport_fastrtps_cpp/duckietown_msgs/msg/detail/dds_fastrtps/coordination_signal_ethz17__type_support.cpp.o[0m
[ 53%] [32mBuilding CXX object CMakeFiles/duckietown_msgs__rosidl_typesupport_fastrtps_cpp.dir/rosidl_typesupport_fastrtps_cpp/duckietown_msgs/msg/detail/dds_fastrtps/duckie_sensor__type_support.cpp.o[0m
[ 53%] [32mBuilding CXX object CMakeFiles/duckietown_msgs__rosidl_typesupport_fastrtps_cpp.dir/rosidl_typesupport_fastrtps_cpp/duckietown_msgs/msg/detail/dds_fastrtps/lane_pose__type_support.cpp.o[0m
[ 53%] [32mBuilding CXX object CMakeFiles/duckietown_msgs__rosidl_typesupport_fastrtps_cpp.dir/rosidl_typesupport_fastrtps_cpp/duckietown_msgs/msg/detail/dds_fastrtps/intersection_pose__type_support.cpp.o[0m
[ 54%] [32mBuilding CXX object CMakeFiles/duckietown_msgs__rosidl_typesupport_fastrtps_cpp.dir/rosidl_typesupport_fastrtps_cpp/duckietown_msgs/msg/detail/dds_fastrtps/intersection_pose_img__type_support.cpp.o[0m
[ 54%] [32mBuilding CXX object CMakeFiles/duckietown_msgs__rosidl_typesupport_fastrtps_cpp.dir/rosidl_typesupport_fastrtps_cpp/duckietown_msgs/msg/detail/dds_fastrtps/intersection_pose_img_debug__type_support.cpp.o[0m
[ 54%] [32mBuilding CXX object CMakeFiles/duckietown_msgs__rosidl_typesupport_fastrtps_cpp.dir/rosidl_typesupport_fastrtps_cpp/duckietown_msgs/msg/detail/dds_fastrtps/turn_i_dand_type__type_support.cpp.o[0m
[ 54%] [32mBuilding CXX object CMakeFiles/duckietown_msgs__rosidl_typesupport_fastrtps_cpp.dir/rosidl_typesupport_fastrtps_cpp/duckietown_msgs/msg/detail/dds_fastrtps/led_detection__type_support.cpp.o[0m
[ 54%] [32mBuilding CXX object CMakeFiles/duckietown_msgs__rosidl_typesupport_fastrtps_cpp.dir/rosidl_typesupport_fastrtps_cpp/duckietown_msgs/msg/detail/dds_fastrtps/maintenance_state__type_support.cpp.o[0m
[ 55%] [32mBuilding CXX object CMakeFiles/duckietown_msgs__rosidl_typesupport_fastrtps_cpp.dir/rosidl_typesupport_fastrtps_cpp/duckietown_msgs/msg/detail/dds_fastrtps/led_detection_array__type_support.cpp.o[0m
[ 55%] [32mBuilding CXX object CMakeFiles/duckietown_msgs__rosidl_typesupport_fastrtps_cpp.dir/rosidl_typesupport_fastrtps_cpp/duckietown_msgs/msg/detail/dds_fastrtps/led_detection_debug_info__type_support.cpp.o[0m
[ 55%] [32mBuilding CXX object CMakeFiles/duckietown_msgs__rosidl_typesupport_fastrtps_cpp.dir/rosidl_typesupport_fastrtps_cpp/duckietown_msgs/msg/detail/dds_fastrtps/wheels_cmd__type_support.cpp.o[0m
[ 55%] [32mBuilding CXX object CMakeFiles/duckietown_msgs__rosidl_typesupport_fastrtps_cpp.dir/rosidl_typesupport_fastrtps_cpp/duckietown_msgs/msg/detail/dds_fastrtps/wheels_cmd_stamped__type_support.cpp.o[0m
[ 55%] [32mBuilding CXX object CMakeFiles/duckietown_msgs__rosidl_typesupport_fastrtps_cpp.dir/rosidl_typesupport_fastrtps_cpp/duckietown_msgs/msg/detail/dds_fastrtps/pose2_d_stamped__type_support.cpp.o[0m
[ 56%] [32mBuilding CXX object CMakeFiles/duckietown_msgs__rosidl_typesupport_fastrtps_cpp.dir/rosidl_typesupport_fastrtps_cpp/duckietown_msgs/msg/detail/dds_fastrtps/signals_detection__type_support.cpp.o[0m
[ 56%] [32mBuilding CXX object CMakeFiles/duckietown_msgs__rosidl_typesupport_fastrtps_cpp.dir/rosidl_typesupport_fastrtps_cpp/duckietown_msgs/msg/detail/dds_fastrtps/signals_detection_ethz17__type_support.cpp.o[0m
[ 56%] [32mBuilding CXX object CMakeFiles/duckietown_msgs__rosidl_typesupport_fastrtps_cpp.dir/rosidl_typesupport_fastrtps_cpp/duckietown_msgs/msg/detail/dds_fastrtps/twist2_d_stamped__type_support.cpp.o[0m
[ 56%] [32mBuilding CXX object CMakeFiles/duckietown_msgs__rosidl_typesupport_fastrtps_cpp.dir/rosidl_typesupport_fastrtps_cpp/duckietown_msgs/msg/detail/dds_fastrtps/twist2_d_stamped_ethz17__type_support.cpp.o[0m
[ 56%] [32mBuilding CXX object CMakeFiles/duckietown_msgs__rosidl_typesupport_fastrtps_cpp.dir/rosidl_typesupport_fastrtps_cpp/duckietown_msgs/msg/detail/dds_fastrtps/april_tag_detection__type_support.cpp.o[0m
[ 57%] [32mBuilding CXX object CMakeFiles/duckietown_msgs__rosidl_typesupport_fastrtps_cpp.dir/rosidl_typesupport_fastrtps_cpp/duckietown_msgs/msg/detail/dds_fastrtps/april_tag_detection_array__type_support.cpp.o[0m
[ 57%] [32mBuilding CXX object CMakeFiles/duckietown_msgs__rosidl_typesupport_fastrtps_cpp.dir/rosidl_typesupport_fastrtps_cpp/duckietown_msgs/msg/detail/dds_fastrtps/april_tags_with_infos__type_support.cpp.o[0m
[ 57%] [32mBuilding CXX object CMakeFiles/duckietown_msgs__rosidl_typesupport_fastrtps_cpp.dir/rosidl_typesupport_fastrtps_cpp/duckietown_msgs/msg/detail/dds_fastrtps/tag_info__type_support.cpp.o[0m
[ 57%] [32mBuilding CXX object CMakeFiles/duckietown_msgs__rosidl_typesupport_fastrtps_cpp.dir/rosidl_typesupport_fastrtps_cpp/duckietown_msgs/msg/detail/dds_fastrtps/pixel__type_support.cpp.o[0m
[ 57%] [32mBuilding CXX object CMakeFiles/duckietown_msgs__rosidl_typesupport_fastrtps_cpp.dir/rosidl_typesupport_fastrtps_cpp/duckietown_msgs/msg/detail/dds_fastrtps/vector2_d__type_support.cpp.o[0m
[ 58%] [32mBuilding CXX object CMakeFiles/duckietown_msgs__rosidl_typesupport_fastrtps_cpp.dir/rosidl_typesupport_fastrtps_cpp/duckietown_msgs/msg/detail/dds_fastrtps/segment__type_support.cpp.o[0m
[ 58%] [32mBuilding CXX object CMakeFiles/duckietown_msgs__rosidl_typesupport_fastrtps_cpp.dir/rosidl_typesupport_fastrtps_cpp/duckietown_msgs/msg/detail/dds_fastrtps/segment_list__type_support.cpp.o[0m
[ 58%] [32mBuilding CXX object CMakeFiles/duckietown_msgs__rosidl_typesupport_fastrtps_cpp.dir/rosidl_typesupport_fastrtps_cpp/duckietown_msgs/msg/detail/dds_fastrtps/rect__type_support.cpp.o[0m
[ 58%] [32mBuilding CXX object CMakeFiles/duckietown_msgs__rosidl_typesupport_fastrtps_cpp.dir/rosidl_typesupport_fastrtps_cpp/duckietown_msgs/msg/detail/dds_fastrtps/rects__type_support.cpp.o[0m
[ 58%] [32mBuilding CXX object CMakeFiles/duckietown_msgs__rosidl_typesupport_fastrtps_cpp.dir/rosidl_typesupport_fastrtps_cpp/duckietown_msgs/msg/detail/dds_fastrtps/scene_segments__type_support.cpp.o[0m
[ 59%] [32mBuilding CXX object CMakeFiles/duckietown_msgs__rosidl_typesupport_fastrtps_cpp.dir/rosidl_typesupport_fastrtps_cpp/duckietown_msgs/msg/detail/dds_fastrtps/source_target_nodes__type_support.cpp.o[0m
[ 59%] [32mBuilding CXX object CMakeFiles/duckietown_msgs__rosidl_typesupport_fastrtps_cpp.dir/rosidl_typesupport_fastrtps_cpp/duckietown_msgs/msg/detail/dds_fastrtps/coordination_clearance__type_support.cpp.o[0m
[ 59%] [32mBuilding CXX object CMakeFiles/duckietown_msgs__rosidl_typesupport_fastrtps_cpp.dir/rosidl_typesupport_fastrtps_cpp/duckietown_msgs/msg/detail/dds_fastrtps/coordination_clearance_ethz17__type_support.cpp.o[0m
[ 59%] [32mBuilding CXX object CMakeFiles/duckietown_msgs__rosidl_typesupport_fastrtps_cpp.dir/rosidl_typesupport_fastrtps_cpp/duckietown_msgs/msg/detail/dds_fastrtps/vehicle_corners__type_support.cpp.o[0m
[ 59%] [32mBuilding CXX object CMakeFiles/duckietown_msgs__rosidl_typesupport_fastrtps_cpp.dir/rosidl_typesupport_fastrtps_cpp/duckietown_msgs/msg/detail/dds_fastrtps/vehicle_pose__type_support.cpp.o[0m
[ 60%] [32mBuilding CXX object CMakeFiles/duckietown_msgs__rosidl_typesupport_fastrtps_cpp.dir/rosidl_typesupport_fastrtps_cpp/duckietown_msgs/msg/detail/dds_fastrtps/fsm_state__type_support.cpp.o[0m
[ 60%] [32mBuilding CXX object CMakeFiles/duckietown_msgs__rosidl_typesupport_fastrtps_cpp.dir/rosidl_typesupport_fastrtps_cpp/duckietown_msgs/msg/detail/dds_fastrtps/bool_stamped__type_support.cpp.o[0m
[ 60%] [32mBuilding CXX object CMakeFiles/duckietown_msgs__rosidl_typesupport_fastrtps_cpp.dir/rosidl_typesupport_fastrtps_cpp/duckietown_msgs/msg/detail/dds_fastrtps/bool_stamped_ethz17__type_support.cpp.o[0m
[ 60%] [32mBuilding CXX object CMakeFiles/duckietown_msgs__rosidl_typesupport_fastrtps_cpp.dir/rosidl_typesupport_fastrtps_cpp/duckietown_msgs/msg/detail/dds_fastrtps/stop_line_reading__type_support.cpp.o[0m
[ 60%] [32mBuilding CXX object CMakeFiles/duckietown_msgs__rosidl_typesupport_fastrtps_cpp.dir/rosidl_typesupport_fastrtps_cpp/duckietown_msgs/msg/detail/dds_fastrtps/led_interpreter__type_support.cpp.o[0m
[ 61%] [32mBuilding CXX object CMakeFiles/duckietown_msgs__rosidl_typesupport_fastrtps_cpp.dir/rosidl_typesupport_fastrtps_cpp/duckietown_msgs/msg/detail/dds_fastrtps/anti_instagram_health__type_support.cpp.o[0m
[ 61%] [32mBuilding CXX object CMakeFiles/duckietown_msgs__rosidl_typesupport_fastrtps_cpp.dir/rosidl_typesupport_fastrtps_cpp/duckietown_msgs/msg/detail/dds_fastrtps/anti_instagram_transform__type_support.cpp.o[0m
[ 61%] [32mBuilding CXX object CMakeFiles/duckietown_msgs__rosidl_typesupport_fastrtps_cpp.dir/rosidl_typesupport_fastrtps_cpp/duckietown_msgs/msg/detail/dds_fastrtps/anti_instagram_transform_cb__type_support.cpp.o[0m
[ 61%] [32mBuilding CXX object CMakeFiles/duckietown_msgs__rosidl_typesupport_fastrtps_cpp.dir/rosidl_typesupport_fastrtps_cpp/duckietown_msgs/msg/detail/dds_fastrtps/kinematics_weights__type_support.cpp.o[0m
[ 61%] [32mBuilding CXX object CMakeFiles/duckietown_msgs__rosidl_typesupport_fastrtps_cpp.dir/rosidl_typesupport_fastrtps_cpp/duckietown_msgs/msg/detail/dds_fastrtps/kinematics_parameters__type_support.cpp.o[0m
[ 62%] [32mBuilding CXX object CMakeFiles/duckietown_msgs__rosidl_typesupport_fastrtps_cpp.dir/rosidl_typesupport_fastrtps_cpp/duckietown_msgs/msg/detail/dds_fastrtps/theta_dot_sample__type_support.cpp.o[0m
[ 62%] [32mBuilding CXX object CMakeFiles/duckietown_msgs__rosidl_typesupport_fastrtps_cpp.dir/rosidl_typesupport_fastrtps_cpp/duckietown_msgs/msg/detail/dds_fastrtps/vsample__type_support.cpp.o[0m
[ 62%] [32mBuilding CXX object CMakeFiles/duckietown_msgs__rosidl_typesupport_fastrtps_cpp.dir/rosidl_typesupport_fastrtps_cpp/duckietown_msgs/msg/detail/dds_fastrtps/trajectory__type_support.cpp.o[0m
[ 62%] [32mBuilding CXX object CMakeFiles/duckietown_msgs__rosidl_typesupport_fastrtps_cpp.dir/rosidl_typesupport_fastrtps_cpp/duckietown_msgs/msg/detail/dds_fastrtps/obstacle_type__type_support.cpp.o[0m
[ 62%] [32mBuilding CXX object CMakeFiles/duckietown_msgs__rosidl_typesupport_fastrtps_cpp.dir/rosidl_typesupport_fastrtps_cpp/duckietown_msgs/msg/detail/dds_fastrtps/obstacle_image_detection__type_support.cpp.o[0m
[ 63%] [32mBuilding CXX object CMakeFiles/duckietown_msgs__rosidl_typesupport_fastrtps_cpp.dir/rosidl_typesupport_fastrtps_cpp/duckietown_msgs/msg/detail/dds_fastrtps/obstacle_image_detection_list__type_support.cpp.o[0m
[ 63%] [32mBuilding CXX object CMakeFiles/duckietown_msgs__rosidl_typesupport_fastrtps_cpp.dir/rosidl_typesupport_fastrtps_cpp/duckietown_msgs/msg/detail/dds_fastrtps/obstacle_projected_detection__type_support.cpp.o[0m
[ 63%] [32mBuilding CXX object CMakeFiles/duckietown_msgs__rosidl_typesupport_fastrtps_cpp.dir/rosidl_typesupport_fastrtps_cpp/duckietown_msgs/msg/detail/dds_fastrtps/obstacle_projected_detection_list__type_support.cpp.o[0m
[ 63%] [32mBuilding CXX object CMakeFiles/duckietown_msgs__rosidl_typesupport_fastrtps_cpp.dir/rosidl_typesupport_fastrtps_cpp/duckietown_msgs/msg/detail/dds_fastrtps/num__type_support.cpp.o[0m
[ 63%] [32mBuilding CXX object CMakeFiles/duckietown_msgs__rosidl_typesupport_fastrtps_cpp.dir/rosidl_typesupport_fastrtps_cpp/duckietown_msgs/srv/detail/dds_fastrtps/set_fsm_state__type_support.cpp.o[0m
[ 64%] [32mBuilding CXX object CMakeFiles/duckietown_msgs__rosidl_typesupport_fastrtps_cpp.dir/rosidl_typesupport_fastrtps_cpp/duckietown_msgs/srv/detail/dds_fastrtps/set_value__type_support.cpp.o[0m
[ 64%] [32mBuilding CXX object CMakeFiles/duckietown_msgs__rosidl_typesupport_fastrtps_cpp.dir/rosidl_typesupport_fastrtps_cpp/duckietown_msgs/srv/detail/dds_fastrtps/set_variable__type_support.cpp.o[0m
[ 64%] [32mBuilding CXX object CMakeFiles/duckietown_msgs__rosidl_typesupport_fastrtps_cpp.dir/rosidl_typesupport_fastrtps_cpp/duckietown_msgs/srv/detail/dds_fastrtps/get_variable__type_support.cpp.o[0m
[ 64%] [32m[1mLinking CXX shared library libduckietown_msgs__rosidl_typesupport_fastrtps_cpp.so[0m
[ 64%] Built target duckietown_msgs__rosidl_typesupport_fastrtps_cpp
[ 64%] [34m[1mGenerating C++ introspection for ROS interfaces[0m
[ 64%] [32mBuilding CXX object CMakeFiles/duckietown_msgs__rosidl_typesupport_introspection_cpp.dir/rosidl_typesupport_introspection_cpp/duckietown_msgs/msg/detail/car_control__type_support.cpp.o[0m
[ 65%] [32mBuilding CXX object CMakeFiles/duckietown_msgs__rosidl_typesupport_introspection_cpp.dir/rosidl_typesupport_introspection_cpp/duckietown_msgs/msg/detail/coordination_signal__type_support.cpp.o[0m
[ 65%] [32mBuilding CXX object CMakeFiles/duckietown_msgs__rosidl_typesupport_introspection_cpp.dir/rosidl_typesupport_introspection_cpp/duckietown_msgs/msg/detail/coordination_signal_ethz17__type_support.cpp.o[0m
[ 65%] [32mBuilding CXX object CMakeFiles/duckietown_msgs__rosidl_typesupport_introspection_cpp.dir/rosidl_typesupport_introspection_cpp/duckietown_msgs/msg/detail/duckie_sensor__type_support.cpp.o[0m
[ 65%] [32mBuilding CXX object CMakeFiles/duckietown_msgs__rosidl_typesupport_introspection_cpp.dir/rosidl_typesupport_introspection_cpp/duckietown_msgs/msg/detail/lane_pose__type_support.cpp.o[0m
[ 65%] [32mBuilding CXX object CMakeFiles/duckietown_msgs__rosidl_typesupport_introspection_cpp.dir/rosidl_typesupport_introspection_cpp/duckietown_msgs/msg/detail/intersection_pose__type_support.cpp.o[0m
[ 66%] [32mBuilding CXX object CMakeFiles/duckietown_msgs__rosidl_typesupport_introspection_cpp.dir/rosidl_typesupport_introspection_cpp/duckietown_msgs/msg/detail/intersection_pose_img__type_support.cpp.o[0m
[ 66%] [32mBuilding CXX object CMakeFiles/duckietown_msgs__rosidl_typesupport_introspection_cpp.dir/rosidl_typesupport_introspection_cpp/duckietown_msgs/msg/detail/intersection_pose_img_debug__type_support.cpp.o[0m
[ 66%] [32mBuilding CXX object CMakeFiles/duckietown_msgs__rosidl_typesupport_introspection_cpp.dir/rosidl_typesupport_introspection_cpp/duckietown_msgs/msg/detail/turn_i_dand_type__type_support.cpp.o[0m
[ 66%] [32mBuilding CXX object CMakeFiles/duckietown_msgs__rosidl_typesupport_introspection_cpp.dir/rosidl_typesupport_introspection_cpp/duckietown_msgs/msg/detail/led_detection__type_support.cpp.o[0m
[ 66%] [32mBuilding CXX object CMakeFiles/duckietown_msgs__rosidl_typesupport_introspection_cpp.dir/rosidl_typesupport_introspection_cpp/duckietown_msgs/msg/detail/maintenance_state__type_support.cpp.o[0m
[ 67%] [32mBuilding CXX object CMakeFiles/duckietown_msgs__rosidl_typesupport_introspection_cpp.dir/rosidl_typesupport_introspection_cpp/duckietown_msgs/msg/detail/led_detection_array__type_support.cpp.o[0m
[ 67%] [32mBuilding CXX object CMakeFiles/duckietown_msgs__rosidl_typesupport_introspection_cpp.dir/rosidl_typesupport_introspection_cpp/duckietown_msgs/msg/detail/led_detection_debug_info__type_support.cpp.o[0m
[ 67%] [32mBuilding CXX object CMakeFiles/duckietown_msgs__rosidl_typesupport_introspection_cpp.dir/rosidl_typesupport_introspection_cpp/duckietown_msgs/msg/detail/wheels_cmd__type_support.cpp.o[0m
[ 67%] [32mBuilding CXX object CMakeFiles/duckietown_msgs__rosidl_typesupport_introspection_cpp.dir/rosidl_typesupport_introspection_cpp/duckietown_msgs/msg/detail/wheels_cmd_stamped__type_support.cpp.o[0m
[ 67%] [32mBuilding CXX object CMakeFiles/duckietown_msgs__rosidl_typesupport_introspection_cpp.dir/rosidl_typesupport_introspection_cpp/duckietown_msgs/msg/detail/pose2_d_stamped__type_support.cpp.o[0m
[ 68%] [32mBuilding CXX object CMakeFiles/duckietown_msgs__rosidl_typesupport_introspection_cpp.dir/rosidl_typesupport_introspection_cpp/duckietown_msgs/msg/detail/signals_detection__type_support.cpp.o[0m
[ 68%] [32mBuilding CXX object CMakeFiles/duckietown_msgs__rosidl_typesupport_introspection_cpp.dir/rosidl_typesupport_introspection_cpp/duckietown_msgs/msg/detail/signals_detection_ethz17__type_support.cpp.o[0m
[ 68%] [32mBuilding CXX object CMakeFiles/duckietown_msgs__rosidl_typesupport_introspection_cpp.dir/rosidl_typesupport_introspection_cpp/duckietown_msgs/msg/detail/twist2_d_stamped__type_support.cpp.o[0m
[ 68%] [32mBuilding CXX object CMakeFiles/duckietown_msgs__rosidl_typesupport_introspection_cpp.dir/rosidl_typesupport_introspection_cpp/duckietown_msgs/msg/detail/twist2_d_stamped_ethz17__type_support.cpp.o[0m
[ 68%] [32mBuilding CXX object CMakeFiles/duckietown_msgs__rosidl_typesupport_introspection_cpp.dir/rosidl_typesupport_introspection_cpp/duckietown_msgs/msg/detail/april_tag_detection__type_support.cpp.o[0m
[ 69%] [32mBuilding CXX object CMakeFiles/duckietown_msgs__rosidl_typesupport_introspection_cpp.dir/rosidl_typesupport_introspection_cpp/duckietown_msgs/msg/detail/april_tag_detection_array__type_support.cpp.o[0m
[ 69%] [32mBuilding CXX object CMakeFiles/duckietown_msgs__rosidl_typesupport_introspection_cpp.dir/rosidl_typesupport_introspection_cpp/duckietown_msgs/msg/detail/april_tags_with_infos__type_support.cpp.o[0m
[ 69%] [32mBuilding CXX object CMakeFiles/duckietown_msgs__rosidl_typesupport_introspection_cpp.dir/rosidl_typesupport_introspection_cpp/duckietown_msgs/msg/detail/tag_info__type_support.cpp.o[0m
[ 69%] [32mBuilding CXX object CMakeFiles/duckietown_msgs__rosidl_typesupport_introspection_cpp.dir/rosidl_typesupport_introspection_cpp/duckietown_msgs/msg/detail/pixel__type_support.cpp.o[0m
[ 69%] [32mBuilding CXX object CMakeFiles/duckietown_msgs__rosidl_typesupport_introspection_cpp.dir/rosidl_typesupport_introspection_cpp/duckietown_msgs/msg/detail/vector2_d__type_support.cpp.o[0m
[ 70%] [32mBuilding CXX object CMakeFiles/duckietown_msgs__rosidl_typesupport_introspection_cpp.dir/rosidl_typesupport_introspection_cpp/duckietown_msgs/msg/detail/segment__type_support.cpp.o[0m
[ 70%] [32mBuilding CXX object CMakeFiles/duckietown_msgs__rosidl_typesupport_introspection_cpp.dir/rosidl_typesupport_introspection_cpp/duckietown_msgs/msg/detail/segment_list__type_support.cpp.o[0m
[ 70%] [32mBuilding CXX object CMakeFiles/duckietown_msgs__rosidl_typesupport_introspection_cpp.dir/rosidl_typesupport_introspection_cpp/duckietown_msgs/msg/detail/rect__type_support.cpp.o[0m
[ 70%] [32mBuilding CXX object CMakeFiles/duckietown_msgs__rosidl_typesupport_introspection_cpp.dir/rosidl_typesupport_introspection_cpp/duckietown_msgs/msg/detail/rects__type_support.cpp.o[0m
[ 70%] [32mBuilding CXX object CMakeFiles/duckietown_msgs__rosidl_typesupport_introspection_cpp.dir/rosidl_typesupport_introspection_cpp/duckietown_msgs/msg/detail/scene_segments__type_support.cpp.o[0m
[ 71%] [32mBuilding CXX object CMakeFiles/duckietown_msgs__rosidl_typesupport_introspection_cpp.dir/rosidl_typesupport_introspection_cpp/duckietown_msgs/msg/detail/source_target_nodes__type_support.cpp.o[0m
[ 71%] [32mBuilding CXX object CMakeFiles/duckietown_msgs__rosidl_typesupport_introspection_cpp.dir/rosidl_typesupport_introspection_cpp/duckietown_msgs/msg/detail/coordination_clearance__type_support.cpp.o[0m
[ 71%] [32mBuilding CXX object CMakeFiles/duckietown_msgs__rosidl_typesupport_introspection_cpp.dir/rosidl_typesupport_introspection_cpp/duckietown_msgs/msg/detail/coordination_clearance_ethz17__type_support.cpp.o[0m
[ 71%] [32mBuilding CXX object CMakeFiles/duckietown_msgs__rosidl_typesupport_introspection_cpp.dir/rosidl_typesupport_introspection_cpp/duckietown_msgs/msg/detail/vehicle_corners__type_support.cpp.o[0m
[ 71%] [32mBuilding CXX object CMakeFiles/duckietown_msgs__rosidl_typesupport_introspection_cpp.dir/rosidl_typesupport_introspection_cpp/duckietown_msgs/msg/detail/vehicle_pose__type_support.cpp.o[0m
[ 72%] [32mBuilding CXX object CMakeFiles/duckietown_msgs__rosidl_typesupport_introspection_cpp.dir/rosidl_typesupport_introspection_cpp/duckietown_msgs/msg/detail/fsm_state__type_support.cpp.o[0m
[ 72%] [32mBuilding CXX object CMakeFiles/duckietown_msgs__rosidl_typesupport_introspection_cpp.dir/rosidl_typesupport_introspection_cpp/duckietown_msgs/msg/detail/bool_stamped__type_support.cpp.o[0m
[ 72%] [32mBuilding CXX object CMakeFiles/duckietown_msgs__rosidl_typesupport_introspection_cpp.dir/rosidl_typesupport_introspection_cpp/duckietown_msgs/msg/detail/bool_stamped_ethz17__type_support.cpp.o[0m
[ 72%] [32mBuilding CXX object CMakeFiles/duckietown_msgs__rosidl_typesupport_introspection_cpp.dir/rosidl_typesupport_introspection_cpp/duckietown_msgs/msg/detail/stop_line_reading__type_support.cpp.o[0m
[ 72%] [32mBuilding CXX object CMakeFiles/duckietown_msgs__rosidl_typesupport_introspection_cpp.dir/rosidl_typesupport_introspection_cpp/duckietown_msgs/msg/detail/led_interpreter__type_support.cpp.o[0m
[ 73%] [32mBuilding CXX object CMakeFiles/duckietown_msgs__rosidl_typesupport_introspection_cpp.dir/rosidl_typesupport_introspection_cpp/duckietown_msgs/msg/detail/anti_instagram_health__type_support.cpp.o[0m
[ 73%] [32mBuilding CXX object CMakeFiles/duckietown_msgs__rosidl_typesupport_introspection_cpp.dir/rosidl_typesupport_introspection_cpp/duckietown_msgs/msg/detail/anti_instagram_transform__type_support.cpp.o[0m
[ 73%] [32mBuilding CXX object CMakeFiles/duckietown_msgs__rosidl_typesupport_introspection_cpp.dir/rosidl_typesupport_introspection_cpp/duckietown_msgs/msg/detail/anti_instagram_transform_cb__type_support.cpp.o[0m
[ 73%] [32mBuilding CXX object CMakeFiles/duckietown_msgs__rosidl_typesupport_introspection_cpp.dir/rosidl_typesupport_introspection_cpp/duckietown_msgs/msg/detail/kinematics_weights__type_support.cpp.o[0m
[ 73%] [32mBuilding CXX object CMakeFiles/duckietown_msgs__rosidl_typesupport_introspection_cpp.dir/rosidl_typesupport_introspection_cpp/duckietown_msgs/msg/detail/kinematics_parameters__type_support.cpp.o[0m
[ 74%] [32mBuilding CXX object CMakeFiles/duckietown_msgs__rosidl_typesupport_introspection_cpp.dir/rosidl_typesupport_introspection_cpp/duckietown_msgs/msg/detail/theta_dot_sample__type_support.cpp.o[0m
[ 74%] [32mBuilding CXX object CMakeFiles/duckietown_msgs__rosidl_typesupport_introspection_cpp.dir/rosidl_typesupport_introspection_cpp/duckietown_msgs/msg/detail/vsample__type_support.cpp.o[0m
[ 74%] [32mBuilding CXX object CMakeFiles/duckietown_msgs__rosidl_typesupport_introspection_cpp.dir/rosidl_typesupport_introspection_cpp/duckietown_msgs/msg/detail/trajectory__type_support.cpp.o[0m
[ 74%] [32mBuilding CXX object CMakeFiles/duckietown_msgs__rosidl_typesupport_introspection_cpp.dir/rosidl_typesupport_introspection_cpp/duckietown_msgs/msg/detail/obstacle_type__type_support.cpp.o[0m
[ 74%] [32mBuilding CXX object CMakeFiles/duckietown_msgs__rosidl_typesupport_introspection_cpp.dir/rosidl_typesupport_introspection_cpp/duckietown_msgs/msg/detail/obstacle_image_detection__type_support.cpp.o[0m
[ 75%] [32mBuilding CXX object CMakeFiles/duckietown_msgs__rosidl_typesupport_introspection_cpp.dir/rosidl_typesupport_introspection_cpp/duckietown_msgs/msg/detail/obstacle_image_detection_list__type_support.cpp.o[0m
[ 75%] [32mBuilding CXX object CMakeFiles/duckietown_msgs__rosidl_typesupport_introspection_cpp.dir/rosidl_typesupport_introspection_cpp/duckietown_msgs/msg/detail/obstacle_projected_detection__type_support.cpp.o[0m
[ 75%] [32mBuilding CXX object CMakeFiles/duckietown_msgs__rosidl_typesupport_introspection_cpp.dir/rosidl_typesupport_introspection_cpp/duckietown_msgs/msg/detail/obstacle_projected_detection_list__type_support.cpp.o[0m
[ 75%] [32mBuilding CXX object CMakeFiles/duckietown_msgs__rosidl_typesupport_introspection_cpp.dir/rosidl_typesupport_introspection_cpp/duckietown_msgs/msg/detail/num__type_support.cpp.o[0m
[ 75%] [32mBuilding CXX object CMakeFiles/duckietown_msgs__rosidl_typesupport_introspection_cpp.dir/rosidl_typesupport_introspection_cpp/duckietown_msgs/srv/detail/set_fsm_state__type_support.cpp.o[0m
[ 76%] [32mBuilding CXX object CMakeFiles/duckietown_msgs__rosidl_typesupport_introspection_cpp.dir/rosidl_typesupport_introspection_cpp/duckietown_msgs/srv/detail/set_value__type_support.cpp.o[0m
[ 76%] [32mBuilding CXX object CMakeFiles/duckietown_msgs__rosidl_typesupport_introspection_cpp.dir/rosidl_typesupport_introspection_cpp/duckietown_msgs/srv/detail/set_variable__type_support.cpp.o[0m
[ 76%] [32mBuilding CXX object CMakeFiles/duckietown_msgs__rosidl_typesupport_introspection_cpp.dir/rosidl_typesupport_introspection_cpp/duckietown_msgs/srv/detail/get_variable__type_support.cpp.o[0m
[ 76%] [32m[1mLinking CXX shared library libduckietown_msgs__rosidl_typesupport_introspection_cpp.so[0m
[ 76%] Built target duckietown_msgs__rosidl_typesupport_introspection_cpp
[ 76%] [34m[1mGenerating C++ type support dispatch for ROS interfaces[0m
[ 76%] [32mBuilding CXX object CMakeFiles/duckietown_msgs__rosidl_typesupport_cpp.dir/rosidl_typesupport_cpp/duckietown_msgs/msg/car_control__type_support.cpp.o[0m
[ 77%] [32mBuilding CXX object CMakeFiles/duckietown_msgs__rosidl_typesupport_cpp.dir/rosidl_typesupport_cpp/duckietown_msgs/msg/coordination_signal__type_support.cpp.o[0m
[ 77%] [32mBuilding CXX object CMakeFiles/duckietown_msgs__rosidl_typesupport_cpp.dir/rosidl_typesupport_cpp/duckietown_msgs/msg/coordination_signal_ethz17__type_support.cpp.o[0m
[ 77%] [32mBuilding CXX object CMakeFiles/duckietown_msgs__rosidl_typesupport_cpp.dir/rosidl_typesupport_cpp/duckietown_msgs/msg/duckie_sensor__type_support.cpp.o[0m
[ 77%] [32mBuilding CXX object CMakeFiles/duckietown_msgs__rosidl_typesupport_cpp.dir/rosidl_typesupport_cpp/duckietown_msgs/msg/lane_pose__type_support.cpp.o[0m
[ 77%] [32mBuilding CXX object CMakeFiles/duckietown_msgs__rosidl_typesupport_cpp.dir/rosidl_typesupport_cpp/duckietown_msgs/msg/intersection_pose__type_support.cpp.o[0m
[ 78%] [32mBuilding CXX object CMakeFiles/duckietown_msgs__rosidl_typesupport_cpp.dir/rosidl_typesupport_cpp/duckietown_msgs/msg/intersection_pose_img__type_support.cpp.o[0m
[ 78%] [32mBuilding CXX object CMakeFiles/duckietown_msgs__rosidl_typesupport_cpp.dir/rosidl_typesupport_cpp/duckietown_msgs/msg/intersection_pose_img_debug__type_support.cpp.o[0m
[ 78%] [32mBuilding CXX object CMakeFiles/duckietown_msgs__rosidl_typesupport_cpp.dir/rosidl_typesupport_cpp/duckietown_msgs/msg/turn_i_dand_type__type_support.cpp.o[0m
[ 78%] [32mBuilding CXX object CMakeFiles/duckietown_msgs__rosidl_typesupport_cpp.dir/rosidl_typesupport_cpp/duckietown_msgs/msg/led_detection__type_support.cpp.o[0m
[ 78%] [32mBuilding CXX object CMakeFiles/duckietown_msgs__rosidl_typesupport_cpp.dir/rosidl_typesupport_cpp/duckietown_msgs/msg/maintenance_state__type_support.cpp.o[0m
[ 79%] [32mBuilding CXX object CMakeFiles/duckietown_msgs__rosidl_typesupport_cpp.dir/rosidl_typesupport_cpp/duckietown_msgs/msg/led_detection_array__type_support.cpp.o[0m
[ 79%] [32mBuilding CXX object CMakeFiles/duckietown_msgs__rosidl_typesupport_cpp.dir/rosidl_typesupport_cpp/duckietown_msgs/msg/led_detection_debug_info__type_support.cpp.o[0m
[ 79%] [32mBuilding CXX object CMakeFiles/duckietown_msgs__rosidl_typesupport_cpp.dir/rosidl_typesupport_cpp/duckietown_msgs/msg/wheels_cmd__type_support.cpp.o[0m
[ 79%] [32mBuilding CXX object CMakeFiles/duckietown_msgs__rosidl_typesupport_cpp.dir/rosidl_typesupport_cpp/duckietown_msgs/msg/wheels_cmd_stamped__type_support.cpp.o[0m
[ 79%] [32mBuilding CXX object CMakeFiles/duckietown_msgs__rosidl_typesupport_cpp.dir/rosidl_typesupport_cpp/duckietown_msgs/msg/pose2_d_stamped__type_support.cpp.o[0m
[ 80%] [32mBuilding CXX object CMakeFiles/duckietown_msgs__rosidl_typesupport_cpp.dir/rosidl_typesupport_cpp/duckietown_msgs/msg/signals_detection__type_support.cpp.o[0m
[ 80%] [32mBuilding CXX object CMakeFiles/duckietown_msgs__rosidl_typesupport_cpp.dir/rosidl_typesupport_cpp/duckietown_msgs/msg/signals_detection_ethz17__type_support.cpp.o[0m
[ 80%] [32mBuilding CXX object CMakeFiles/duckietown_msgs__rosidl_typesupport_cpp.dir/rosidl_typesupport_cpp/duckietown_msgs/msg/twist2_d_stamped__type_support.cpp.o[0m
[ 80%] [32mBuilding CXX object CMakeFiles/duckietown_msgs__rosidl_typesupport_cpp.dir/rosidl_typesupport_cpp/duckietown_msgs/msg/twist2_d_stamped_ethz17__type_support.cpp.o[0m
[ 80%] [32mBuilding CXX object CMakeFiles/duckietown_msgs__rosidl_typesupport_cpp.dir/rosidl_typesupport_cpp/duckietown_msgs/msg/april_tag_detection__type_support.cpp.o[0m
[ 81%] [32mBuilding CXX object CMakeFiles/duckietown_msgs__rosidl_typesupport_cpp.dir/rosidl_typesupport_cpp/duckietown_msgs/msg/april_tag_detection_array__type_support.cpp.o[0m
[ 81%] [32mBuilding CXX object CMakeFiles/duckietown_msgs__rosidl_typesupport_cpp.dir/rosidl_typesupport_cpp/duckietown_msgs/msg/april_tags_with_infos__type_support.cpp.o[0m
[ 81%] [32mBuilding CXX object CMakeFiles/duckietown_msgs__rosidl_typesupport_cpp.dir/rosidl_typesupport_cpp/duckietown_msgs/msg/tag_info__type_support.cpp.o[0m
[ 81%] [32mBuilding CXX object CMakeFiles/duckietown_msgs__rosidl_typesupport_cpp.dir/rosidl_typesupport_cpp/duckietown_msgs/msg/pixel__type_support.cpp.o[0m
[ 81%] [32mBuilding CXX object CMakeFiles/duckietown_msgs__rosidl_typesupport_cpp.dir/rosidl_typesupport_cpp/duckietown_msgs/msg/vector2_d__type_support.cpp.o[0m
[ 82%] [32mBuilding CXX object CMakeFiles/duckietown_msgs__rosidl_typesupport_cpp.dir/rosidl_typesupport_cpp/duckietown_msgs/msg/segment__type_support.cpp.o[0m
[ 82%] [32mBuilding CXX object CMakeFiles/duckietown_msgs__rosidl_typesupport_cpp.dir/rosidl_typesupport_cpp/duckietown_msgs/msg/segment_list__type_support.cpp.o[0m
[ 82%] [32mBuilding CXX object CMakeFiles/duckietown_msgs__rosidl_typesupport_cpp.dir/rosidl_typesupport_cpp/duckietown_msgs/msg/rect__type_support.cpp.o[0m
[ 82%] [32mBuilding CXX object CMakeFiles/duckietown_msgs__rosidl_typesupport_cpp.dir/rosidl_typesupport_cpp/duckietown_msgs/msg/rects__type_support.cpp.o[0m
[ 82%] [32mBuilding CXX object CMakeFiles/duckietown_msgs__rosidl_typesupport_cpp.dir/rosidl_typesupport_cpp/duckietown_msgs/msg/scene_segments__type_support.cpp.o[0m
[ 83%] [32mBuilding CXX object CMakeFiles/duckietown_msgs__rosidl_typesupport_cpp.dir/rosidl_typesupport_cpp/duckietown_msgs/msg/source_target_nodes__type_support.cpp.o[0m
[ 83%] [32mBuilding CXX object CMakeFiles/duckietown_msgs__rosidl_typesupport_cpp.dir/rosidl_typesupport_cpp/duckietown_msgs/msg/coordination_clearance__type_support.cpp.o[0m
[ 83%] [32mBuilding CXX object CMakeFiles/duckietown_msgs__rosidl_typesupport_cpp.dir/rosidl_typesupport_cpp/duckietown_msgs/msg/coordination_clearance_ethz17__type_support.cpp.o[0m
[ 83%] [32mBuilding CXX object CMakeFiles/duckietown_msgs__rosidl_typesupport_cpp.dir/rosidl_typesupport_cpp/duckietown_msgs/msg/vehicle_corners__type_support.cpp.o[0m
[ 83%] [32mBuilding CXX object CMakeFiles/duckietown_msgs__rosidl_typesupport_cpp.dir/rosidl_typesupport_cpp/duckietown_msgs/msg/vehicle_pose__type_support.cpp.o[0m
[ 84%] [32mBuilding CXX object CMakeFiles/duckietown_msgs__rosidl_typesupport_cpp.dir/rosidl_typesupport_cpp/duckietown_msgs/msg/fsm_state__type_support.cpp.o[0m
[ 84%] [32mBuilding CXX object CMakeFiles/duckietown_msgs__rosidl_typesupport_cpp.dir/rosidl_typesupport_cpp/duckietown_msgs/msg/bool_stamped__type_support.cpp.o[0m
[ 84%] [32mBuilding CXX object CMakeFiles/duckietown_msgs__rosidl_typesupport_cpp.dir/rosidl_typesupport_cpp/duckietown_msgs/msg/bool_stamped_ethz17__type_support.cpp.o[0m
[ 84%] [32mBuilding CXX object CMakeFiles/duckietown_msgs__rosidl_typesupport_cpp.dir/rosidl_typesupport_cpp/duckietown_msgs/msg/stop_line_reading__type_support.cpp.o[0m
[ 84%] [32mBuilding CXX object CMakeFiles/duckietown_msgs__rosidl_typesupport_cpp.dir/rosidl_typesupport_cpp/duckietown_msgs/msg/led_interpreter__type_support.cpp.o[0m
[ 85%] [32mBuilding CXX object CMakeFiles/duckietown_msgs__rosidl_typesupport_cpp.dir/rosidl_typesupport_cpp/duckietown_msgs/msg/anti_instagram_health__type_support.cpp.o[0m
[ 85%] [32mBuilding CXX object CMakeFiles/duckietown_msgs__rosidl_typesupport_cpp.dir/rosidl_typesupport_cpp/duckietown_msgs/msg/anti_instagram_transform__type_support.cpp.o[0m
[ 85%] [32mBuilding CXX object CMakeFiles/duckietown_msgs__rosidl_typesupport_cpp.dir/rosidl_typesupport_cpp/duckietown_msgs/msg/anti_instagram_transform_cb__type_support.cpp.o[0m
[ 85%] [32mBuilding CXX object CMakeFiles/duckietown_msgs__rosidl_typesupport_cpp.dir/rosidl_typesupport_cpp/duckietown_msgs/msg/kinematics_weights__type_support.cpp.o[0m
[ 85%] [32mBuilding CXX object CMakeFiles/duckietown_msgs__rosidl_typesupport_cpp.dir/rosidl_typesupport_cpp/duckietown_msgs/msg/kinematics_parameters__type_support.cpp.o[0m
[ 86%] [32mBuilding CXX object CMakeFiles/duckietown_msgs__rosidl_typesupport_cpp.dir/rosidl_typesupport_cpp/duckietown_msgs/msg/theta_dot_sample__type_support.cpp.o[0m
[ 86%] [32mBuilding CXX object CMakeFiles/duckietown_msgs__rosidl_typesupport_cpp.dir/rosidl_typesupport_cpp/duckietown_msgs/msg/vsample__type_support.cpp.o[0m
[ 86%] [32mBuilding CXX object CMakeFiles/duckietown_msgs__rosidl_typesupport_cpp.dir/rosidl_typesupport_cpp/duckietown_msgs/msg/trajectory__type_support.cpp.o[0m
[ 86%] [32mBuilding CXX object CMakeFiles/duckietown_msgs__rosidl_typesupport_cpp.dir/rosidl_typesupport_cpp/duckietown_msgs/msg/obstacle_type__type_support.cpp.o[0m
[ 86%] [32mBuilding CXX object CMakeFiles/duckietown_msgs__rosidl_typesupport_cpp.dir/rosidl_typesupport_cpp/duckietown_msgs/msg/obstacle_image_detection__type_support.cpp.o[0m
[ 87%] [32mBuilding CXX object CMakeFiles/duckietown_msgs__rosidl_typesupport_cpp.dir/rosidl_typesupport_cpp/duckietown_msgs/msg/obstacle_image_detection_list__type_support.cpp.o[0m
[ 87%] [32mBuilding CXX object CMakeFiles/duckietown_msgs__rosidl_typesupport_cpp.dir/rosidl_typesupport_cpp/duckietown_msgs/msg/obstacle_projected_detection__type_support.cpp.o[0m
[ 87%] [32mBuilding CXX object CMakeFiles/duckietown_msgs__rosidl_typesupport_cpp.dir/rosidl_typesupport_cpp/duckietown_msgs/msg/obstacle_projected_detection_list__type_support.cpp.o[0m
[ 87%] [32mBuilding CXX object CMakeFiles/duckietown_msgs__rosidl_typesupport_cpp.dir/rosidl_typesupport_cpp/duckietown_msgs/msg/num__type_support.cpp.o[0m
[ 87%] [32mBuilding CXX object CMakeFiles/duckietown_msgs__rosidl_typesupport_cpp.dir/rosidl_typesupport_cpp/duckietown_msgs/srv/set_fsm_state__type_support.cpp.o[0m
[ 88%] [32mBuilding CXX object CMakeFiles/duckietown_msgs__rosidl_typesupport_cpp.dir/rosidl_typesupport_cpp/duckietown_msgs/srv/set_value__type_support.cpp.o[0m
[ 88%] [32mBuilding CXX object CMakeFiles/duckietown_msgs__rosidl_typesupport_cpp.dir/rosidl_typesupport_cpp/duckietown_msgs/srv/set_variable__type_support.cpp.o[0m
[ 88%] [32mBuilding CXX object CMakeFiles/duckietown_msgs__rosidl_typesupport_cpp.dir/rosidl_typesupport_cpp/duckietown_msgs/srv/get_variable__type_support.cpp.o[0m
[ 88%] [32m[1mLinking CXX shared library libduckietown_msgs__rosidl_typesupport_cpp.so[0m
[ 88%] Built target duckietown_msgs__rosidl_typesupport_cpp
[ 88%] Built target duckietown_msgs
[ 88%] Built target ament_cmake_python_symlink_duckietown_msgs
running egg_info
creating duckietown_msgs.egg-info
writing duckietown_msgs.egg-info/PKG-INFO
writing dependency_links to duckietown_msgs.egg-info/dependency_links.txt
writing top-level names to duckietown_msgs.egg-info/top_level.txt
writing manifest file 'duckietown_msgs.egg-info/SOURCES.txt'
reading manifest file 'duckietown_msgs.egg-info/SOURCES.txt'
writing manifest file 'duckietown_msgs.egg-info/SOURCES.txt'
[ 88%] Built target ament_cmake_python_build_duckietown_msgs_egg
[ 88%] [34m[1mGenerating Python code for ROS interfaces[0m
[ 88%] Built target duckietown_msgs__py
[ 88%] [32mBuilding C object CMakeFiles/duckietown_msgs__rosidl_generator_py.dir/rosidl_generator_py/duckietown_msgs/msg/_car_control_s.c.o[0m
[ 89%] [32mBuilding C object CMakeFiles/duckietown_msgs__rosidl_generator_py.dir/rosidl_generator_py/duckietown_msgs/msg/_coordination_signal_s.c.o[0m
[ 89%] [32mBuilding C object CMakeFiles/duckietown_msgs__rosidl_generator_py.dir/rosidl_generator_py/duckietown_msgs/msg/_coordination_signal_ethz17_s.c.o[0m
[ 89%] [32mBuilding C object CMakeFiles/duckietown_msgs__rosidl_generator_py.dir/rosidl_generator_py/duckietown_msgs/msg/_duckie_sensor_s.c.o[0m
[ 89%] [32mBuilding C object CMakeFiles/duckietown_msgs__rosidl_generator_py.dir/rosidl_generator_py/duckietown_msgs/msg/_lane_pose_s.c.o[0m
[ 89%] [32mBuilding C object CMakeFiles/duckietown_msgs__rosidl_generator_py.dir/rosidl_generator_py/duckietown_msgs/msg/_intersection_pose_s.c.o[0m
[ 90%] [32mBuilding C object CMakeFiles/duckietown_msgs__rosidl_generator_py.dir/rosidl_generator_py/duckietown_msgs/msg/_intersection_pose_img_s.c.o[0m
[ 90%] [32mBuilding C object CMakeFiles/duckietown_msgs__rosidl_generator_py.dir/rosidl_generator_py/duckietown_msgs/msg/_intersection_pose_img_debug_s.c.o[0m
[ 90%] [32mBuilding C object CMakeFiles/duckietown_msgs__rosidl_generator_py.dir/rosidl_generator_py/duckietown_msgs/msg/_turn_i_dand_type_s.c.o[0m
[ 90%] [32mBuilding C object CMakeFiles/duckietown_msgs__rosidl_generator_py.dir/rosidl_generator_py/duckietown_msgs/msg/_led_detection_s.c.o[0m
[ 90%] [32mBuilding C object CMakeFiles/duckietown_msgs__rosidl_generator_py.dir/rosidl_generator_py/duckietown_msgs/msg/_maintenance_state_s.c.o[0m
[ 91%] [32mBuilding C object CMakeFiles/duckietown_msgs__rosidl_generator_py.dir/rosidl_generator_py/duckietown_msgs/msg/_led_detection_array_s.c.o[0m
[ 91%] [32mBuilding C object CMakeFiles/duckietown_msgs__rosidl_generator_py.dir/rosidl_generator_py/duckietown_msgs/msg/_led_detection_debug_info_s.c.o[0m
[ 91%] [32mBuilding C object CMakeFiles/duckietown_msgs__rosidl_generator_py.dir/rosidl_generator_py/duckietown_msgs/msg/_wheels_cmd_s.c.o[0m
[ 91%] [32mBuilding C object CMakeFiles/duckietown_msgs__rosidl_generator_py.dir/rosidl_generator_py/duckietown_msgs/msg/_wheels_cmd_stamped_s.c.o[0m
[ 91%] [32mBuilding C object CMakeFiles/duckietown_msgs__rosidl_generator_py.dir/rosidl_generator_py/duckietown_msgs/msg/_pose2_d_stamped_s.c.o[0m
[ 92%] [32mBuilding C object CMakeFiles/duckietown_msgs__rosidl_generator_py.dir/rosidl_generator_py/duckietown_msgs/msg/_signals_detection_s.c.o[0m
[ 92%] [32mBuilding C object CMakeFiles/duckietown_msgs__rosidl_generator_py.dir/rosidl_generator_py/duckietown_msgs/msg/_signals_detection_ethz17_s.c.o[0m
[ 92%] [32mBuilding C object CMakeFiles/duckietown_msgs__rosidl_generator_py.dir/rosidl_generator_py/duckietown_msgs/msg/_twist2_d_stamped_s.c.o[0m
[ 92%] [32mBuilding C object CMakeFiles/duckietown_msgs__rosidl_generator_py.dir/rosidl_generator_py/duckietown_msgs/msg/_twist2_d_stamped_ethz17_s.c.o[0m
[ 92%] [32mBuilding C object CMakeFiles/duckietown_msgs__rosidl_generator_py.dir/rosidl_generator_py/duckietown_msgs/msg/_april_tag_detection_s.c.o[0m
[ 93%] [32mBuilding C object CMakeFiles/duckietown_msgs__rosidl_generator_py.dir/rosidl_generator_py/duckietown_msgs/msg/_april_tag_detection_array_s.c.o[0m
[ 93%] [32mBuilding C object CMakeFiles/duckietown_msgs__rosidl_generator_py.dir/rosidl_generator_py/duckietown_msgs/msg/_april_tags_with_infos_s.c.o[0m
[ 93%] [32mBuilding C object CMakeFiles/duckietown_msgs__rosidl_generator_py.dir/rosidl_generator_py/duckietown_msgs/msg/_tag_info_s.c.o[0m
[ 93%] [32mBuilding C object CMakeFiles/duckietown_msgs__rosidl_generator_py.dir/rosidl_generator_py/duckietown_msgs/msg/_pixel_s.c.o[0m
[ 93%] [32mBuilding C object CMakeFiles/duckietown_msgs__rosidl_generator_py.dir/rosidl_generator_py/duckietown_msgs/msg/_vector2_d_s.c.o[0m
[ 94%] [32mBuilding C object CMakeFiles/duckietown_msgs__rosidl_generator_py.dir/rosidl_generator_py/duckietown_msgs/msg/_segment_s.c.o[0m
[ 94%] [32mBuilding C object CMakeFiles/duckietown_msgs__rosidl_generator_py.dir/rosidl_generator_py/duckietown_msgs/msg/_segment_list_s.c.o[0m
[ 94%] [32mBuilding C object CMakeFiles/duckietown_msgs__rosidl_generator_py.dir/rosidl_generator_py/duckietown_msgs/msg/_rect_s.c.o[0m
[ 94%] [32mBuilding C object CMakeFiles/duckietown_msgs__rosidl_generator_py.dir/rosidl_generator_py/duckietown_msgs/msg/_rects_s.c.o[0m
[ 94%] [32mBuilding C object CMakeFiles/duckietown_msgs__rosidl_generator_py.dir/rosidl_generator_py/duckietown_msgs/msg/_scene_segments_s.c.o[0m
[ 95%] [32mBuilding C object CMakeFiles/duckietown_msgs__rosidl_generator_py.dir/rosidl_generator_py/duckietown_msgs/msg/_source_target_nodes_s.c.o[0m
[ 95%] [32mBuilding C object CMakeFiles/duckietown_msgs__rosidl_generator_py.dir/rosidl_generator_py/duckietown_msgs/msg/_coordination_clearance_s.c.o[0m
[ 95%] [32mBuilding C object CMakeFiles/duckietown_msgs__rosidl_generator_py.dir/rosidl_generator_py/duckietown_msgs/msg/_coordination_clearance_ethz17_s.c.o[0m
[ 95%] [32mBuilding C object CMakeFiles/duckietown_msgs__rosidl_generator_py.dir/rosidl_generator_py/duckietown_msgs/msg/_vehicle_corners_s.c.o[0m
[ 95%] [32mBuilding C object CMakeFiles/duckietown_msgs__rosidl_generator_py.dir/rosidl_generator_py/duckietown_msgs/msg/_vehicle_pose_s.c.o[0m
[ 96%] [32mBuilding C object CMakeFiles/duckietown_msgs__rosidl_generator_py.dir/rosidl_generator_py/duckietown_msgs/msg/_fsm_state_s.c.o[0m
[ 96%] [32mBuilding C object CMakeFiles/duckietown_msgs__rosidl_generator_py.dir/rosidl_generator_py/duckietown_msgs/msg/_bool_stamped_s.c.o[0m
[ 96%] [32mBuilding C object CMakeFiles/duckietown_msgs__rosidl_generator_py.dir/rosidl_generator_py/duckietown_msgs/msg/_bool_stamped_ethz17_s.c.o[0m
[ 96%] [32mBuilding C object CMakeFiles/duckietown_msgs__rosidl_generator_py.dir/rosidl_generator_py/duckietown_msgs/msg/_stop_line_reading_s.c.o[0m
[ 96%] [32mBuilding C object CMakeFiles/duckietown_msgs__rosidl_generator_py.dir/rosidl_generator_py/duckietown_msgs/msg/_led_interpreter_s.c.o[0m
[ 97%] [32mBuilding C object CMakeFiles/duckietown_msgs__rosidl_generator_py.dir/rosidl_generator_py/duckietown_msgs/msg/_anti_instagram_health_s.c.o[0m
[ 97%] [32mBuilding C object CMakeFiles/duckietown_msgs__rosidl_generator_py.dir/rosidl_generator_py/duckietown_msgs/msg/_anti_instagram_transform_s.c.o[0m
[ 97%] [32mBuilding C object CMakeFiles/duckietown_msgs__rosidl_generator_py.dir/rosidl_generator_py/duckietown_msgs/msg/_anti_instagram_transform_cb_s.c.o[0m
[ 97%] [32mBuilding C object CMakeFiles/duckietown_msgs__rosidl_generator_py.dir/rosidl_generator_py/duckietown_msgs/msg/_kinematics_weights_s.c.o[0m
[ 97%] [32mBuilding C object CMakeFiles/duckietown_msgs__rosidl_generator_py.dir/rosidl_generator_py/duckietown_msgs/msg/_kinematics_parameters_s.c.o[0m
[ 98%] [32mBuilding C object CMakeFiles/duckietown_msgs__rosidl_generator_py.dir/rosidl_generator_py/duckietown_msgs/msg/_theta_dot_sample_s.c.o[0m
[ 98%] [32mBuilding C object CMakeFiles/duckietown_msgs__rosidl_generator_py.dir/rosidl_generator_py/duckietown_msgs/msg/_vsample_s.c.o[0m
[ 98%] [32mBuilding C object CMakeFiles/duckietown_msgs__rosidl_generator_py.dir/rosidl_generator_py/duckietown_msgs/msg/_trajectory_s.c.o[0m
[ 98%] [32mBuilding C object CMakeFiles/duckietown_msgs__rosidl_generator_py.dir/rosidl_generator_py/duckietown_msgs/msg/_obstacle_type_s.c.o[0m
[ 98%] [32mBuilding C object CMakeFiles/duckietown_msgs__rosidl_generator_py.dir/rosidl_generator_py/duckietown_msgs/msg/_obstacle_image_detection_s.c.o[0m
[ 99%] [32mBuilding C object CMakeFiles/duckietown_msgs__rosidl_generator_py.dir/rosidl_generator_py/duckietown_msgs/msg/_obstacle_image_detection_list_s.c.o[0m
[ 99%] [32mBuilding C object CMakeFiles/duckietown_msgs__rosidl_generator_py.dir/rosidl_generator_py/duckietown_msgs/msg/_obstacle_projected_detection_s.c.o[0m
[ 99%] [32mBuilding C object CMakeFiles/duckietown_msgs__rosidl_generator_py.dir/rosidl_generator_py/duckietown_msgs/msg/_obstacle_projected_detection_list_s.c.o[0m
[ 99%] [32mBuilding C object CMakeFiles/duckietown_msgs__rosidl_generator_py.dir/rosidl_generator_py/duckietown_msgs/msg/_num_s.c.o[0m
[ 99%] [32mBuilding C object CMakeFiles/duckietown_msgs__rosidl_generator_py.dir/rosidl_generator_py/duckietown_msgs/srv/_set_fsm_state_s.c.o[0m
[100%] [32mBuilding C object CMakeFiles/duckietown_msgs__rosidl_generator_py.dir/rosidl_generator_py/duckietown_msgs/srv/_set_value_s.c.o[0m
[100%] [32mBuilding C object CMakeFiles/duckietown_msgs__rosidl_generator_py.dir/rosidl_generator_py/duckietown_msgs/srv/_set_variable_s.c.o[0m
[100%] [32mBuilding C object CMakeFiles/duckietown_msgs__rosidl_generator_py.dir/rosidl_generator_py/duckietown_msgs/srv/_get_variable_s.c.o[0m
[100%] [32m[1mLinking C shared library rosidl_generator_py/duckietown_msgs/libduckietown_msgs__rosidl_generator_py.so[0m
[100%] Built target duckietown_msgs__rosidl_generator_py
[100%] [32mBuilding C object CMakeFiles/duckietown_msgs__rosidl_typesupport_fastrtps_c__pyext.dir/rosidl_generator_py/duckietown_msgs/_duckietown_msgs_s.ep.rosidl_typesupport_fastrtps_c.c.o[0m
[100%] [32m[1mLinking C shared library rosidl_generator_py/duckietown_msgs/duckietown_msgs_s__rosidl_typesupport_fastrtps_c.cpython-310-x86_64-linux-gnu.so[0m
[100%] Built target duckietown_msgs__rosidl_typesupport_fastrtps_c__pyext
[100%] [32mBuilding C object CMakeFiles/duckietown_msgs__rosidl_typesupport_introspection_c__pyext.dir/rosidl_generator_py/duckietown_msgs/_duckietown_msgs_s.ep.rosidl_typesupport_introspection_c.c.o[0m
[100%] [32m[1mLinking C shared library rosidl_generator_py/duckietown_msgs/duckietown_msgs_s__rosidl_typesupport_introspection_c.cpython-310-x86_64-linux-gnu.so[0m
[100%] Built target duckietown_msgs__rosidl_typesupport_introspection_c__pyext
[100%] [32mBuilding C object CMakeFiles/duckietown_msgs__rosidl_typesupport_c__pyext.dir/rosidl_generator_py/duckietown_msgs/_duckietown_msgs_s.ep.rosidl_typesupport_c.c.o[0m
[100%] [32m[1mLinking C shared library rosidl_generator_py/duckietown_msgs/duckietown_msgs_s__rosidl_typesupport_c.cpython-310-x86_64-linux-gnu.so[0m
[100%] Built target duckietown_msgs__rosidl_typesupport_c__pyext
-- Install configuration: ""
-- Execute custom install script
-- Symlinking: /home/vboxuser/duckietown_ws/install/duckietown_msgs/share/ament_index/resource_index/rosidl_interfaces/duckietown_msgs
-- Symlinking: /home/vboxuser/duckietown_ws/install/duckietown_msgs/include/duckietown_msgs/duckietown_msgs/msg/anti_instagram_health.h
-- Symlinking: /home/vboxuser/duckietown_ws/install/duckietown_msgs/include/duckietown_msgs/duckietown_msgs/msg/anti_instagram_transform.h
-- Symlinking: /home/vboxuser/duckietown_ws/install/duckietown_msgs/include/duckietown_msgs/duckietown_msgs/msg/anti_instagram_transform_cb.h
-- Symlinking: /home/vboxuser/duckietown_ws/install/duckietown_msgs/include/duckietown_msgs/duckietown_msgs/msg/april_tag_detection.h
-- Symlinking: /home/vboxuser/duckietown_ws/install/duckietown_msgs/include/duckietown_msgs/duckietown_msgs/msg/april_tag_detection_array.h
-- Symlinking: /home/vboxuser/duckietown_ws/install/duckietown_msgs/include/duckietown_msgs/duckietown_msgs/msg/april_tags_with_infos.h
-- Symlinking: /home/vboxuser/duckietown_ws/install/duckietown_msgs/include/duckietown_msgs/duckietown_msgs/msg/bool_stamped.h
-- Symlinking: /home/vboxuser/duckietown_ws/install/duckietown_msgs/include/duckietown_msgs/duckietown_msgs/msg/bool_stamped_ethz17.h
-- Symlinking: /home/vboxuser/duckietown_ws/install/duckietown_msgs/include/duckietown_msgs/duckietown_msgs/msg/car_control.h
-- Symlinking: /home/vboxuser/duckietown_ws/install/duckietown_msgs/include/duckietown_msgs/duckietown_msgs/msg/coordination_clearance.h
-- Symlinking: /home/vboxuser/duckietown_ws/install/duckietown_msgs/include/duckietown_msgs/duckietown_msgs/msg/coordination_clearance_ethz17.h
-- Symlinking: /home/vboxuser/duckietown_ws/install/duckietown_msgs/include/duckietown_msgs/duckietown_msgs/msg/coordination_signal.h
-- Symlinking: /home/vboxuser/duckietown_ws/install/duckietown_msgs/include/duckietown_msgs/duckietown_msgs/msg/coordination_signal_ethz17.h
-- Symlinking: /home/vboxuser/duckietown_ws/install/duckietown_msgs/include/duckietown_msgs/duckietown_msgs/msg/detail/anti_instagram_health__functions.h
-- Symlinking: /home/vboxuser/duckietown_ws/install/duckietown_msgs/include/duckietown_msgs/duckietown_msgs/msg/detail/anti_instagram_health__struct.h
-- Symlinking: /home/vboxuser/duckietown_ws/install/duckietown_msgs/include/duckietown_msgs/duckietown_msgs/msg/detail/anti_instagram_health__type_support.h
-- Symlinking: /home/vboxuser/duckietown_ws/install/duckietown_msgs/include/duckietown_msgs/duckietown_msgs/msg/detail/anti_instagram_transform__functions.h
-- Symlinking: /home/vboxuser/duckietown_ws/install/duckietown_msgs/include/duckietown_msgs/duckietown_msgs/msg/detail/anti_instagram_transform__struct.h
-- Symlinking: /home/vboxuser/duckietown_ws/install/duckietown_msgs/include/duckietown_msgs/duckietown_msgs/msg/detail/anti_instagram_transform__type_support.h
-- Symlinking: /home/vboxuser/duckietown_ws/install/duckietown_msgs/include/duckietown_msgs/duckietown_msgs/msg/detail/anti_instagram_transform_cb__functions.h
-- Symlinking: /home/vboxuser/duckietown_ws/install/duckietown_msgs/include/duckietown_msgs/duckietown_msgs/msg/detail/anti_instagram_transform_cb__struct.h
-- Symlinking: /home/vboxuser/duckietown_ws/install/duckietown_msgs/include/duckietown_msgs/duckietown_msgs/msg/detail/anti_instagram_transform_cb__type_support.h
-- Symlinking: /home/vboxuser/duckietown_ws/install/duckietown_msgs/include/duckietown_msgs/duckietown_msgs/msg/detail/april_tag_detection__functions.h
-- Symlinking: /home/vboxuser/duckietown_ws/install/duckietown_msgs/include/duckietown_msgs/duckietown_msgs/msg/detail/april_tag_detection__struct.h
-- Symlinking: /home/vboxuser/duckietown_ws/install/duckietown_msgs/include/duckietown_msgs/duckietown_msgs/msg/detail/april_tag_detection__type_support.h
-- Symlinking: /home/vboxuser/duckietown_ws/install/duckietown_msgs/include/duckietown_msgs/duckietown_msgs/msg/detail/april_tag_detection_array__functions.h
-- Symlinking: /home/vboxuser/duckietown_ws/install/duckietown_msgs/include/duckietown_msgs/duckietown_msgs/msg/detail/april_tag_detection_array__struct.h
-- Symlinking: /home/vboxuser/duckietown_ws/install/duckietown_msgs/include/duckietown_msgs/duckietown_msgs/msg/detail/april_tag_detection_array__type_support.h
-- Symlinking: /home/vboxuser/duckietown_ws/install/duckietown_msgs/include/duckietown_msgs/duckietown_msgs/msg/detail/april_tags_with_infos__functions.h
-- Symlinking: /home/vboxuser/duckietown_ws/install/duckietown_msgs/include/duckietown_msgs/duckietown_msgs/msg/detail/april_tags_with_infos__struct.h
-- Symlinking: /home/vboxuser/duckietown_ws/install/duckietown_msgs/include/duckietown_msgs/duckietown_msgs/msg/detail/april_tags_with_infos__type_support.h
-- Symlinking: /home/vboxuser/duckietown_ws/install/duckietown_msgs/include/duckietown_msgs/duckietown_msgs/msg/detail/bool_stamped__functions.h
-- Symlinking: /home/vboxuser/duckietown_ws/install/duckietown_msgs/include/duckietown_msgs/duckietown_msgs/msg/detail/bool_stamped__struct.h
-- Symlinking: /home/vboxuser/duckietown_ws/install/duckietown_msgs/include/duckietown_msgs/duckietown_msgs/msg/detail/bool_stamped__type_support.h
-- Symlinking: /home/vboxuser/duckietown_ws/install/duckietown_msgs/include/duckietown_msgs/duckietown_msgs/msg/detail/bool_stamped_ethz17__functions.h
-- Symlinking: /home/vboxuser/duckietown_ws/install/duckietown_msgs/include/duckietown_msgs/duckietown_msgs/msg/detail/bool_stamped_ethz17__struct.h
-- Symlinking: /home/vboxuser/duckietown_ws/install/duckietown_msgs/include/duckietown_msgs/duckietown_msgs/msg/detail/bool_stamped_ethz17__type_support.h
-- Symlinking: /home/vboxuser/duckietown_ws/install/duckietown_msgs/include/duckietown_msgs/duckietown_msgs/msg/detail/car_control__functions.h
-- Symlinking: /home/vboxuser/duckietown_ws/install/duckietown_msgs/include/duckietown_msgs/duckietown_msgs/msg/detail/car_control__struct.h
-- Symlinking: /home/vboxuser/duckietown_ws/install/duckietown_msgs/include/duckietown_msgs/duckietown_msgs/msg/detail/car_control__type_support.h
-- Symlinking: /home/vboxuser/duckietown_ws/install/duckietown_msgs/include/duckietown_msgs/duckietown_msgs/msg/detail/coordination_clearance__functions.h
-- Symlinking: /home/vboxuser/duckietown_ws/install/duckietown_msgs/include/duckietown_msgs/duckietown_msgs/msg/detail/coordination_clearance__struct.h
-- Symlinking: /home/vboxuser/duckietown_ws/install/duckietown_msgs/include/duckietown_msgs/duckietown_msgs/msg/detail/coordination_clearance__type_support.h
-- Symlinking: /home/vboxuser/duckietown_ws/install/duckietown_msgs/include/duckietown_msgs/duckietown_msgs/msg/detail/coordination_clearance_ethz17__functions.h
-- Symlinking: /home/vboxuser/duckietown_ws/install/duckietown_msgs/include/duckietown_msgs/duckietown_msgs/msg/detail/coordination_clearance_ethz17__struct.h
-- Symlinking: /home/vboxuser/duckietown_ws/install/duckietown_msgs/include/duckietown_msgs/duckietown_msgs/msg/detail/coordination_clearance_ethz17__type_support.h
-- Symlinking: /home/vboxuser/duckietown_ws/install/duckietown_msgs/include/duckietown_msgs/duckietown_msgs/msg/detail/coordination_signal__functions.h
-- Symlinking: /home/vboxuser/duckietown_ws/install/duckietown_msgs/include/duckietown_msgs/duckietown_msgs/msg/detail/coordination_signal__struct.h
-- Symlinking: /home/vboxuser/duckietown_ws/install/duckietown_msgs/include/duckietown_msgs/duckietown_msgs/msg/detail/coordination_signal__type_support.h
-- Symlinking: /home/vboxuser/duckietown_ws/install/duckietown_msgs/include/duckietown_msgs/duckietown_msgs/msg/detail/coordination_signal_ethz17__functions.h
-- Symlinking: /home/vboxuser/duckietown_ws/install/duckietown_msgs/include/duckietown_msgs/duckietown_msgs/msg/detail/coordination_signal_ethz17__struct.h
-- Symlinking: /home/vboxuser/duckietown_ws/install/duckietown_msgs/include/duckietown_msgs/duckietown_msgs/msg/detail/coordination_signal_ethz17__type_support.h
-- Symlinking: /home/vboxuser/duckietown_ws/install/duckietown_msgs/include/duckietown_msgs/duckietown_msgs/msg/detail/duckie_sensor__functions.h
-- Symlinking: /home/vboxuser/duckietown_ws/install/duckietown_msgs/include/duckietown_msgs/duckietown_msgs/msg/detail/duckie_sensor__struct.h
-- Symlinking: /home/vboxuser/duckietown_ws/install/duckietown_msgs/include/duckietown_msgs/duckietown_msgs/msg/detail/duckie_sensor__type_support.h
-- Symlinking: /home/vboxuser/duckietown_ws/install/duckietown_msgs/include/duckietown_msgs/duckietown_msgs/msg/detail/fsm_state__functions.h
-- Symlinking: /home/vboxuser/duckietown_ws/install/duckietown_msgs/include/duckietown_msgs/duckietown_msgs/msg/detail/fsm_state__struct.h
-- Symlinking: /home/vboxuser/duckietown_ws/install/duckietown_msgs/include/duckietown_msgs/duckietown_msgs/msg/detail/fsm_state__type_support.h
-- Symlinking: /home/vboxuser/duckietown_ws/install/duckietown_msgs/include/duckietown_msgs/duckietown_msgs/msg/detail/intersection_pose__functions.h
-- Symlinking: /home/vboxuser/duckietown_ws/install/duckietown_msgs/include/duckietown_msgs/duckietown_msgs/msg/detail/intersection_pose__struct.h
-- Symlinking: /home/vboxuser/duckietown_ws/install/duckietown_msgs/include/duckietown_msgs/duckietown_msgs/msg/detail/intersection_pose__type_support.h
-- Symlinking: /home/vboxuser/duckietown_ws/install/duckietown_msgs/include/duckietown_msgs/duckietown_msgs/msg/detail/intersection_pose_img__functions.h
-- Symlinking: /home/vboxuser/duckietown_ws/install/duckietown_msgs/include/duckietown_msgs/duckietown_msgs/msg/detail/intersection_pose_img__struct.h
-- Symlinking: /home/vboxuser/duckietown_ws/install/duckietown_msgs/include/duckietown_msgs/duckietown_msgs/msg/detail/intersection_pose_img__type_support.h
-- Symlinking: /home/vboxuser/duckietown_ws/install/duckietown_msgs/include/duckietown_msgs/duckietown_msgs/msg/detail/intersection_pose_img_debug__functions.h
-- Symlinking: /home/vboxuser/duckietown_ws/install/duckietown_msgs/include/duckietown_msgs/duckietown_msgs/msg/detail/intersection_pose_img_debug__struct.h
-- Symlinking: /home/vboxuser/duckietown_ws/install/duckietown_msgs/include/duckietown_msgs/duckietown_msgs/msg/detail/intersection_pose_img_debug__type_support.h
-- Symlinking: /home/vboxuser/duckietown_ws/install/duckietown_msgs/include/duckietown_msgs/duckietown_msgs/msg/detail/kinematics_parameters__functions.h
-- Symlinking: /home/vboxuser/duckietown_ws/install/duckietown_msgs/include/duckietown_msgs/duckietown_msgs/msg/detail/kinematics_parameters__struct.h
-- Symlinking: /home/vboxuser/duckietown_ws/install/duckietown_msgs/include/duckietown_msgs/duckietown_msgs/msg/detail/kinematics_parameters__type_support.h
-- Symlinking: /home/vboxuser/duckietown_ws/install/duckietown_msgs/include/duckietown_msgs/duckietown_msgs/msg/detail/kinematics_weights__functions.h
-- Symlinking: /home/vboxuser/duckietown_ws/install/duckietown_msgs/include/duckietown_msgs/duckietown_msgs/msg/detail/kinematics_weights__struct.h
-- Symlinking: /home/vboxuser/duckietown_ws/install/duckietown_msgs/include/duckietown_msgs/duckietown_msgs/msg/detail/kinematics_weights__type_support.h
-- Symlinking: /home/vboxuser/duckietown_ws/install/duckietown_msgs/include/duckietown_msgs/duckietown_msgs/msg/detail/lane_pose__functions.h
-- Symlinking: /home/vboxuser/duckietown_ws/install/duckietown_msgs/include/duckietown_msgs/duckietown_msgs/msg/detail/lane_pose__struct.h
-- Symlinking: /home/vboxuser/duckietown_ws/install/duckietown_msgs/include/duckietown_msgs/duckietown_msgs/msg/detail/lane_pose__type_support.h
-- Symlinking: /home/vboxuser/duckietown_ws/install/duckietown_msgs/include/duckietown_msgs/duckietown_msgs/msg/detail/led_detection__functions.h
-- Symlinking: /home/vboxuser/duckietown_ws/install/duckietown_msgs/include/duckietown_msgs/duckietown_msgs/msg/detail/led_detection__struct.h
-- Symlinking: /home/vboxuser/duckietown_ws/install/duckietown_msgs/include/duckietown_msgs/duckietown_msgs/msg/detail/led_detection__type_support.h
-- Symlinking: /home/vboxuser/duckietown_ws/install/duckietown_msgs/include/duckietown_msgs/duckietown_msgs/msg/detail/led_detection_array__functions.h
-- Symlinking: /home/vboxuser/duckietown_ws/install/duckietown_msgs/include/duckietown_msgs/duckietown_msgs/msg/detail/led_detection_array__struct.h
-- Symlinking: /home/vboxuser/duckietown_ws/install/duckietown_msgs/include/duckietown_msgs/duckietown_msgs/msg/detail/led_detection_array__type_support.h
-- Symlinking: /home/vboxuser/duckietown_ws/install/duckietown_msgs/include/duckietown_msgs/duckietown_msgs/msg/detail/led_detection_debug_info__functions.h
-- Symlinking: /home/vboxuser/duckietown_ws/install/duckietown_msgs/include/duckietown_msgs/duckietown_msgs/msg/detail/led_detection_debug_info__struct.h
-- Symlinking: /home/vboxuser/duckietown_ws/install/duckietown_msgs/include/duckietown_msgs/duckietown_msgs/msg/detail/led_detection_debug_info__type_support.h
-- Symlinking: /home/vboxuser/duckietown_ws/install/duckietown_msgs/include/duckietown_msgs/duckietown_msgs/msg/detail/led_interpreter__functions.h
-- Symlinking: /home/vboxuser/duckietown_ws/install/duckietown_msgs/include/duckietown_msgs/duckietown_msgs/msg/detail/led_interpreter__struct.h
-- Symlinking: /home/vboxuser/duckietown_ws/install/duckietown_msgs/include/duckietown_msgs/duckietown_msgs/msg/detail/led_interpreter__type_support.h
-- Symlinking: /home/vboxuser/duckietown_ws/install/duckietown_msgs/include/duckietown_msgs/duckietown_msgs/msg/detail/maintenance_state__functions.h
-- Symlinking: /home/vboxuser/duckietown_ws/install/duckietown_msgs/include/duckietown_msgs/duckietown_msgs/msg/detail/maintenance_state__struct.h
-- Symlinking: /home/vboxuser/duckietown_ws/install/duckietown_msgs/include/duckietown_msgs/duckietown_msgs/msg/detail/maintenance_state__type_support.h
-- Symlinking: /home/vboxuser/duckietown_ws/install/duckietown_msgs/include/duckietown_msgs/duckietown_msgs/msg/detail/num__functions.h
-- Symlinking: /home/vboxuser/duckietown_ws/install/duckietown_msgs/include/duckietown_msgs/duckietown_msgs/msg/detail/num__struct.h
-- Symlinking: /home/vboxuser/duckietown_ws/install/duckietown_msgs/include/duckietown_msgs/duckietown_msgs/msg/detail/num__type_support.h
-- Symlinking: /home/vboxuser/duckietown_ws/install/duckietown_msgs/include/duckietown_msgs/duckietown_msgs/msg/detail/obstacle_image_detection__functions.h
-- Symlinking: /home/vboxuser/duckietown_ws/install/duckietown_msgs/include/duckietown_msgs/duckietown_msgs/msg/detail/obstacle_image_detection__struct.h
-- Symlinking: /home/vboxuser/duckietown_ws/install/duckietown_msgs/include/duckietown_msgs/duckietown_msgs/msg/detail/obstacle_image_detection__type_support.h
-- Symlinking: /home/vboxuser/duckietown_ws/install/duckietown_msgs/include/duckietown_msgs/duckietown_msgs/msg/detail/obstacle_image_detection_list__functions.h
-- Symlinking: /home/vboxuser/duckietown_ws/install/duckietown_msgs/include/duckietown_msgs/duckietown_msgs/msg/detail/obstacle_image_detection_list__struct.h
-- Symlinking: /home/vboxuser/duckietown_ws/install/duckietown_msgs/include/duckietown_msgs/duckietown_msgs/msg/detail/obstacle_image_detection_list__type_support.h
-- Symlinking: /home/vboxuser/duckietown_ws/install/duckietown_msgs/include/duckietown_msgs/duckietown_msgs/msg/detail/obstacle_projected_detection__functions.h
-- Symlinking: /home/vboxuser/duckietown_ws/install/duckietown_msgs/include/duckietown_msgs/duckietown_msgs/msg/detail/obstacle_projected_detection__struct.h
-- Symlinking: /home/vboxuser/duckietown_ws/install/duckietown_msgs/include/duckietown_msgs/duckietown_msgs/msg/detail/obstacle_projected_detection__type_support.h
-- Symlinking: /home/vboxuser/duckietown_ws/install/duckietown_msgs/include/duckietown_msgs/duckietown_msgs/msg/detail/obstacle_projected_detection_list__functions.h
-- Symlinking: /home/vboxuser/duckietown_ws/install/duckietown_msgs/include/duckietown_msgs/duckietown_msgs/msg/detail/obstacle_projected_detection_list__struct.h
-- Symlinking: /home/vboxuser/duckietown_ws/install/duckietown_msgs/include/duckietown_msgs/duckietown_msgs/msg/detail/obstacle_projected_detection_list__type_support.h
-- Symlinking: /home/vboxuser/duckietown_ws/install/duckietown_msgs/include/duckietown_msgs/duckietown_msgs/msg/detail/obstacle_type__functions.h
-- Symlinking: /home/vboxuser/duckietown_ws/install/duckietown_msgs/include/duckietown_msgs/duckietown_msgs/msg/detail/obstacle_type__struct.h
-- Symlinking: /home/vboxuser/duckietown_ws/install/duckietown_msgs/include/duckietown_msgs/duckietown_msgs/msg/detail/obstacle_type__type_support.h
-- Symlinking: /home/vboxuser/duckietown_ws/install/duckietown_msgs/include/duckietown_msgs/duckietown_msgs/msg/detail/pixel__functions.h
-- Symlinking: /home/vboxuser/duckietown_ws/install/duckietown_msgs/include/duckietown_msgs/duckietown_msgs/msg/detail/pixel__struct.h
-- Symlinking: /home/vboxuser/duckietown_ws/install/duckietown_msgs/include/duckietown_msgs/duckietown_msgs/msg/detail/pixel__type_support.h
-- Symlinking: /home/vboxuser/duckietown_ws/install/duckietown_msgs/include/duckietown_msgs/duckietown_msgs/msg/detail/pose2_d_stamped__functions.h
-- Symlinking: /home/vboxuser/duckietown_ws/install/duckietown_msgs/include/duckietown_msgs/duckietown_msgs/msg/detail/pose2_d_stamped__struct.h
-- Symlinking: /home/vboxuser/duckietown_ws/install/duckietown_msgs/include/duckietown_msgs/duckietown_msgs/msg/detail/pose2_d_stamped__type_support.h
-- Symlinking: /home/vboxuser/duckietown_ws/install/duckietown_msgs/include/duckietown_msgs/duckietown_msgs/msg/detail/rect__functions.h
-- Symlinking: /home/vboxuser/duckietown_ws/install/duckietown_msgs/include/duckietown_msgs/duckietown_msgs/msg/detail/rect__struct.h
-- Symlinking: /home/vboxuser/duckietown_ws/install/duckietown_msgs/include/duckietown_msgs/duckietown_msgs/msg/detail/rect__type_support.h
-- Symlinking: /home/vboxuser/duckietown_ws/install/duckietown_msgs/include/duckietown_msgs/duckietown_msgs/msg/detail/rects__functions.h
-- Symlinking: /home/vboxuser/duckietown_ws/install/duckietown_msgs/include/duckietown_msgs/duckietown_msgs/msg/detail/rects__struct.h
-- Symlinking: /home/vboxuser/duckietown_ws/install/duckietown_msgs/include/duckietown_msgs/duckietown_msgs/msg/detail/rects__type_support.h
-- Symlinking: /home/vboxuser/duckietown_ws/install/duckietown_msgs/include/duckietown_msgs/duckietown_msgs/msg/detail/scene_segments__functions.h
-- Symlinking: /home/vboxuser/duckietown_ws/install/duckietown_msgs/include/duckietown_msgs/duckietown_msgs/msg/detail/scene_segments__struct.h
-- Symlinking: /home/vboxuser/duckietown_ws/install/duckietown_msgs/include/duckietown_msgs/duckietown_msgs/msg/detail/scene_segments__type_support.h
-- Symlinking: /home/vboxuser/duckietown_ws/install/duckietown_msgs/include/duckietown_msgs/duckietown_msgs/msg/detail/segment__functions.h
-- Symlinking: /home/vboxuser/duckietown_ws/install/duckietown_msgs/include/duckietown_msgs/duckietown_msgs/msg/detail/segment__struct.h
-- Symlinking: /home/vboxuser/duckietown_ws/install/duckietown_msgs/include/duckietown_msgs/duckietown_msgs/msg/detail/segment__type_support.h
-- Symlinking: /home/vboxuser/duckietown_ws/install/duckietown_msgs/include/duckietown_msgs/duckietown_msgs/msg/detail/segment_list__functions.h
-- Symlinking: /home/vboxuser/duckietown_ws/install/duckietown_msgs/include/duckietown_msgs/duckietown_msgs/msg/detail/segment_list__struct.h
-- Symlinking: /home/vboxuser/duckietown_ws/install/duckietown_msgs/include/duckietown_msgs/duckietown_msgs/msg/detail/segment_list__type_support.h
-- Symlinking: /home/vboxuser/duckietown_ws/install/duckietown_msgs/include/duckietown_msgs/duckietown_msgs/msg/detail/signals_detection__functions.h
-- Symlinking: /home/vboxuser/duckietown_ws/install/duckietown_msgs/include/duckietown_msgs/duckietown_msgs/msg/detail/signals_detection__struct.h
-- Symlinking: /home/vboxuser/duckietown_ws/install/duckietown_msgs/include/duckietown_msgs/duckietown_msgs/msg/detail/signals_detection__type_support.h
-- Symlinking: /home/vboxuser/duckietown_ws/install/duckietown_msgs/include/duckietown_msgs/duckietown_msgs/msg/detail/signals_detection_ethz17__functions.h
-- Symlinking: /home/vboxuser/duckietown_ws/install/duckietown_msgs/include/duckietown_msgs/duckietown_msgs/msg/detail/signals_detection_ethz17__struct.h
-- Symlinking: /home/vboxuser/duckietown_ws/install/duckietown_msgs/include/duckietown_msgs/duckietown_msgs/msg/detail/signals_detection_ethz17__type_support.h
-- Symlinking: /home/vboxuser/duckietown_ws/install/duckietown_msgs/include/duckietown_msgs/duckietown_msgs/msg/detail/source_target_nodes__functions.h
-- Symlinking: /home/vboxuser/duckietown_ws/install/duckietown_msgs/include/duckietown_msgs/duckietown_msgs/msg/detail/source_target_nodes__struct.h
-- Symlinking: /home/vboxuser/duckietown_ws/install/duckietown_msgs/include/duckietown_msgs/duckietown_msgs/msg/detail/source_target_nodes__type_support.h
-- Symlinking: /home/vboxuser/duckietown_ws/install/duckietown_msgs/include/duckietown_msgs/duckietown_msgs/msg/detail/stop_line_reading__functions.h
-- Symlinking: /home/vboxuser/duckietown_ws/install/duckietown_msgs/include/duckietown_msgs/duckietown_msgs/msg/detail/stop_line_reading__struct.h
-- Symlinking: /home/vboxuser/duckietown_ws/install/duckietown_msgs/include/duckietown_msgs/duckietown_msgs/msg/detail/stop_line_reading__type_support.h
-- Symlinking: /home/vboxuser/duckietown_ws/install/duckietown_msgs/include/duckietown_msgs/duckietown_msgs/msg/detail/tag_info__functions.h
-- Symlinking: /home/vboxuser/duckietown_ws/install/duckietown_msgs/include/duckietown_msgs/duckietown_msgs/msg/detail/tag_info__struct.h
-- Symlinking: /home/vboxuser/duckietown_ws/install/duckietown_msgs/include/duckietown_msgs/duckietown_msgs/msg/detail/tag_info__type_support.h
-- Symlinking: /home/vboxuser/duckietown_ws/install/duckietown_msgs/include/duckietown_msgs/duckietown_msgs/msg/detail/theta_dot_sample__functions.h
-- Symlinking: /home/vboxuser/duckietown_ws/install/duckietown_msgs/include/duckietown_msgs/duckietown_msgs/msg/detail/theta_dot_sample__struct.h
-- Symlinking: /home/vboxuser/duckietown_ws/install/duckietown_msgs/include/duckietown_msgs/duckietown_msgs/msg/detail/theta_dot_sample__type_support.h
-- Symlinking: /home/vboxuser/duckietown_ws/install/duckietown_msgs/include/duckietown_msgs/duckietown_msgs/msg/detail/trajectory__functions.h
-- Symlinking: /home/vboxuser/duckietown_ws/install/duckietown_msgs/include/duckietown_msgs/duckietown_msgs/msg/detail/trajectory__struct.h
-- Symlinking: /home/vboxuser/duckietown_ws/install/duckietown_msgs/include/duckietown_msgs/duckietown_msgs/msg/detail/trajectory__type_support.h
-- Symlinking: /home/vboxuser/duckietown_ws/install/duckietown_msgs/include/duckietown_msgs/duckietown_msgs/msg/detail/turn_i_dand_type__functions.h
-- Symlinking: /home/vboxuser/duckietown_ws/install/duckietown_msgs/include/duckietown_msgs/duckietown_msgs/msg/detail/turn_i_dand_type__struct.h
-- Symlinking: /home/vboxuser/duckietown_ws/install/duckietown_msgs/include/duckietown_msgs/duckietown_msgs/msg/detail/turn_i_dand_type__type_support.h
-- Symlinking: /home/vboxuser/duckietown_ws/install/duckietown_msgs/include/duckietown_msgs/duckietown_msgs/msg/detail/twist2_d_stamped__functions.h
-- Symlinking: /home/vboxuser/duckietown_ws/install/duckietown_msgs/include/duckietown_msgs/duckietown_msgs/msg/detail/twist2_d_stamped__struct.h
-- Symlinking: /home/vboxuser/duckietown_ws/install/duckietown_msgs/include/duckietown_msgs/duckietown_msgs/msg/detail/twist2_d_stamped__type_support.h
-- Symlinking: /home/vboxuser/duckietown_ws/install/duckietown_msgs/include/duckietown_msgs/duckietown_msgs/msg/detail/twist2_d_stamped_ethz17__functions.h
-- Symlinking: /home/vboxuser/duckietown_ws/install/duckietown_msgs/include/duckietown_msgs/duckietown_msgs/msg/detail/twist2_d_stamped_ethz17__struct.h
-- Symlinking: /home/vboxuser/duckietown_ws/install/duckietown_msgs/include/duckietown_msgs/duckietown_msgs/msg/detail/twist2_d_stamped_ethz17__type_support.h
-- Symlinking: /home/vboxuser/duckietown_ws/install/duckietown_msgs/include/duckietown_msgs/duckietown_msgs/msg/detail/vector2_d__functions.h
-- Symlinking: /home/vboxuser/duckietown_ws/install/duckietown_msgs/include/duckietown_msgs/duckietown_msgs/msg/detail/vector2_d__struct.h
-- Symlinking: /home/vboxuser/duckietown_ws/install/duckietown_msgs/include/duckietown_msgs/duckietown_msgs/msg/detail/vector2_d__type_support.h
-- Symlinking: /home/vboxuser/duckietown_ws/install/duckietown_msgs/include/duckietown_msgs/duckietown_msgs/msg/detail/vehicle_corners__functions.h
-- Symlinking: /home/vboxuser/duckietown_ws/install/duckietown_msgs/include/duckietown_msgs/duckietown_msgs/msg/detail/vehicle_corners__struct.h
-- Symlinking: /home/vboxuser/duckietown_ws/install/duckietown_msgs/include/duckietown_msgs/duckietown_msgs/msg/detail/vehicle_corners__type_support.h
-- Symlinking: /home/vboxuser/duckietown_ws/install/duckietown_msgs/include/duckietown_msgs/duckietown_msgs/msg/detail/vehicle_pose__functions.h
-- Symlinking: /home/vboxuser/duckietown_ws/install/duckietown_msgs/include/duckietown_msgs/duckietown_msgs/msg/detail/vehicle_pose__struct.h
-- Symlinking: /home/vboxuser/duckietown_ws/install/duckietown_msgs/include/duckietown_msgs/duckietown_msgs/msg/detail/vehicle_pose__type_support.h
-- Symlinking: /home/vboxuser/duckietown_ws/install/duckietown_msgs/include/duckietown_msgs/duckietown_msgs/msg/detail/vsample__functions.h
-- Symlinking: /home/vboxuser/duckietown_ws/install/duckietown_msgs/include/duckietown_msgs/duckietown_msgs/msg/detail/vsample__struct.h
-- Symlinking: /home/vboxuser/duckietown_ws/install/duckietown_msgs/include/duckietown_msgs/duckietown_msgs/msg/detail/vsample__type_support.h
-- Symlinking: /home/vboxuser/duckietown_ws/install/duckietown_msgs/include/duckietown_msgs/duckietown_msgs/msg/detail/wheels_cmd__functions.h
-- Symlinking: /home/vboxuser/duckietown_ws/install/duckietown_msgs/include/duckietown_msgs/duckietown_msgs/msg/detail/wheels_cmd__struct.h
-- Symlinking: /home/vboxuser/duckietown_ws/install/duckietown_msgs/include/duckietown_msgs/duckietown_msgs/msg/detail/wheels_cmd__type_support.h
-- Symlinking: /home/vboxuser/duckietown_ws/install/duckietown_msgs/include/duckietown_msgs/duckietown_msgs/msg/detail/wheels_cmd_stamped__functions.h
-- Symlinking: /home/vboxuser/duckietown_ws/install/duckietown_msgs/include/duckietown_msgs/duckietown_msgs/msg/detail/wheels_cmd_stamped__struct.h
-- Symlinking: /home/vboxuser/duckietown_ws/install/duckietown_msgs/include/duckietown_msgs/duckietown_msgs/msg/detail/wheels_cmd_stamped__type_support.h
-- Symlinking: /home/vboxuser/duckietown_ws/install/duckietown_msgs/include/duckietown_msgs/duckietown_msgs/msg/duckie_sensor.h
-- Symlinking: /home/vboxuser/duckietown_ws/install/duckietown_msgs/include/duckietown_msgs/duckietown_msgs/msg/fsm_state.h
-- Symlinking: /home/vboxuser/duckietown_ws/install/duckietown_msgs/include/duckietown_msgs/duckietown_msgs/msg/intersection_pose.h
-- Symlinking: /home/vboxuser/duckietown_ws/install/duckietown_msgs/include/duckietown_msgs/duckietown_msgs/msg/intersection_pose_img.h
-- Symlinking: /home/vboxuser/duckietown_ws/install/duckietown_msgs/include/duckietown_msgs/duckietown_msgs/msg/intersection_pose_img_debug.h
-- Symlinking: /home/vboxuser/duckietown_ws/install/duckietown_msgs/include/duckietown_msgs/duckietown_msgs/msg/kinematics_parameters.h
-- Symlinking: /home/vboxuser/duckietown_ws/install/duckietown_msgs/include/duckietown_msgs/duckietown_msgs/msg/kinematics_weights.h
-- Symlinking: /home/vboxuser/duckietown_ws/install/duckietown_msgs/include/duckietown_msgs/duckietown_msgs/msg/lane_pose.h
-- Symlinking: /home/vboxuser/duckietown_ws/install/duckietown_msgs/include/duckietown_msgs/duckietown_msgs/msg/led_detection.h
-- Symlinking: /home/vboxuser/duckietown_ws/install/duckietown_msgs/include/duckietown_msgs/duckietown_msgs/msg/led_detection_array.h
-- Symlinking: /home/vboxuser/duckietown_ws/install/duckietown_msgs/include/duckietown_msgs/duckietown_msgs/msg/led_detection_debug_info.h
-- Symlinking: /home/vboxuser/duckietown_ws/install/duckietown_msgs/include/duckietown_msgs/duckietown_msgs/msg/led_interpreter.h
-- Symlinking: /home/vboxuser/duckietown_ws/install/duckietown_msgs/include/duckietown_msgs/duckietown_msgs/msg/maintenance_state.h
-- Symlinking: /home/vboxuser/duckietown_ws/install/duckietown_msgs/include/duckietown_msgs/duckietown_msgs/msg/num.h
-- Symlinking: /home/vboxuser/duckietown_ws/install/duckietown_msgs/include/duckietown_msgs/duckietown_msgs/msg/obstacle_image_detection.h
-- Symlinking: /home/vboxuser/duckietown_ws/install/duckietown_msgs/include/duckietown_msgs/duckietown_msgs/msg/obstacle_image_detection_list.h
-- Symlinking: /home/vboxuser/duckietown_ws/install/duckietown_msgs/include/duckietown_msgs/duckietown_msgs/msg/obstacle_projected_detection.h
-- Symlinking: /home/vboxuser/duckietown_ws/install/duckietown_msgs/include/duckietown_msgs/duckietown_msgs/msg/obstacle_projected_detection_list.h
-- Symlinking: /home/vboxuser/duckietown_ws/install/duckietown_msgs/include/duckietown_msgs/duckietown_msgs/msg/obstacle_type.h
-- Symlinking: /home/vboxuser/duckietown_ws/install/duckietown_msgs/include/duckietown_msgs/duckietown_msgs/msg/pixel.h
-- Symlinking: /home/vboxuser/duckietown_ws/install/duckietown_msgs/include/duckietown_msgs/duckietown_msgs/msg/pose2_d_stamped.h
-- Symlinking: /home/vboxuser/duckietown_ws/install/duckietown_msgs/include/duckietown_msgs/duckietown_msgs/msg/rect.h
-- Symlinking: /home/vboxuser/duckietown_ws/install/duckietown_msgs/include/duckietown_msgs/duckietown_msgs/msg/rects.h
-- Symlinking: /home/vboxuser/duckietown_ws/install/duckietown_msgs/include/duckietown_msgs/duckietown_msgs/msg/rosidl_generator_c__visibility_control.h
-- Symlinking: /home/vboxuser/duckietown_ws/install/duckietown_msgs/include/duckietown_msgs/duckietown_msgs/msg/scene_segments.h
-- Symlinking: /home/vboxuser/duckietown_ws/install/duckietown_msgs/include/duckietown_msgs/duckietown_msgs/msg/segment.h
-- Symlinking: /home/vboxuser/duckietown_ws/install/duckietown_msgs/include/duckietown_msgs/duckietown_msgs/msg/segment_list.h
-- Symlinking: /home/vboxuser/duckietown_ws/install/duckietown_msgs/include/duckietown_msgs/duckietown_msgs/msg/signals_detection.h
-- Symlinking: /home/vboxuser/duckietown_ws/install/duckietown_msgs/include/duckietown_msgs/duckietown_msgs/msg/signals_detection_ethz17.h
-- Symlinking: /home/vboxuser/duckietown_ws/install/duckietown_msgs/include/duckietown_msgs/duckietown_msgs/msg/source_target_nodes.h
-- Symlinking: /home/vboxuser/duckietown_ws/install/duckietown_msgs/include/duckietown_msgs/duckietown_msgs/msg/stop_line_reading.h
-- Symlinking: /home/vboxuser/duckietown_ws/install/duckietown_msgs/include/duckietown_msgs/duckietown_msgs/msg/tag_info.h
-- Symlinking: /home/vboxuser/duckietown_ws/install/duckietown_msgs/include/duckietown_msgs/duckietown_msgs/msg/theta_dot_sample.h
-- Symlinking: /home/vboxuser/duckietown_ws/install/duckietown_msgs/include/duckietown_msgs/duckietown_msgs/msg/trajectory.h
-- Symlinking: /home/vboxuser/duckietown_ws/install/duckietown_msgs/include/duckietown_msgs/duckietown_msgs/msg/turn_i_dand_type.h
-- Symlinking: /home/vboxuser/duckietown_ws/install/duckietown_msgs/include/duckietown_msgs/duckietown_msgs/msg/twist2_d_stamped.h
-- Symlinking: /home/vboxuser/duckietown_ws/install/duckietown_msgs/include/duckietown_msgs/duckietown_msgs/msg/twist2_d_stamped_ethz17.h
-- Symlinking: /home/vboxuser/duckietown_ws/install/duckietown_msgs/include/duckietown_msgs/duckietown_msgs/msg/vector2_d.h
-- Symlinking: /home/vboxuser/duckietown_ws/install/duckietown_msgs/include/duckietown_msgs/duckietown_msgs/msg/vehicle_corners.h
-- Symlinking: /home/vboxuser/duckietown_ws/install/duckietown_msgs/include/duckietown_msgs/duckietown_msgs/msg/vehicle_pose.h
-- Symlinking: /home/vboxuser/duckietown_ws/install/duckietown_msgs/include/duckietown_msgs/duckietown_msgs/msg/vsample.h
-- Symlinking: /home/vboxuser/duckietown_ws/install/duckietown_msgs/include/duckietown_msgs/duckietown_msgs/msg/wheels_cmd.h
-- Symlinking: /home/vboxuser/duckietown_ws/install/duckietown_msgs/include/duckietown_msgs/duckietown_msgs/msg/wheels_cmd_stamped.h
-- Symlinking: /home/vboxuser/duckietown_ws/install/duckietown_msgs/include/duckietown_msgs/duckietown_msgs/srv/detail/get_variable__functions.h
-- Symlinking: /home/vboxuser/duckietown_ws/install/duckietown_msgs/include/duckietown_msgs/duckietown_msgs/srv/detail/get_variable__struct.h
-- Symlinking: /home/vboxuser/duckietown_ws/install/duckietown_msgs/include/duckietown_msgs/duckietown_msgs/srv/detail/get_variable__type_support.h
-- Symlinking: /home/vboxuser/duckietown_ws/install/duckietown_msgs/include/duckietown_msgs/duckietown_msgs/srv/detail/set_fsm_state__functions.h
-- Symlinking: /home/vboxuser/duckietown_ws/install/duckietown_msgs/include/duckietown_msgs/duckietown_msgs/srv/detail/set_fsm_state__struct.h
-- Symlinking: /home/vboxuser/duckietown_ws/install/duckietown_msgs/include/duckietown_msgs/duckietown_msgs/srv/detail/set_fsm_state__type_support.h
-- Symlinking: /home/vboxuser/duckietown_ws/install/duckietown_msgs/include/duckietown_msgs/duckietown_msgs/srv/detail/set_value__functions.h
-- Symlinking: /home/vboxuser/duckietown_ws/install/duckietown_msgs/include/duckietown_msgs/duckietown_msgs/srv/detail/set_value__struct.h
-- Symlinking: /home/vboxuser/duckietown_ws/install/duckietown_msgs/include/duckietown_msgs/duckietown_msgs/srv/detail/set_value__type_support.h
-- Symlinking: /home/vboxuser/duckietown_ws/install/duckietown_msgs/include/duckietown_msgs/duckietown_msgs/srv/detail/set_variable__functions.h
-- Symlinking: /home/vboxuser/duckietown_ws/install/duckietown_msgs/include/duckietown_msgs/duckietown_msgs/srv/detail/set_variable__struct.h
-- Symlinking: /home/vboxuser/duckietown_ws/install/duckietown_msgs/include/duckietown_msgs/duckietown_msgs/srv/detail/set_variable__type_support.h
-- Symlinking: /home/vboxuser/duckietown_ws/install/duckietown_msgs/include/duckietown_msgs/duckietown_msgs/srv/get_variable.h
-- Symlinking: /home/vboxuser/duckietown_ws/install/duckietown_msgs/include/duckietown_msgs/duckietown_msgs/srv/set_fsm_state.h
-- Symlinking: /home/vboxuser/duckietown_ws/install/duckietown_msgs/include/duckietown_msgs/duckietown_msgs/srv/set_value.h
-- Symlinking: /home/vboxuser/duckietown_ws/install/duckietown_msgs/include/duckietown_msgs/duckietown_msgs/srv/set_variable.h
-- Symlinking: /home/vboxuser/duckietown_ws/install/duckietown_msgs/share/duckietown_msgs/environment/library_path.sh
-- Symlinking: /home/vboxuser/duckietown_ws/install/duckietown_msgs/share/duckietown_msgs/environment/library_path.dsv
-- Symlinking: /home/vboxuser/duckietown_ws/install/duckietown_msgs/include/duckietown_msgs/duckietown_msgs/msg/detail/anti_instagram_health__rosidl_typesupport_fastrtps_c.h
-- Symlinking: /home/vboxuser/duckietown_ws/install/duckietown_msgs/include/duckietown_msgs/duckietown_msgs/msg/detail/anti_instagram_transform__rosidl_typesupport_fastrtps_c.h
-- Symlinking: /home/vboxuser/duckietown_ws/install/duckietown_msgs/include/duckietown_msgs/duckietown_msgs/msg/detail/anti_instagram_transform_cb__rosidl_typesupport_fastrtps_c.h
-- Symlinking: /home/vboxuser/duckietown_ws/install/duckietown_msgs/include/duckietown_msgs/duckietown_msgs/msg/detail/april_tag_detection__rosidl_typesupport_fastrtps_c.h
-- Symlinking: /home/vboxuser/duckietown_ws/install/duckietown_msgs/include/duckietown_msgs/duckietown_msgs/msg/detail/april_tag_detection_array__rosidl_typesupport_fastrtps_c.h
-- Symlinking: /home/vboxuser/duckietown_ws/install/duckietown_msgs/include/duckietown_msgs/duckietown_msgs/msg/detail/april_tags_with_infos__rosidl_typesupport_fastrtps_c.h
-- Symlinking: /home/vboxuser/duckietown_ws/install/duckietown_msgs/include/duckietown_msgs/duckietown_msgs/msg/detail/bool_stamped__rosidl_typesupport_fastrtps_c.h
-- Symlinking: /home/vboxuser/duckietown_ws/install/duckietown_msgs/include/duckietown_msgs/duckietown_msgs/msg/detail/bool_stamped_ethz17__rosidl_typesupport_fastrtps_c.h
-- Symlinking: /home/vboxuser/duckietown_ws/install/duckietown_msgs/include/duckietown_msgs/duckietown_msgs/msg/detail/car_control__rosidl_typesupport_fastrtps_c.h
-- Symlinking: /home/vboxuser/duckietown_ws/install/duckietown_msgs/include/duckietown_msgs/duckietown_msgs/msg/detail/coordination_clearance__rosidl_typesupport_fastrtps_c.h
-- Symlinking: /home/vboxuser/duckietown_ws/install/duckietown_msgs/include/duckietown_msgs/duckietown_msgs/msg/detail/coordination_clearance_ethz17__rosidl_typesupport_fastrtps_c.h
-- Symlinking: /home/vboxuser/duckietown_ws/install/duckietown_msgs/include/duckietown_msgs/duckietown_msgs/msg/detail/coordination_signal__rosidl_typesupport_fastrtps_c.h
-- Symlinking: /home/vboxuser/duckietown_ws/install/duckietown_msgs/include/duckietown_msgs/duckietown_msgs/msg/detail/coordination_signal_ethz17__rosidl_typesupport_fastrtps_c.h
-- Symlinking: /home/vboxuser/duckietown_ws/install/duckietown_msgs/include/duckietown_msgs/duckietown_msgs/msg/detail/duckie_sensor__rosidl_typesupport_fastrtps_c.h
-- Symlinking: /home/vboxuser/duckietown_ws/install/duckietown_msgs/include/duckietown_msgs/duckietown_msgs/msg/detail/fsm_state__rosidl_typesupport_fastrtps_c.h
-- Symlinking: /home/vboxuser/duckietown_ws/install/duckietown_msgs/include/duckietown_msgs/duckietown_msgs/msg/detail/intersection_pose__rosidl_typesupport_fastrtps_c.h
-- Symlinking: /home/vboxuser/duckietown_ws/install/duckietown_msgs/include/duckietown_msgs/duckietown_msgs/msg/detail/intersection_pose_img__rosidl_typesupport_fastrtps_c.h
-- Symlinking: /home/vboxuser/duckietown_ws/install/duckietown_msgs/include/duckietown_msgs/duckietown_msgs/msg/detail/intersection_pose_img_debug__rosidl_typesupport_fastrtps_c.h
-- Symlinking: /home/vboxuser/duckietown_ws/install/duckietown_msgs/include/duckietown_msgs/duckietown_msgs/msg/detail/kinematics_parameters__rosidl_typesupport_fastrtps_c.h
-- Symlinking: /home/vboxuser/duckietown_ws/install/duckietown_msgs/include/duckietown_msgs/duckietown_msgs/msg/detail/kinematics_weights__rosidl_typesupport_fastrtps_c.h
-- Symlinking: /home/vboxuser/duckietown_ws/install/duckietown_msgs/include/duckietown_msgs/duckietown_msgs/msg/detail/lane_pose__rosidl_typesupport_fastrtps_c.h
-- Symlinking: /home/vboxuser/duckietown_ws/install/duckietown_msgs/include/duckietown_msgs/duckietown_msgs/msg/detail/led_detection__rosidl_typesupport_fastrtps_c.h
-- Symlinking: /home/vboxuser/duckietown_ws/install/duckietown_msgs/include/duckietown_msgs/duckietown_msgs/msg/detail/led_detection_array__rosidl_typesupport_fastrtps_c.h
-- Symlinking: /home/vboxuser/duckietown_ws/install/duckietown_msgs/include/duckietown_msgs/duckietown_msgs/msg/detail/led_detection_debug_info__rosidl_typesupport_fastrtps_c.h
-- Symlinking: /home/vboxuser/duckietown_ws/install/duckietown_msgs/include/duckietown_msgs/duckietown_msgs/msg/detail/led_interpreter__rosidl_typesupport_fastrtps_c.h
-- Symlinking: /home/vboxuser/duckietown_ws/install/duckietown_msgs/include/duckietown_msgs/duckietown_msgs/msg/detail/maintenance_state__rosidl_typesupport_fastrtps_c.h
-- Symlinking: /home/vboxuser/duckietown_ws/install/duckietown_msgs/include/duckietown_msgs/duckietown_msgs/msg/detail/num__rosidl_typesupport_fastrtps_c.h
-- Symlinking: /home/vboxuser/duckietown_ws/install/duckietown_msgs/include/duckietown_msgs/duckietown_msgs/msg/detail/obstacle_image_detection__rosidl_typesupport_fastrtps_c.h
-- Symlinking: /home/vboxuser/duckietown_ws/install/duckietown_msgs/include/duckietown_msgs/duckietown_msgs/msg/detail/obstacle_image_detection_list__rosidl_typesupport_fastrtps_c.h
-- Symlinking: /home/vboxuser/duckietown_ws/install/duckietown_msgs/include/duckietown_msgs/duckietown_msgs/msg/detail/obstacle_projected_detection__rosidl_typesupport_fastrtps_c.h
-- Symlinking: /home/vboxuser/duckietown_ws/install/duckietown_msgs/include/duckietown_msgs/duckietown_msgs/msg/detail/obstacle_projected_detection_list__rosidl_typesupport_fastrtps_c.h
-- Symlinking: /home/vboxuser/duckietown_ws/install/duckietown_msgs/include/duckietown_msgs/duckietown_msgs/msg/detail/obstacle_type__rosidl_typesupport_fastrtps_c.h
-- Symlinking: /home/vboxuser/duckietown_ws/install/duckietown_msgs/include/duckietown_msgs/duckietown_msgs/msg/detail/pixel__rosidl_typesupport_fastrtps_c.h
-- Symlinking: /home/vboxuser/duckietown_ws/install/duckietown_msgs/include/duckietown_msgs/duckietown_msgs/msg/detail/pose2_d_stamped__rosidl_typesupport_fastrtps_c.h
-- Symlinking: /home/vboxuser/duckietown_ws/install/duckietown_msgs/include/duckietown_msgs/duckietown_msgs/msg/detail/rect__rosidl_typesupport_fastrtps_c.h
-- Symlinking: /home/vboxuser/duckietown_ws/install/duckietown_msgs/include/duckietown_msgs/duckietown_msgs/msg/detail/rects__rosidl_typesupport_fastrtps_c.h
-- Symlinking: /home/vboxuser/duckietown_ws/install/duckietown_msgs/include/duckietown_msgs/duckietown_msgs/msg/detail/scene_segments__rosidl_typesupport_fastrtps_c.h
-- Symlinking: /home/vboxuser/duckietown_ws/install/duckietown_msgs/include/duckietown_msgs/duckietown_msgs/msg/detail/segment__rosidl_typesupport_fastrtps_c.h
-- Symlinking: /home/vboxuser/duckietown_ws/install/duckietown_msgs/include/duckietown_msgs/duckietown_msgs/msg/detail/segment_list__rosidl_typesupport_fastrtps_c.h
-- Symlinking: /home/vboxuser/duckietown_ws/install/duckietown_msgs/include/duckietown_msgs/duckietown_msgs/msg/detail/signals_detection__rosidl_typesupport_fastrtps_c.h
-- Symlinking: /home/vboxuser/duckietown_ws/install/duckietown_msgs/include/duckietown_msgs/duckietown_msgs/msg/detail/signals_detection_ethz17__rosidl_typesupport_fastrtps_c.h
-- Symlinking: /home/vboxuser/duckietown_ws/install/duckietown_msgs/include/duckietown_msgs/duckietown_msgs/msg/detail/source_target_nodes__rosidl_typesupport_fastrtps_c.h
-- Symlinking: /home/vboxuser/duckietown_ws/install/duckietown_msgs/include/duckietown_msgs/duckietown_msgs/msg/detail/stop_line_reading__rosidl_typesupport_fastrtps_c.h
-- Symlinking: /home/vboxuser/duckietown_ws/install/duckietown_msgs/include/duckietown_msgs/duckietown_msgs/msg/detail/tag_info__rosidl_typesupport_fastrtps_c.h
-- Symlinking: /home/vboxuser/duckietown_ws/install/duckietown_msgs/include/duckietown_msgs/duckietown_msgs/msg/detail/theta_dot_sample__rosidl_typesupport_fastrtps_c.h
-- Symlinking: /home/vboxuser/duckietown_ws/install/duckietown_msgs/include/duckietown_msgs/duckietown_msgs/msg/detail/trajectory__rosidl_typesupport_fastrtps_c.h
-- Symlinking: /home/vboxuser/duckietown_ws/install/duckietown_msgs/include/duckietown_msgs/duckietown_msgs/msg/detail/turn_i_dand_type__rosidl_typesupport_fastrtps_c.h
-- Symlinking: /home/vboxuser/duckietown_ws/install/duckietown_msgs/include/duckietown_msgs/duckietown_msgs/msg/detail/twist2_d_stamped__rosidl_typesupport_fastrtps_c.h
-- Symlinking: /home/vboxuser/duckietown_ws/install/duckietown_msgs/include/duckietown_msgs/duckietown_msgs/msg/detail/twist2_d_stamped_ethz17__rosidl_typesupport_fastrtps_c.h
-- Symlinking: /home/vboxuser/duckietown_ws/install/duckietown_msgs/include/duckietown_msgs/duckietown_msgs/msg/detail/vector2_d__rosidl_typesupport_fastrtps_c.h
-- Symlinking: /home/vboxuser/duckietown_ws/install/duckietown_msgs/include/duckietown_msgs/duckietown_msgs/msg/detail/vehicle_corners__rosidl_typesupport_fastrtps_c.h
-- Symlinking: /home/vboxuser/duckietown_ws/install/duckietown_msgs/include/duckietown_msgs/duckietown_msgs/msg/detail/vehicle_pose__rosidl_typesupport_fastrtps_c.h
-- Symlinking: /home/vboxuser/duckietown_ws/install/duckietown_msgs/include/duckietown_msgs/duckietown_msgs/msg/detail/vsample__rosidl_typesupport_fastrtps_c.h
-- Symlinking: /home/vboxuser/duckietown_ws/install/duckietown_msgs/include/duckietown_msgs/duckietown_msgs/msg/detail/wheels_cmd__rosidl_typesupport_fastrtps_c.h
-- Symlinking: /home/vboxuser/duckietown_ws/install/duckietown_msgs/include/duckietown_msgs/duckietown_msgs/msg/detail/wheels_cmd_stamped__rosidl_typesupport_fastrtps_c.h
-- Symlinking: /home/vboxuser/duckietown_ws/install/duckietown_msgs/include/duckietown_msgs/duckietown_msgs/msg/rosidl_typesupport_fastrtps_c__visibility_control.h
-- Symlinking: /home/vboxuser/duckietown_ws/install/duckietown_msgs/include/duckietown_msgs/duckietown_msgs/srv/detail/get_variable__rosidl_typesupport_fastrtps_c.h
-- Symlinking: /home/vboxuser/duckietown_ws/install/duckietown_msgs/include/duckietown_msgs/duckietown_msgs/srv/detail/set_fsm_state__rosidl_typesupport_fastrtps_c.h
-- Symlinking: /home/vboxuser/duckietown_ws/install/duckietown_msgs/include/duckietown_msgs/duckietown_msgs/srv/detail/set_value__rosidl_typesupport_fastrtps_c.h
-- Symlinking: /home/vboxuser/duckietown_ws/install/duckietown_msgs/include/duckietown_msgs/duckietown_msgs/srv/detail/set_variable__rosidl_typesupport_fastrtps_c.h
-- Symlinking: /home/vboxuser/duckietown_ws/install/duckietown_msgs/include/duckietown_msgs/duckietown_msgs/msg/detail/anti_instagram_health__rosidl_typesupport_introspection_c.h
-- Symlinking: /home/vboxuser/duckietown_ws/install/duckietown_msgs/include/duckietown_msgs/duckietown_msgs/msg/detail/anti_instagram_transform__rosidl_typesupport_introspection_c.h
-- Symlinking: /home/vboxuser/duckietown_ws/install/duckietown_msgs/include/duckietown_msgs/duckietown_msgs/msg/detail/anti_instagram_transform_cb__rosidl_typesupport_introspection_c.h
-- Symlinking: /home/vboxuser/duckietown_ws/install/duckietown_msgs/include/duckietown_msgs/duckietown_msgs/msg/detail/april_tag_detection__rosidl_typesupport_introspection_c.h
-- Symlinking: /home/vboxuser/duckietown_ws/install/duckietown_msgs/include/duckietown_msgs/duckietown_msgs/msg/detail/april_tag_detection_array__rosidl_typesupport_introspection_c.h
-- Symlinking: /home/vboxuser/duckietown_ws/install/duckietown_msgs/include/duckietown_msgs/duckietown_msgs/msg/detail/april_tags_with_infos__rosidl_typesupport_introspection_c.h
-- Symlinking: /home/vboxuser/duckietown_ws/install/duckietown_msgs/include/duckietown_msgs/duckietown_msgs/msg/detail/bool_stamped__rosidl_typesupport_introspection_c.h
-- Symlinking: /home/vboxuser/duckietown_ws/install/duckietown_msgs/include/duckietown_msgs/duckietown_msgs/msg/detail/bool_stamped_ethz17__rosidl_typesupport_introspection_c.h
-- Symlinking: /home/vboxuser/duckietown_ws/install/duckietown_msgs/include/duckietown_msgs/duckietown_msgs/msg/detail/car_control__rosidl_typesupport_introspection_c.h
-- Symlinking: /home/vboxuser/duckietown_ws/install/duckietown_msgs/include/duckietown_msgs/duckietown_msgs/msg/detail/coordination_clearance__rosidl_typesupport_introspection_c.h
-- Symlinking: /home/vboxuser/duckietown_ws/install/duckietown_msgs/include/duckietown_msgs/duckietown_msgs/msg/detail/coordination_clearance_ethz17__rosidl_typesupport_introspection_c.h
-- Symlinking: /home/vboxuser/duckietown_ws/install/duckietown_msgs/include/duckietown_msgs/duckietown_msgs/msg/detail/coordination_signal__rosidl_typesupport_introspection_c.h
-- Symlinking: /home/vboxuser/duckietown_ws/install/duckietown_msgs/include/duckietown_msgs/duckietown_msgs/msg/detail/coordination_signal_ethz17__rosidl_typesupport_introspection_c.h
-- Symlinking: /home/vboxuser/duckietown_ws/install/duckietown_msgs/include/duckietown_msgs/duckietown_msgs/msg/detail/duckie_sensor__rosidl_typesupport_introspection_c.h
-- Symlinking: /home/vboxuser/duckietown_ws/install/duckietown_msgs/include/duckietown_msgs/duckietown_msgs/msg/detail/fsm_state__rosidl_typesupport_introspection_c.h
-- Symlinking: /home/vboxuser/duckietown_ws/install/duckietown_msgs/include/duckietown_msgs/duckietown_msgs/msg/detail/intersection_pose__rosidl_typesupport_introspection_c.h
-- Symlinking: /home/vboxuser/duckietown_ws/install/duckietown_msgs/include/duckietown_msgs/duckietown_msgs/msg/detail/intersection_pose_img__rosidl_typesupport_introspection_c.h
-- Symlinking: /home/vboxuser/duckietown_ws/install/duckietown_msgs/include/duckietown_msgs/duckietown_msgs/msg/detail/intersection_pose_img_debug__rosidl_typesupport_introspection_c.h
-- Symlinking: /home/vboxuser/duckietown_ws/install/duckietown_msgs/include/duckietown_msgs/duckietown_msgs/msg/detail/kinematics_parameters__rosidl_typesupport_introspection_c.h
-- Symlinking: /home/vboxuser/duckietown_ws/install/duckietown_msgs/include/duckietown_msgs/duckietown_msgs/msg/detail/kinematics_weights__rosidl_typesupport_introspection_c.h
-- Symlinking: /home/vboxuser/duckietown_ws/install/duckietown_msgs/include/duckietown_msgs/duckietown_msgs/msg/detail/lane_pose__rosidl_typesupport_introspection_c.h
-- Symlinking: /home/vboxuser/duckietown_ws/install/duckietown_msgs/include/duckietown_msgs/duckietown_msgs/msg/detail/led_detection__rosidl_typesupport_introspection_c.h
-- Symlinking: /home/vboxuser/duckietown_ws/install/duckietown_msgs/include/duckietown_msgs/duckietown_msgs/msg/detail/led_detection_array__rosidl_typesupport_introspection_c.h
-- Symlinking: /home/vboxuser/duckietown_ws/install/duckietown_msgs/include/duckietown_msgs/duckietown_msgs/msg/detail/led_detection_debug_info__rosidl_typesupport_introspection_c.h
-- Symlinking: /home/vboxuser/duckietown_ws/install/duckietown_msgs/include/duckietown_msgs/duckietown_msgs/msg/detail/led_interpreter__rosidl_typesupport_introspection_c.h
-- Symlinking: /home/vboxuser/duckietown_ws/install/duckietown_msgs/include/duckietown_msgs/duckietown_msgs/msg/detail/maintenance_state__rosidl_typesupport_introspection_c.h
-- Symlinking: /home/vboxuser/duckietown_ws/install/duckietown_msgs/include/duckietown_msgs/duckietown_msgs/msg/detail/num__rosidl_typesupport_introspection_c.h
-- Symlinking: /home/vboxuser/duckietown_ws/install/duckietown_msgs/include/duckietown_msgs/duckietown_msgs/msg/detail/obstacle_image_detection__rosidl_typesupport_introspection_c.h
-- Symlinking: /home/vboxuser/duckietown_ws/install/duckietown_msgs/include/duckietown_msgs/duckietown_msgs/msg/detail/obstacle_image_detection_list__rosidl_typesupport_introspection_c.h
-- Symlinking: /home/vboxuser/duckietown_ws/install/duckietown_msgs/include/duckietown_msgs/duckietown_msgs/msg/detail/obstacle_projected_detection__rosidl_typesupport_introspection_c.h
-- Symlinking: /home/vboxuser/duckietown_ws/install/duckietown_msgs/include/duckietown_msgs/duckietown_msgs/msg/detail/obstacle_projected_detection_list__rosidl_typesupport_introspection_c.h
-- Symlinking: /home/vboxuser/duckietown_ws/install/duckietown_msgs/include/duckietown_msgs/duckietown_msgs/msg/detail/obstacle_type__rosidl_typesupport_introspection_c.h
-- Symlinking: /home/vboxuser/duckietown_ws/install/duckietown_msgs/include/duckietown_msgs/duckietown_msgs/msg/detail/pixel__rosidl_typesupport_introspection_c.h
-- Symlinking: /home/vboxuser/duckietown_ws/install/duckietown_msgs/include/duckietown_msgs/duckietown_msgs/msg/detail/pose2_d_stamped__rosidl_typesupport_introspection_c.h
-- Symlinking: /home/vboxuser/duckietown_ws/install/duckietown_msgs/include/duckietown_msgs/duckietown_msgs/msg/detail/rect__rosidl_typesupport_introspection_c.h
-- Symlinking: /home/vboxuser/duckietown_ws/install/duckietown_msgs/include/duckietown_msgs/duckietown_msgs/msg/detail/rects__rosidl_typesupport_introspection_c.h
-- Symlinking: /home/vboxuser/duckietown_ws/install/duckietown_msgs/include/duckietown_msgs/duckietown_msgs/msg/detail/scene_segments__rosidl_typesupport_introspection_c.h
-- Symlinking: /home/vboxuser/duckietown_ws/install/duckietown_msgs/include/duckietown_msgs/duckietown_msgs/msg/detail/segment__rosidl_typesupport_introspection_c.h
-- Symlinking: /home/vboxuser/duckietown_ws/install/duckietown_msgs/include/duckietown_msgs/duckietown_msgs/msg/detail/segment_list__rosidl_typesupport_introspection_c.h
-- Symlinking: /home/vboxuser/duckietown_ws/install/duckietown_msgs/include/duckietown_msgs/duckietown_msgs/msg/detail/signals_detection__rosidl_typesupport_introspection_c.h
-- Symlinking: /home/vboxuser/duckietown_ws/install/duckietown_msgs/include/duckietown_msgs/duckietown_msgs/msg/detail/signals_detection_ethz17__rosidl_typesupport_introspection_c.h
-- Symlinking: /home/vboxuser/duckietown_ws/install/duckietown_msgs/include/duckietown_msgs/duckietown_msgs/msg/detail/source_target_nodes__rosidl_typesupport_introspection_c.h
-- Symlinking: /home/vboxuser/duckietown_ws/install/duckietown_msgs/include/duckietown_msgs/duckietown_msgs/msg/detail/stop_line_reading__rosidl_typesupport_introspection_c.h
-- Symlinking: /home/vboxuser/duckietown_ws/install/duckietown_msgs/include/duckietown_msgs/duckietown_msgs/msg/detail/tag_info__rosidl_typesupport_introspection_c.h
-- Symlinking: /home/vboxuser/duckietown_ws/install/duckietown_msgs/include/duckietown_msgs/duckietown_msgs/msg/detail/theta_dot_sample__rosidl_typesupport_introspection_c.h
-- Symlinking: /home/vboxuser/duckietown_ws/install/duckietown_msgs/include/duckietown_msgs/duckietown_msgs/msg/detail/trajectory__rosidl_typesupport_introspection_c.h
-- Symlinking: /home/vboxuser/duckietown_ws/install/duckietown_msgs/include/duckietown_msgs/duckietown_msgs/msg/detail/turn_i_dand_type__rosidl_typesupport_introspection_c.h
-- Symlinking: /home/vboxuser/duckietown_ws/install/duckietown_msgs/include/duckietown_msgs/duckietown_msgs/msg/detail/twist2_d_stamped__rosidl_typesupport_introspection_c.h
-- Symlinking: /home/vboxuser/duckietown_ws/install/duckietown_msgs/include/duckietown_msgs/duckietown_msgs/msg/detail/twist2_d_stamped_ethz17__rosidl_typesupport_introspection_c.h
-- Symlinking: /home/vboxuser/duckietown_ws/install/duckietown_msgs/include/duckietown_msgs/duckietown_msgs/msg/detail/vector2_d__rosidl_typesupport_introspection_c.h
-- Symlinking: /home/vboxuser/duckietown_ws/install/duckietown_msgs/include/duckietown_msgs/duckietown_msgs/msg/detail/vehicle_corners__rosidl_typesupport_introspection_c.h
-- Symlinking: /home/vboxuser/duckietown_ws/install/duckietown_msgs/include/duckietown_msgs/duckietown_msgs/msg/detail/vehicle_pose__rosidl_typesupport_introspection_c.h
-- Symlinking: /home/vboxuser/duckietown_ws/install/duckietown_msgs/include/duckietown_msgs/duckietown_msgs/msg/detail/vsample__rosidl_typesupport_introspection_c.h
-- Symlinking: /home/vboxuser/duckietown_ws/install/duckietown_msgs/include/duckietown_msgs/duckietown_msgs/msg/detail/wheels_cmd__rosidl_typesupport_introspection_c.h
-- Symlinking: /home/vboxuser/duckietown_ws/install/duckietown_msgs/include/duckietown_msgs/duckietown_msgs/msg/detail/wheels_cmd_stamped__rosidl_typesupport_introspection_c.h
-- Symlinking: /home/vboxuser/duckietown_ws/install/duckietown_msgs/include/duckietown_msgs/duckietown_msgs/msg/rosidl_typesupport_introspection_c__visibility_control.h
-- Symlinking: /home/vboxuser/duckietown_ws/install/duckietown_msgs/include/duckietown_msgs/duckietown_msgs/srv/detail/get_variable__rosidl_typesupport_introspection_c.h
-- Symlinking: /home/vboxuser/duckietown_ws/install/duckietown_msgs/include/duckietown_msgs/duckietown_msgs/srv/detail/set_fsm_state__rosidl_typesupport_introspection_c.h
-- Symlinking: /home/vboxuser/duckietown_ws/install/duckietown_msgs/include/duckietown_msgs/duckietown_msgs/srv/detail/set_value__rosidl_typesupport_introspection_c.h
-- Symlinking: /home/vboxuser/duckietown_ws/install/duckietown_msgs/include/duckietown_msgs/duckietown_msgs/srv/detail/set_variable__rosidl_typesupport_introspection_c.h
-- Symlinking: /home/vboxuser/duckietown_ws/install/duckietown_msgs/include/duckietown_msgs/duckietown_msgs/msg/anti_instagram_health.hpp
-- Symlinking: /home/vboxuser/duckietown_ws/install/duckietown_msgs/include/duckietown_msgs/duckietown_msgs/msg/anti_instagram_transform.hpp
-- Symlinking: /home/vboxuser/duckietown_ws/install/duckietown_msgs/include/duckietown_msgs/duckietown_msgs/msg/anti_instagram_transform_cb.hpp
-- Symlinking: /home/vboxuser/duckietown_ws/install/duckietown_msgs/include/duckietown_msgs/duckietown_msgs/msg/april_tag_detection.hpp
-- Symlinking: /home/vboxuser/duckietown_ws/install/duckietown_msgs/include/duckietown_msgs/duckietown_msgs/msg/april_tag_detection_array.hpp
-- Symlinking: /home/vboxuser/duckietown_ws/install/duckietown_msgs/include/duckietown_msgs/duckietown_msgs/msg/april_tags_with_infos.hpp
-- Symlinking: /home/vboxuser/duckietown_ws/install/duckietown_msgs/include/duckietown_msgs/duckietown_msgs/msg/bool_stamped.hpp
-- Symlinking: /home/vboxuser/duckietown_ws/install/duckietown_msgs/include/duckietown_msgs/duckietown_msgs/msg/bool_stamped_ethz17.hpp
-- Symlinking: /home/vboxuser/duckietown_ws/install/duckietown_msgs/include/duckietown_msgs/duckietown_msgs/msg/car_control.hpp
-- Symlinking: /home/vboxuser/duckietown_ws/install/duckietown_msgs/include/duckietown_msgs/duckietown_msgs/msg/coordination_clearance.hpp
-- Symlinking: /home/vboxuser/duckietown_ws/install/duckietown_msgs/include/duckietown_msgs/duckietown_msgs/msg/coordination_clearance_ethz17.hpp
-- Symlinking: /home/vboxuser/duckietown_ws/install/duckietown_msgs/include/duckietown_msgs/duckietown_msgs/msg/coordination_signal.hpp
-- Symlinking: /home/vboxuser/duckietown_ws/install/duckietown_msgs/include/duckietown_msgs/duckietown_msgs/msg/coordination_signal_ethz17.hpp
-- Symlinking: /home/vboxuser/duckietown_ws/install/duckietown_msgs/include/duckietown_msgs/duckietown_msgs/msg/detail/anti_instagram_health__builder.hpp
-- Symlinking: /home/vboxuser/duckietown_ws/install/duckietown_msgs/include/duckietown_msgs/duckietown_msgs/msg/detail/anti_instagram_health__struct.hpp
-- Symlinking: /home/vboxuser/duckietown_ws/install/duckietown_msgs/include/duckietown_msgs/duckietown_msgs/msg/detail/anti_instagram_health__traits.hpp
-- Symlinking: /home/vboxuser/duckietown_ws/install/duckietown_msgs/include/duckietown_msgs/duckietown_msgs/msg/detail/anti_instagram_health__type_support.hpp
-- Symlinking: /home/vboxuser/duckietown_ws/install/duckietown_msgs/include/duckietown_msgs/duckietown_msgs/msg/detail/anti_instagram_transform__builder.hpp
-- Symlinking: /home/vboxuser/duckietown_ws/install/duckietown_msgs/include/duckietown_msgs/duckietown_msgs/msg/detail/anti_instagram_transform__struct.hpp
-- Symlinking: /home/vboxuser/duckietown_ws/install/duckietown_msgs/include/duckietown_msgs/duckietown_msgs/msg/detail/anti_instagram_transform__traits.hpp
-- Symlinking: /home/vboxuser/duckietown_ws/install/duckietown_msgs/include/duckietown_msgs/duckietown_msgs/msg/detail/anti_instagram_transform__type_support.hpp
-- Symlinking: /home/vboxuser/duckietown_ws/install/duckietown_msgs/include/duckietown_msgs/duckietown_msgs/msg/detail/anti_instagram_transform_cb__builder.hpp
-- Symlinking: /home/vboxuser/duckietown_ws/install/duckietown_msgs/include/duckietown_msgs/duckietown_msgs/msg/detail/anti_instagram_transform_cb__struct.hpp
-- Symlinking: /home/vboxuser/duckietown_ws/install/duckietown_msgs/include/duckietown_msgs/duckietown_msgs/msg/detail/anti_instagram_transform_cb__traits.hpp
-- Symlinking: /home/vboxuser/duckietown_ws/install/duckietown_msgs/include/duckietown_msgs/duckietown_msgs/msg/detail/anti_instagram_transform_cb__type_support.hpp
-- Symlinking: /home/vboxuser/duckietown_ws/install/duckietown_msgs/include/duckietown_msgs/duckietown_msgs/msg/detail/april_tag_detection__builder.hpp
-- Symlinking: /home/vboxuser/duckietown_ws/install/duckietown_msgs/include/duckietown_msgs/duckietown_msgs/msg/detail/april_tag_detection__struct.hpp
-- Symlinking: /home/vboxuser/duckietown_ws/install/duckietown_msgs/include/duckietown_msgs/duckietown_msgs/msg/detail/april_tag_detection__traits.hpp
-- Symlinking: /home/vboxuser/duckietown_ws/install/duckietown_msgs/include/duckietown_msgs/duckietown_msgs/msg/detail/april_tag_detection__type_support.hpp
-- Symlinking: /home/vboxuser/duckietown_ws/install/duckietown_msgs/include/duckietown_msgs/duckietown_msgs/msg/detail/april_tag_detection_array__builder.hpp
-- Symlinking: /home/vboxuser/duckietown_ws/install/duckietown_msgs/include/duckietown_msgs/duckietown_msgs/msg/detail/april_tag_detection_array__struct.hpp
-- Symlinking: /home/vboxuser/duckietown_ws/install/duckietown_msgs/include/duckietown_msgs/duckietown_msgs/msg/detail/april_tag_detection_array__traits.hpp
-- Symlinking: /home/vboxuser/duckietown_ws/install/duckietown_msgs/include/duckietown_msgs/duckietown_msgs/msg/detail/april_tag_detection_array__type_support.hpp
-- Symlinking: /home/vboxuser/duckietown_ws/install/duckietown_msgs/include/duckietown_msgs/duckietown_msgs/msg/detail/april_tags_with_infos__builder.hpp
-- Symlinking: /home/vboxuser/duckietown_ws/install/duckietown_msgs/include/duckietown_msgs/duckietown_msgs/msg/detail/april_tags_with_infos__struct.hpp
-- Symlinking: /home/vboxuser/duckietown_ws/install/duckietown_msgs/include/duckietown_msgs/duckietown_msgs/msg/detail/april_tags_with_infos__traits.hpp
-- Symlinking: /home/vboxuser/duckietown_ws/install/duckietown_msgs/include/duckietown_msgs/duckietown_msgs/msg/detail/april_tags_with_infos__type_support.hpp
-- Symlinking: /home/vboxuser/duckietown_ws/install/duckietown_msgs/include/duckietown_msgs/duckietown_msgs/msg/detail/bool_stamped__builder.hpp
-- Symlinking: /home/vboxuser/duckietown_ws/install/duckietown_msgs/include/duckietown_msgs/duckietown_msgs/msg/detail/bool_stamped__struct.hpp
-- Symlinking: /home/vboxuser/duckietown_ws/install/duckietown_msgs/include/duckietown_msgs/duckietown_msgs/msg/detail/bool_stamped__traits.hpp
-- Symlinking: /home/vboxuser/duckietown_ws/install/duckietown_msgs/include/duckietown_msgs/duckietown_msgs/msg/detail/bool_stamped__type_support.hpp
-- Symlinking: /home/vboxuser/duckietown_ws/install/duckietown_msgs/include/duckietown_msgs/duckietown_msgs/msg/detail/bool_stamped_ethz17__builder.hpp
-- Symlinking: /home/vboxuser/duckietown_ws/install/duckietown_msgs/include/duckietown_msgs/duckietown_msgs/msg/detail/bool_stamped_ethz17__struct.hpp
-- Symlinking: /home/vboxuser/duckietown_ws/install/duckietown_msgs/include/duckietown_msgs/duckietown_msgs/msg/detail/bool_stamped_ethz17__traits.hpp
-- Symlinking: /home/vboxuser/duckietown_ws/install/duckietown_msgs/include/duckietown_msgs/duckietown_msgs/msg/detail/bool_stamped_ethz17__type_support.hpp
-- Symlinking: /home/vboxuser/duckietown_ws/install/duckietown_msgs/include/duckietown_msgs/duckietown_msgs/msg/detail/car_control__builder.hpp
-- Symlinking: /home/vboxuser/duckietown_ws/install/duckietown_msgs/include/duckietown_msgs/duckietown_msgs/msg/detail/car_control__struct.hpp
-- Symlinking: /home/vboxuser/duckietown_ws/install/duckietown_msgs/include/duckietown_msgs/duckietown_msgs/msg/detail/car_control__traits.hpp
-- Symlinking: /home/vboxuser/duckietown_ws/install/duckietown_msgs/include/duckietown_msgs/duckietown_msgs/msg/detail/car_control__type_support.hpp
-- Symlinking: /home/vboxuser/duckietown_ws/install/duckietown_msgs/include/duckietown_msgs/duckietown_msgs/msg/detail/coordination_clearance__builder.hpp
-- Symlinking: /home/vboxuser/duckietown_ws/install/duckietown_msgs/include/duckietown_msgs/duckietown_msgs/msg/detail/coordination_clearance__struct.hpp
-- Symlinking: /home/vboxuser/duckietown_ws/install/duckietown_msgs/include/duckietown_msgs/duckietown_msgs/msg/detail/coordination_clearance__traits.hpp
-- Symlinking: /home/vboxuser/duckietown_ws/install/duckietown_msgs/include/duckietown_msgs/duckietown_msgs/msg/detail/coordination_clearance__type_support.hpp
-- Symlinking: /home/vboxuser/duckietown_ws/install/duckietown_msgs/include/duckietown_msgs/duckietown_msgs/msg/detail/coordination_clearance_ethz17__builder.hpp
-- Symlinking: /home/vboxuser/duckietown_ws/install/duckietown_msgs/include/duckietown_msgs/duckietown_msgs/msg/detail/coordination_clearance_ethz17__struct.hpp
-- Symlinking: /home/vboxuser/duckietown_ws/install/duckietown_msgs/include/duckietown_msgs/duckietown_msgs/msg/detail/coordination_clearance_ethz17__traits.hpp
-- Symlinking: /home/vboxuser/duckietown_ws/install/duckietown_msgs/include/duckietown_msgs/duckietown_msgs/msg/detail/coordination_clearance_ethz17__type_support.hpp
-- Symlinking: /home/vboxuser/duckietown_ws/install/duckietown_msgs/include/duckietown_msgs/duckietown_msgs/msg/detail/coordination_signal__builder.hpp
-- Symlinking: /home/vboxuser/duckietown_ws/install/duckietown_msgs/include/duckietown_msgs/duckietown_msgs/msg/detail/coordination_signal__struct.hpp
-- Symlinking: /home/vboxuser/duckietown_ws/install/duckietown_msgs/include/duckietown_msgs/duckietown_msgs/msg/detail/coordination_signal__traits.hpp
-- Symlinking: /home/vboxuser/duckietown_ws/install/duckietown_msgs/include/duckietown_msgs/duckietown_msgs/msg/detail/coordination_signal__type_support.hpp
-- Symlinking: /home/vboxuser/duckietown_ws/install/duckietown_msgs/include/duckietown_msgs/duckietown_msgs/msg/detail/coordination_signal_ethz17__builder.hpp
-- Symlinking: /home/vboxuser/duckietown_ws/install/duckietown_msgs/include/duckietown_msgs/duckietown_msgs/msg/detail/coordination_signal_ethz17__struct.hpp
-- Symlinking: /home/vboxuser/duckietown_ws/install/duckietown_msgs/include/duckietown_msgs/duckietown_msgs/msg/detail/coordination_signal_ethz17__traits.hpp
-- Symlinking: /home/vboxuser/duckietown_ws/install/duckietown_msgs/include/duckietown_msgs/duckietown_msgs/msg/detail/coordination_signal_ethz17__type_support.hpp
-- Symlinking: /home/vboxuser/duckietown_ws/install/duckietown_msgs/include/duckietown_msgs/duckietown_msgs/msg/detail/duckie_sensor__builder.hpp
-- Symlinking: /home/vboxuser/duckietown_ws/install/duckietown_msgs/include/duckietown_msgs/duckietown_msgs/msg/detail/duckie_sensor__struct.hpp
-- Symlinking: /home/vboxuser/duckietown_ws/install/duckietown_msgs/include/duckietown_msgs/duckietown_msgs/msg/detail/duckie_sensor__traits.hpp
-- Symlinking: /home/vboxuser/duckietown_ws/install/duckietown_msgs/include/duckietown_msgs/duckietown_msgs/msg/detail/duckie_sensor__type_support.hpp
-- Symlinking: /home/vboxuser/duckietown_ws/install/duckietown_msgs/include/duckietown_msgs/duckietown_msgs/msg/detail/fsm_state__builder.hpp
-- Symlinking: /home/vboxuser/duckietown_ws/install/duckietown_msgs/include/duckietown_msgs/duckietown_msgs/msg/detail/fsm_state__struct.hpp
-- Symlinking: /home/vboxuser/duckietown_ws/install/duckietown_msgs/include/duckietown_msgs/duckietown_msgs/msg/detail/fsm_state__traits.hpp
-- Symlinking: /home/vboxuser/duckietown_ws/install/duckietown_msgs/include/duckietown_msgs/duckietown_msgs/msg/detail/fsm_state__type_support.hpp
-- Symlinking: /home/vboxuser/duckietown_ws/install/duckietown_msgs/include/duckietown_msgs/duckietown_msgs/msg/detail/intersection_pose__builder.hpp
-- Symlinking: /home/vboxuser/duckietown_ws/install/duckietown_msgs/include/duckietown_msgs/duckietown_msgs/msg/detail/intersection_pose__struct.hpp
-- Symlinking: /home/vboxuser/duckietown_ws/install/duckietown_msgs/include/duckietown_msgs/duckietown_msgs/msg/detail/intersection_pose__traits.hpp
-- Symlinking: /home/vboxuser/duckietown_ws/install/duckietown_msgs/include/duckietown_msgs/duckietown_msgs/msg/detail/intersection_pose__type_support.hpp
-- Symlinking: /home/vboxuser/duckietown_ws/install/duckietown_msgs/include/duckietown_msgs/duckietown_msgs/msg/detail/intersection_pose_img__builder.hpp
-- Symlinking: /home/vboxuser/duckietown_ws/install/duckietown_msgs/include/duckietown_msgs/duckietown_msgs/msg/detail/intersection_pose_img__struct.hpp
-- Symlinking: /home/vboxuser/duckietown_ws/install/duckietown_msgs/include/duckietown_msgs/duckietown_msgs/msg/detail/intersection_pose_img__traits.hpp
-- Symlinking: /home/vboxuser/duckietown_ws/install/duckietown_msgs/include/duckietown_msgs/duckietown_msgs/msg/detail/intersection_pose_img__type_support.hpp
-- Symlinking: /home/vboxuser/duckietown_ws/install/duckietown_msgs/include/duckietown_msgs/duckietown_msgs/msg/detail/intersection_pose_img_debug__builder.hpp
-- Symlinking: /home/vboxuser/duckietown_ws/install/duckietown_msgs/include/duckietown_msgs/duckietown_msgs/msg/detail/intersection_pose_img_debug__struct.hpp
-- Symlinking: /home/vboxuser/duckietown_ws/install/duckietown_msgs/include/duckietown_msgs/duckietown_msgs/msg/detail/intersection_pose_img_debug__traits.hpp
-- Symlinking: /home/vboxuser/duckietown_ws/install/duckietown_msgs/include/duckietown_msgs/duckietown_msgs/msg/detail/intersection_pose_img_debug__type_support.hpp
-- Symlinking: /home/vboxuser/duckietown_ws/install/duckietown_msgs/include/duckietown_msgs/duckietown_msgs/msg/detail/kinematics_parameters__builder.hpp
-- Symlinking: /home/vboxuser/duckietown_ws/install/duckietown_msgs/include/duckietown_msgs/duckietown_msgs/msg/detail/kinematics_parameters__struct.hpp
-- Symlinking: /home/vboxuser/duckietown_ws/install/duckietown_msgs/include/duckietown_msgs/duckietown_msgs/msg/detail/kinematics_parameters__traits.hpp
-- Symlinking: /home/vboxuser/duckietown_ws/install/duckietown_msgs/include/duckietown_msgs/duckietown_msgs/msg/detail/kinematics_parameters__type_support.hpp
-- Symlinking: /home/vboxuser/duckietown_ws/install/duckietown_msgs/include/duckietown_msgs/duckietown_msgs/msg/detail/kinematics_weights__builder.hpp
-- Symlinking: /home/vboxuser/duckietown_ws/install/duckietown_msgs/include/duckietown_msgs/duckietown_msgs/msg/detail/kinematics_weights__struct.hpp
-- Symlinking: /home/vboxuser/duckietown_ws/install/duckietown_msgs/include/duckietown_msgs/duckietown_msgs/msg/detail/kinematics_weights__traits.hpp
-- Symlinking: /home/vboxuser/duckietown_ws/install/duckietown_msgs/include/duckietown_msgs/duckietown_msgs/msg/detail/kinematics_weights__type_support.hpp
-- Symlinking: /home/vboxuser/duckietown_ws/install/duckietown_msgs/include/duckietown_msgs/duckietown_msgs/msg/detail/lane_pose__builder.hpp
-- Symlinking: /home/vboxuser/duckietown_ws/install/duckietown_msgs/include/duckietown_msgs/duckietown_msgs/msg/detail/lane_pose__struct.hpp
-- Symlinking: /home/vboxuser/duckietown_ws/install/duckietown_msgs/include/duckietown_msgs/duckietown_msgs/msg/detail/lane_pose__traits.hpp
-- Symlinking: /home/vboxuser/duckietown_ws/install/duckietown_msgs/include/duckietown_msgs/duckietown_msgs/msg/detail/lane_pose__type_support.hpp
-- Symlinking: /home/vboxuser/duckietown_ws/install/duckietown_msgs/include/duckietown_msgs/duckietown_msgs/msg/detail/led_detection__builder.hpp
-- Symlinking: /home/vboxuser/duckietown_ws/install/duckietown_msgs/include/duckietown_msgs/duckietown_msgs/msg/detail/led_detection__struct.hpp
-- Symlinking: /home/vboxuser/duckietown_ws/install/duckietown_msgs/include/duckietown_msgs/duckietown_msgs/msg/detail/led_detection__traits.hpp
-- Symlinking: /home/vboxuser/duckietown_ws/install/duckietown_msgs/include/duckietown_msgs/duckietown_msgs/msg/detail/led_detection__type_support.hpp
-- Symlinking: /home/vboxuser/duckietown_ws/install/duckietown_msgs/include/duckietown_msgs/duckietown_msgs/msg/detail/led_detection_array__builder.hpp
-- Symlinking: /home/vboxuser/duckietown_ws/install/duckietown_msgs/include/duckietown_msgs/duckietown_msgs/msg/detail/led_detection_array__struct.hpp
-- Symlinking: /home/vboxuser/duckietown_ws/install/duckietown_msgs/include/duckietown_msgs/duckietown_msgs/msg/detail/led_detection_array__traits.hpp
-- Symlinking: /home/vboxuser/duckietown_ws/install/duckietown_msgs/include/duckietown_msgs/duckietown_msgs/msg/detail/led_detection_array__type_support.hpp
-- Symlinking: /home/vboxuser/duckietown_ws/install/duckietown_msgs/include/duckietown_msgs/duckietown_msgs/msg/detail/led_detection_debug_info__builder.hpp
-- Symlinking: /home/vboxuser/duckietown_ws/install/duckietown_msgs/include/duckietown_msgs/duckietown_msgs/msg/detail/led_detection_debug_info__struct.hpp
-- Symlinking: /home/vboxuser/duckietown_ws/install/duckietown_msgs/include/duckietown_msgs/duckietown_msgs/msg/detail/led_detection_debug_info__traits.hpp
-- Symlinking: /home/vboxuser/duckietown_ws/install/duckietown_msgs/include/duckietown_msgs/duckietown_msgs/msg/detail/led_detection_debug_info__type_support.hpp
-- Symlinking: /home/vboxuser/duckietown_ws/install/duckietown_msgs/include/duckietown_msgs/duckietown_msgs/msg/detail/led_interpreter__builder.hpp
-- Symlinking: /home/vboxuser/duckietown_ws/install/duckietown_msgs/include/duckietown_msgs/duckietown_msgs/msg/detail/led_interpreter__struct.hpp
-- Symlinking: /home/vboxuser/duckietown_ws/install/duckietown_msgs/include/duckietown_msgs/duckietown_msgs/msg/detail/led_interpreter__traits.hpp
-- Symlinking: /home/vboxuser/duckietown_ws/install/duckietown_msgs/include/duckietown_msgs/duckietown_msgs/msg/detail/led_interpreter__type_support.hpp
-- Symlinking: /home/vboxuser/duckietown_ws/install/duckietown_msgs/include/duckietown_msgs/duckietown_msgs/msg/detail/maintenance_state__builder.hpp
-- Symlinking: /home/vboxuser/duckietown_ws/install/duckietown_msgs/include/duckietown_msgs/duckietown_msgs/msg/detail/maintenance_state__struct.hpp
-- Symlinking: /home/vboxuser/duckietown_ws/install/duckietown_msgs/include/duckietown_msgs/duckietown_msgs/msg/detail/maintenance_state__traits.hpp
-- Symlinking: /home/vboxuser/duckietown_ws/install/duckietown_msgs/include/duckietown_msgs/duckietown_msgs/msg/detail/maintenance_state__type_support.hpp
-- Symlinking: /home/vboxuser/duckietown_ws/install/duckietown_msgs/include/duckietown_msgs/duckietown_msgs/msg/detail/num__builder.hpp
-- Symlinking: /home/vboxuser/duckietown_ws/install/duckietown_msgs/include/duckietown_msgs/duckietown_msgs/msg/detail/num__struct.hpp
-- Symlinking: /home/vboxuser/duckietown_ws/install/duckietown_msgs/include/duckietown_msgs/duckietown_msgs/msg/detail/num__traits.hpp
-- Symlinking: /home/vboxuser/duckietown_ws/install/duckietown_msgs/include/duckietown_msgs/duckietown_msgs/msg/detail/num__type_support.hpp
-- Symlinking: /home/vboxuser/duckietown_ws/install/duckietown_msgs/include/duckietown_msgs/duckietown_msgs/msg/detail/obstacle_image_detection__builder.hpp
-- Symlinking: /home/vboxuser/duckietown_ws/install/duckietown_msgs/include/duckietown_msgs/duckietown_msgs/msg/detail/obstacle_image_detection__struct.hpp
-- Symlinking: /home/vboxuser/duckietown_ws/install/duckietown_msgs/include/duckietown_msgs/duckietown_msgs/msg/detail/obstacle_image_detection__traits.hpp
-- Symlinking: /home/vboxuser/duckietown_ws/install/duckietown_msgs/include/duckietown_msgs/duckietown_msgs/msg/detail/obstacle_image_detection__type_support.hpp
-- Symlinking: /home/vboxuser/duckietown_ws/install/duckietown_msgs/include/duckietown_msgs/duckietown_msgs/msg/detail/obstacle_image_detection_list__builder.hpp
-- Symlinking: /home/vboxuser/duckietown_ws/install/duckietown_msgs/include/duckietown_msgs/duckietown_msgs/msg/detail/obstacle_image_detection_list__struct.hpp
-- Symlinking: /home/vboxuser/duckietown_ws/install/duckietown_msgs/include/duckietown_msgs/duckietown_msgs/msg/detail/obstacle_image_detection_list__traits.hpp
-- Symlinking: /home/vboxuser/duckietown_ws/install/duckietown_msgs/include/duckietown_msgs/duckietown_msgs/msg/detail/obstacle_image_detection_list__type_support.hpp
-- Symlinking: /home/vboxuser/duckietown_ws/install/duckietown_msgs/include/duckietown_msgs/duckietown_msgs/msg/detail/obstacle_projected_detection__builder.hpp
-- Symlinking: /home/vboxuser/duckietown_ws/install/duckietown_msgs/include/duckietown_msgs/duckietown_msgs/msg/detail/obstacle_projected_detection__struct.hpp
-- Symlinking: /home/vboxuser/duckietown_ws/install/duckietown_msgs/include/duckietown_msgs/duckietown_msgs/msg/detail/obstacle_projected_detection__traits.hpp
-- Symlinking: /home/vboxuser/duckietown_ws/install/duckietown_msgs/include/duckietown_msgs/duckietown_msgs/msg/detail/obstacle_projected_detection__type_support.hpp
-- Symlinking: /home/vboxuser/duckietown_ws/install/duckietown_msgs/include/duckietown_msgs/duckietown_msgs/msg/detail/obstacle_projected_detection_list__builder.hpp
-- Symlinking: /home/vboxuser/duckietown_ws/install/duckietown_msgs/include/duckietown_msgs/duckietown_msgs/msg/detail/obstacle_projected_detection_list__struct.hpp
-- Symlinking: /home/vboxuser/duckietown_ws/install/duckietown_msgs/include/duckietown_msgs/duckietown_msgs/msg/detail/obstacle_projected_detection_list__traits.hpp
-- Symlinking: /home/vboxuser/duckietown_ws/install/duckietown_msgs/include/duckietown_msgs/duckietown_msgs/msg/detail/obstacle_projected_detection_list__type_support.hpp
-- Symlinking: /home/vboxuser/duckietown_ws/install/duckietown_msgs/include/duckietown_msgs/duckietown_msgs/msg/detail/obstacle_type__builder.hpp
-- Symlinking: /home/vboxuser/duckietown_ws/install/duckietown_msgs/include/duckietown_msgs/duckietown_msgs/msg/detail/obstacle_type__struct.hpp
-- Symlinking: /home/vboxuser/duckietown_ws/install/duckietown_msgs/include/duckietown_msgs/duckietown_msgs/msg/detail/obstacle_type__traits.hpp
-- Symlinking: /home/vboxuser/duckietown_ws/install/duckietown_msgs/include/duckietown_msgs/duckietown_msgs/msg/detail/obstacle_type__type_support.hpp
-- Symlinking: /home/vboxuser/duckietown_ws/install/duckietown_msgs/include/duckietown_msgs/duckietown_msgs/msg/detail/pixel__builder.hpp
-- Symlinking: /home/vboxuser/duckietown_ws/install/duckietown_msgs/include/duckietown_msgs/duckietown_msgs/msg/detail/pixel__struct.hpp
-- Symlinking: /home/vboxuser/duckietown_ws/install/duckietown_msgs/include/duckietown_msgs/duckietown_msgs/msg/detail/pixel__traits.hpp
-- Symlinking: /home/vboxuser/duckietown_ws/install/duckietown_msgs/include/duckietown_msgs/duckietown_msgs/msg/detail/pixel__type_support.hpp
-- Symlinking: /home/vboxuser/duckietown_ws/install/duckietown_msgs/include/duckietown_msgs/duckietown_msgs/msg/detail/pose2_d_stamped__builder.hpp
-- Symlinking: /home/vboxuser/duckietown_ws/install/duckietown_msgs/include/duckietown_msgs/duckietown_msgs/msg/detail/pose2_d_stamped__struct.hpp
-- Symlinking: /home/vboxuser/duckietown_ws/install/duckietown_msgs/include/duckietown_msgs/duckietown_msgs/msg/detail/pose2_d_stamped__traits.hpp
-- Symlinking: /home/vboxuser/duckietown_ws/install/duckietown_msgs/include/duckietown_msgs/duckietown_msgs/msg/detail/pose2_d_stamped__type_support.hpp
-- Symlinking: /home/vboxuser/duckietown_ws/install/duckietown_msgs/include/duckietown_msgs/duckietown_msgs/msg/detail/rect__builder.hpp
-- Symlinking: /home/vboxuser/duckietown_ws/install/duckietown_msgs/include/duckietown_msgs/duckietown_msgs/msg/detail/rect__struct.hpp
-- Symlinking: /home/vboxuser/duckietown_ws/install/duckietown_msgs/include/duckietown_msgs/duckietown_msgs/msg/detail/rect__traits.hpp
-- Symlinking: /home/vboxuser/duckietown_ws/install/duckietown_msgs/include/duckietown_msgs/duckietown_msgs/msg/detail/rect__type_support.hpp
-- Symlinking: /home/vboxuser/duckietown_ws/install/duckietown_msgs/include/duckietown_msgs/duckietown_msgs/msg/detail/rects__builder.hpp
-- Symlinking: /home/vboxuser/duckietown_ws/install/duckietown_msgs/include/duckietown_msgs/duckietown_msgs/msg/detail/rects__struct.hpp
-- Symlinking: /home/vboxuser/duckietown_ws/install/duckietown_msgs/include/duckietown_msgs/duckietown_msgs/msg/detail/rects__traits.hpp
-- Symlinking: /home/vboxuser/duckietown_ws/install/duckietown_msgs/include/duckietown_msgs/duckietown_msgs/msg/detail/rects__type_support.hpp
-- Symlinking: /home/vboxuser/duckietown_ws/install/duckietown_msgs/include/duckietown_msgs/duckietown_msgs/msg/detail/scene_segments__builder.hpp
-- Symlinking: /home/vboxuser/duckietown_ws/install/duckietown_msgs/include/duckietown_msgs/duckietown_msgs/msg/detail/scene_segments__struct.hpp
-- Symlinking: /home/vboxuser/duckietown_ws/install/duckietown_msgs/include/duckietown_msgs/duckietown_msgs/msg/detail/scene_segments__traits.hpp
-- Symlinking: /home/vboxuser/duckietown_ws/install/duckietown_msgs/include/duckietown_msgs/duckietown_msgs/msg/detail/scene_segments__type_support.hpp
-- Symlinking: /home/vboxuser/duckietown_ws/install/duckietown_msgs/include/duckietown_msgs/duckietown_msgs/msg/detail/segment__builder.hpp
-- Symlinking: /home/vboxuser/duckietown_ws/install/duckietown_msgs/include/duckietown_msgs/duckietown_msgs/msg/detail/segment__struct.hpp
-- Symlinking: /home/vboxuser/duckietown_ws/install/duckietown_msgs/include/duckietown_msgs/duckietown_msgs/msg/detail/segment__traits.hpp
-- Symlinking: /home/vboxuser/duckietown_ws/install/duckietown_msgs/include/duckietown_msgs/duckietown_msgs/msg/detail/segment__type_support.hpp
-- Symlinking: /home/vboxuser/duckietown_ws/install/duckietown_msgs/include/duckietown_msgs/duckietown_msgs/msg/detail/segment_list__builder.hpp
-- Symlinking: /home/vboxuser/duckietown_ws/install/duckietown_msgs/include/duckietown_msgs/duckietown_msgs/msg/detail/segment_list__struct.hpp
-- Symlinking: /home/vboxuser/duckietown_ws/install/duckietown_msgs/include/duckietown_msgs/duckietown_msgs/msg/detail/segment_list__traits.hpp
-- Symlinking: /home/vboxuser/duckietown_ws/install/duckietown_msgs/include/duckietown_msgs/duckietown_msgs/msg/detail/segment_list__type_support.hpp
-- Symlinking: /home/vboxuser/duckietown_ws/install/duckietown_msgs/include/duckietown_msgs/duckietown_msgs/msg/detail/signals_detection__builder.hpp
-- Symlinking: /home/vboxuser/duckietown_ws/install/duckietown_msgs/include/duckietown_msgs/duckietown_msgs/msg/detail/signals_detection__struct.hpp
-- Symlinking: /home/vboxuser/duckietown_ws/install/duckietown_msgs/include/duckietown_msgs/duckietown_msgs/msg/detail/signals_detection__traits.hpp
-- Symlinking: /home/vboxuser/duckietown_ws/install/duckietown_msgs/include/duckietown_msgs/duckietown_msgs/msg/detail/signals_detection__type_support.hpp
-- Symlinking: /home/vboxuser/duckietown_ws/install/duckietown_msgs/include/duckietown_msgs/duckietown_msgs/msg/detail/signals_detection_ethz17__builder.hpp
-- Symlinking: /home/vboxuser/duckietown_ws/install/duckietown_msgs/include/duckietown_msgs/duckietown_msgs/msg/detail/signals_detection_ethz17__struct.hpp
-- Symlinking: /home/vboxuser/duckietown_ws/install/duckietown_msgs/include/duckietown_msgs/duckietown_msgs/msg/detail/signals_detection_ethz17__traits.hpp
-- Symlinking: /home/vboxuser/duckietown_ws/install/duckietown_msgs/include/duckietown_msgs/duckietown_msgs/msg/detail/signals_detection_ethz17__type_support.hpp
-- Symlinking: /home/vboxuser/duckietown_ws/install/duckietown_msgs/include/duckietown_msgs/duckietown_msgs/msg/detail/source_target_nodes__builder.hpp
-- Symlinking: /home/vboxuser/duckietown_ws/install/duckietown_msgs/include/duckietown_msgs/duckietown_msgs/msg/detail/source_target_nodes__struct.hpp
-- Symlinking: /home/vboxuser/duckietown_ws/install/duckietown_msgs/include/duckietown_msgs/duckietown_msgs/msg/detail/source_target_nodes__traits.hpp
-- Symlinking: /home/vboxuser/duckietown_ws/install/duckietown_msgs/include/duckietown_msgs/duckietown_msgs/msg/detail/source_target_nodes__type_support.hpp
-- Symlinking: /home/vboxuser/duckietown_ws/install/duckietown_msgs/include/duckietown_msgs/duckietown_msgs/msg/detail/stop_line_reading__builder.hpp
-- Symlinking: /home/vboxuser/duckietown_ws/install/duckietown_msgs/include/duckietown_msgs/duckietown_msgs/msg/detail/stop_line_reading__struct.hpp
-- Symlinking: /home/vboxuser/duckietown_ws/install/duckietown_msgs/include/duckietown_msgs/duckietown_msgs/msg/detail/stop_line_reading__traits.hpp
-- Symlinking: /home/vboxuser/duckietown_ws/install/duckietown_msgs/include/duckietown_msgs/duckietown_msgs/msg/detail/stop_line_reading__type_support.hpp
-- Symlinking: /home/vboxuser/duckietown_ws/install/duckietown_msgs/include/duckietown_msgs/duckietown_msgs/msg/detail/tag_info__builder.hpp
-- Symlinking: /home/vboxuser/duckietown_ws/install/duckietown_msgs/include/duckietown_msgs/duckietown_msgs/msg/detail/tag_info__struct.hpp
-- Symlinking: /home/vboxuser/duckietown_ws/install/duckietown_msgs/include/duckietown_msgs/duckietown_msgs/msg/detail/tag_info__traits.hpp
-- Symlinking: /home/vboxuser/duckietown_ws/install/duckietown_msgs/include/duckietown_msgs/duckietown_msgs/msg/detail/tag_info__type_support.hpp
-- Symlinking: /home/vboxuser/duckietown_ws/install/duckietown_msgs/include/duckietown_msgs/duckietown_msgs/msg/detail/theta_dot_sample__builder.hpp
-- Symlinking: /home/vboxuser/duckietown_ws/install/duckietown_msgs/include/duckietown_msgs/duckietown_msgs/msg/detail/theta_dot_sample__struct.hpp
-- Symlinking: /home/vboxuser/duckietown_ws/install/duckietown_msgs/include/duckietown_msgs/duckietown_msgs/msg/detail/theta_dot_sample__traits.hpp
-- Symlinking: /home/vboxuser/duckietown_ws/install/duckietown_msgs/include/duckietown_msgs/duckietown_msgs/msg/detail/theta_dot_sample__type_support.hpp
-- Symlinking: /home/vboxuser/duckietown_ws/install/duckietown_msgs/include/duckietown_msgs/duckietown_msgs/msg/detail/trajectory__builder.hpp
-- Symlinking: /home/vboxuser/duckietown_ws/install/duckietown_msgs/include/duckietown_msgs/duckietown_msgs/msg/detail/trajectory__struct.hpp
-- Symlinking: /home/vboxuser/duckietown_ws/install/duckietown_msgs/include/duckietown_msgs/duckietown_msgs/msg/detail/trajectory__traits.hpp
-- Symlinking: /home/vboxuser/duckietown_ws/install/duckietown_msgs/include/duckietown_msgs/duckietown_msgs/msg/detail/trajectory__type_support.hpp
-- Symlinking: /home/vboxuser/duckietown_ws/install/duckietown_msgs/include/duckietown_msgs/duckietown_msgs/msg/detail/turn_i_dand_type__builder.hpp
-- Symlinking: /home/vboxuser/duckietown_ws/install/duckietown_msgs/include/duckietown_msgs/duckietown_msgs/msg/detail/turn_i_dand_type__struct.hpp
-- Symlinking: /home/vboxuser/duckietown_ws/install/duckietown_msgs/include/duckietown_msgs/duckietown_msgs/msg/detail/turn_i_dand_type__traits.hpp
-- Symlinking: /home/vboxuser/duckietown_ws/install/duckietown_msgs/include/duckietown_msgs/duckietown_msgs/msg/detail/turn_i_dand_type__type_support.hpp
-- Symlinking: /home/vboxuser/duckietown_ws/install/duckietown_msgs/include/duckietown_msgs/duckietown_msgs/msg/detail/twist2_d_stamped__builder.hpp
-- Symlinking: /home/vboxuser/duckietown_ws/install/duckietown_msgs/include/duckietown_msgs/duckietown_msgs/msg/detail/twist2_d_stamped__struct.hpp
-- Symlinking: /home/vboxuser/duckietown_ws/install/duckietown_msgs/include/duckietown_msgs/duckietown_msgs/msg/detail/twist2_d_stamped__traits.hpp
-- Symlinking: /home/vboxuser/duckietown_ws/install/duckietown_msgs/include/duckietown_msgs/duckietown_msgs/msg/detail/twist2_d_stamped__type_support.hpp
-- Symlinking: /home/vboxuser/duckietown_ws/install/duckietown_msgs/include/duckietown_msgs/duckietown_msgs/msg/detail/twist2_d_stamped_ethz17__builder.hpp
-- Symlinking: /home/vboxuser/duckietown_ws/install/duckietown_msgs/include/duckietown_msgs/duckietown_msgs/msg/detail/twist2_d_stamped_ethz17__struct.hpp
-- Symlinking: /home/vboxuser/duckietown_ws/install/duckietown_msgs/include/duckietown_msgs/duckietown_msgs/msg/detail/twist2_d_stamped_ethz17__traits.hpp
-- Symlinking: /home/vboxuser/duckietown_ws/install/duckietown_msgs/include/duckietown_msgs/duckietown_msgs/msg/detail/twist2_d_stamped_ethz17__type_support.hpp
-- Symlinking: /home/vboxuser/duckietown_ws/install/duckietown_msgs/include/duckietown_msgs/duckietown_msgs/msg/detail/vector2_d__builder.hpp
-- Symlinking: /home/vboxuser/duckietown_ws/install/duckietown_msgs/include/duckietown_msgs/duckietown_msgs/msg/detail/vector2_d__struct.hpp
-- Symlinking: /home/vboxuser/duckietown_ws/install/duckietown_msgs/include/duckietown_msgs/duckietown_msgs/msg/detail/vector2_d__traits.hpp
-- Symlinking: /home/vboxuser/duckietown_ws/install/duckietown_msgs/include/duckietown_msgs/duckietown_msgs/msg/detail/vector2_d__type_support.hpp
-- Symlinking: /home/vboxuser/duckietown_ws/install/duckietown_msgs/include/duckietown_msgs/duckietown_msgs/msg/detail/vehicle_corners__builder.hpp
-- Symlinking: /home/vboxuser/duckietown_ws/install/duckietown_msgs/include/duckietown_msgs/duckietown_msgs/msg/detail/vehicle_corners__struct.hpp
-- Symlinking: /home/vboxuser/duckietown_ws/install/duckietown_msgs/include/duckietown_msgs/duckietown_msgs/msg/detail/vehicle_corners__traits.hpp
-- Symlinking: /home/vboxuser/duckietown_ws/install/duckietown_msgs/include/duckietown_msgs/duckietown_msgs/msg/detail/vehicle_corners__type_support.hpp
-- Symlinking: /home/vboxuser/duckietown_ws/install/duckietown_msgs/include/duckietown_msgs/duckietown_msgs/msg/detail/vehicle_pose__builder.hpp
-- Symlinking: /home/vboxuser/duckietown_ws/install/duckietown_msgs/include/duckietown_msgs/duckietown_msgs/msg/detail/vehicle_pose__struct.hpp
-- Symlinking: /home/vboxuser/duckietown_ws/install/duckietown_msgs/include/duckietown_msgs/duckietown_msgs/msg/detail/vehicle_pose__traits.hpp
-- Symlinking: /home/vboxuser/duckietown_ws/install/duckietown_msgs/include/duckietown_msgs/duckietown_msgs/msg/detail/vehicle_pose__type_support.hpp
-- Symlinking: /home/vboxuser/duckietown_ws/install/duckietown_msgs/include/duckietown_msgs/duckietown_msgs/msg/detail/vsample__builder.hpp
-- Symlinking: /home/vboxuser/duckietown_ws/install/duckietown_msgs/include/duckietown_msgs/duckietown_msgs/msg/detail/vsample__struct.hpp
-- Symlinking: /home/vboxuser/duckietown_ws/install/duckietown_msgs/include/duckietown_msgs/duckietown_msgs/msg/detail/vsample__traits.hpp
-- Symlinking: /home/vboxuser/duckietown_ws/install/duckietown_msgs/include/duckietown_msgs/duckietown_msgs/msg/detail/vsample__type_support.hpp
-- Symlinking: /home/vboxuser/duckietown_ws/install/duckietown_msgs/include/duckietown_msgs/duckietown_msgs/msg/detail/wheels_cmd__builder.hpp
-- Symlinking: /home/vboxuser/duckietown_ws/install/duckietown_msgs/include/duckietown_msgs/duckietown_msgs/msg/detail/wheels_cmd__struct.hpp
-- Symlinking: /home/vboxuser/duckietown_ws/install/duckietown_msgs/include/duckietown_msgs/duckietown_msgs/msg/detail/wheels_cmd__traits.hpp
-- Symlinking: /home/vboxuser/duckietown_ws/install/duckietown_msgs/include/duckietown_msgs/duckietown_msgs/msg/detail/wheels_cmd__type_support.hpp
-- Symlinking: /home/vboxuser/duckietown_ws/install/duckietown_msgs/include/duckietown_msgs/duckietown_msgs/msg/detail/wheels_cmd_stamped__builder.hpp
-- Symlinking: /home/vboxuser/duckietown_ws/install/duckietown_msgs/include/duckietown_msgs/duckietown_msgs/msg/detail/wheels_cmd_stamped__struct.hpp
-- Symlinking: /home/vboxuser/duckietown_ws/install/duckietown_msgs/include/duckietown_msgs/duckietown_msgs/msg/detail/wheels_cmd_stamped__traits.hpp
-- Symlinking: /home/vboxuser/duckietown_ws/install/duckietown_msgs/include/duckietown_msgs/duckietown_msgs/msg/detail/wheels_cmd_stamped__type_support.hpp
-- Symlinking: /home/vboxuser/duckietown_ws/install/duckietown_msgs/include/duckietown_msgs/duckietown_msgs/msg/duckie_sensor.hpp
-- Symlinking: /home/vboxuser/duckietown_ws/install/duckietown_msgs/include/duckietown_msgs/duckietown_msgs/msg/fsm_state.hpp
-- Symlinking: /home/vboxuser/duckietown_ws/install/duckietown_msgs/include/duckietown_msgs/duckietown_msgs/msg/intersection_pose.hpp
-- Symlinking: /home/vboxuser/duckietown_ws/install/duckietown_msgs/include/duckietown_msgs/duckietown_msgs/msg/intersection_pose_img.hpp
-- Symlinking: /home/vboxuser/duckietown_ws/install/duckietown_msgs/include/duckietown_msgs/duckietown_msgs/msg/intersection_pose_img_debug.hpp
-- Symlinking: /home/vboxuser/duckietown_ws/install/duckietown_msgs/include/duckietown_msgs/duckietown_msgs/msg/kinematics_parameters.hpp
-- Symlinking: /home/vboxuser/duckietown_ws/install/duckietown_msgs/include/duckietown_msgs/duckietown_msgs/msg/kinematics_weights.hpp
-- Symlinking: /home/vboxuser/duckietown_ws/install/duckietown_msgs/include/duckietown_msgs/duckietown_msgs/msg/lane_pose.hpp
-- Symlinking: /home/vboxuser/duckietown_ws/install/duckietown_msgs/include/duckietown_msgs/duckietown_msgs/msg/led_detection.hpp
-- Symlinking: /home/vboxuser/duckietown_ws/install/duckietown_msgs/include/duckietown_msgs/duckietown_msgs/msg/led_detection_array.hpp
-- Symlinking: /home/vboxuser/duckietown_ws/install/duckietown_msgs/include/duckietown_msgs/duckietown_msgs/msg/led_detection_debug_info.hpp
-- Symlinking: /home/vboxuser/duckietown_ws/install/duckietown_msgs/include/duckietown_msgs/duckietown_msgs/msg/led_interpreter.hpp
-- Symlinking: /home/vboxuser/duckietown_ws/install/duckietown_msgs/include/duckietown_msgs/duckietown_msgs/msg/maintenance_state.hpp
-- Symlinking: /home/vboxuser/duckietown_ws/install/duckietown_msgs/include/duckietown_msgs/duckietown_msgs/msg/num.hpp
-- Symlinking: /home/vboxuser/duckietown_ws/install/duckietown_msgs/include/duckietown_msgs/duckietown_msgs/msg/obstacle_image_detection.hpp
-- Symlinking: /home/vboxuser/duckietown_ws/install/duckietown_msgs/include/duckietown_msgs/duckietown_msgs/msg/obstacle_image_detection_list.hpp
-- Symlinking: /home/vboxuser/duckietown_ws/install/duckietown_msgs/include/duckietown_msgs/duckietown_msgs/msg/obstacle_projected_detection.hpp
-- Symlinking: /home/vboxuser/duckietown_ws/install/duckietown_msgs/include/duckietown_msgs/duckietown_msgs/msg/obstacle_projected_detection_list.hpp
-- Symlinking: /home/vboxuser/duckietown_ws/install/duckietown_msgs/include/duckietown_msgs/duckietown_msgs/msg/obstacle_type.hpp
-- Symlinking: /home/vboxuser/duckietown_ws/install/duckietown_msgs/include/duckietown_msgs/duckietown_msgs/msg/pixel.hpp
-- Symlinking: /home/vboxuser/duckietown_ws/install/duckietown_msgs/include/duckietown_msgs/duckietown_msgs/msg/pose2_d_stamped.hpp
-- Symlinking: /home/vboxuser/duckietown_ws/install/duckietown_msgs/include/duckietown_msgs/duckietown_msgs/msg/rect.hpp
-- Symlinking: /home/vboxuser/duckietown_ws/install/duckietown_msgs/include/duckietown_msgs/duckietown_msgs/msg/rects.hpp
-- Symlinking: /home/vboxuser/duckietown_ws/install/duckietown_msgs/include/duckietown_msgs/duckietown_msgs/msg/rosidl_generator_cpp__visibility_control.hpp
-- Symlinking: /home/vboxuser/duckietown_ws/install/duckietown_msgs/include/duckietown_msgs/duckietown_msgs/msg/scene_segments.hpp
-- Symlinking: /home/vboxuser/duckietown_ws/install/duckietown_msgs/include/duckietown_msgs/duckietown_msgs/msg/segment.hpp
-- Symlinking: /home/vboxuser/duckietown_ws/install/duckietown_msgs/include/duckietown_msgs/duckietown_msgs/msg/segment_list.hpp
-- Symlinking: /home/vboxuser/duckietown_ws/install/duckietown_msgs/include/duckietown_msgs/duckietown_msgs/msg/signals_detection.hpp
-- Symlinking: /home/vboxuser/duckietown_ws/install/duckietown_msgs/include/duckietown_msgs/duckietown_msgs/msg/signals_detection_ethz17.hpp
-- Symlinking: /home/vboxuser/duckietown_ws/install/duckietown_msgs/include/duckietown_msgs/duckietown_msgs/msg/source_target_nodes.hpp
-- Symlinking: /home/vboxuser/duckietown_ws/install/duckietown_msgs/include/duckietown_msgs/duckietown_msgs/msg/stop_line_reading.hpp
-- Symlinking: /home/vboxuser/duckietown_ws/install/duckietown_msgs/include/duckietown_msgs/duckietown_msgs/msg/tag_info.hpp
-- Symlinking: /home/vboxuser/duckietown_ws/install/duckietown_msgs/include/duckietown_msgs/duckietown_msgs/msg/theta_dot_sample.hpp
-- Symlinking: /home/vboxuser/duckietown_ws/install/duckietown_msgs/include/duckietown_msgs/duckietown_msgs/msg/trajectory.hpp
-- Symlinking: /home/vboxuser/duckietown_ws/install/duckietown_msgs/include/duckietown_msgs/duckietown_msgs/msg/turn_i_dand_type.hpp
-- Symlinking: /home/vboxuser/duckietown_ws/install/duckietown_msgs/include/duckietown_msgs/duckietown_msgs/msg/twist2_d_stamped.hpp
-- Symlinking: /home/vboxuser/duckietown_ws/install/duckietown_msgs/include/duckietown_msgs/duckietown_msgs/msg/twist2_d_stamped_ethz17.hpp
-- Symlinking: /home/vboxuser/duckietown_ws/install/duckietown_msgs/include/duckietown_msgs/duckietown_msgs/msg/vector2_d.hpp
-- Symlinking: /home/vboxuser/duckietown_ws/install/duckietown_msgs/include/duckietown_msgs/duckietown_msgs/msg/vehicle_corners.hpp
-- Symlinking: /home/vboxuser/duckietown_ws/install/duckietown_msgs/include/duckietown_msgs/duckietown_msgs/msg/vehicle_pose.hpp
-- Symlinking: /home/vboxuser/duckietown_ws/install/duckietown_msgs/include/duckietown_msgs/duckietown_msgs/msg/vsample.hpp
-- Symlinking: /home/vboxuser/duckietown_ws/install/duckietown_msgs/include/duckietown_msgs/duckietown_msgs/msg/wheels_cmd.hpp
-- Symlinking: /home/vboxuser/duckietown_ws/install/duckietown_msgs/include/duckietown_msgs/duckietown_msgs/msg/wheels_cmd_stamped.hpp
-- Symlinking: /home/vboxuser/duckietown_ws/install/duckietown_msgs/include/duckietown_msgs/duckietown_msgs/srv/detail/get_variable__builder.hpp
-- Symlinking: /home/vboxuser/duckietown_ws/install/duckietown_msgs/include/duckietown_msgs/duckietown_msgs/srv/detail/get_variable__struct.hpp
-- Symlinking: /home/vboxuser/duckietown_ws/install/duckietown_msgs/include/duckietown_msgs/duckietown_msgs/srv/detail/get_variable__traits.hpp
-- Symlinking: /home/vboxuser/duckietown_ws/install/duckietown_msgs/include/duckietown_msgs/duckietown_msgs/srv/detail/get_variable__type_support.hpp
-- Symlinking: /home/vboxuser/duckietown_ws/install/duckietown_msgs/include/duckietown_msgs/duckietown_msgs/srv/detail/set_fsm_state__builder.hpp
-- Symlinking: /home/vboxuser/duckietown_ws/install/duckietown_msgs/include/duckietown_msgs/duckietown_msgs/srv/detail/set_fsm_state__struct.hpp
-- Symlinking: /home/vboxuser/duckietown_ws/install/duckietown_msgs/include/duckietown_msgs/duckietown_msgs/srv/detail/set_fsm_state__traits.hpp
-- Symlinking: /home/vboxuser/duckietown_ws/install/duckietown_msgs/include/duckietown_msgs/duckietown_msgs/srv/detail/set_fsm_state__type_support.hpp
-- Symlinking: /home/vboxuser/duckietown_ws/install/duckietown_msgs/include/duckietown_msgs/duckietown_msgs/srv/detail/set_value__builder.hpp
-- Symlinking: /home/vboxuser/duckietown_ws/install/duckietown_msgs/include/duckietown_msgs/duckietown_msgs/srv/detail/set_value__struct.hpp
-- Symlinking: /home/vboxuser/duckietown_ws/install/duckietown_msgs/include/duckietown_msgs/duckietown_msgs/srv/detail/set_value__traits.hpp
-- Symlinking: /home/vboxuser/duckietown_ws/install/duckietown_msgs/include/duckietown_msgs/duckietown_msgs/srv/detail/set_value__type_support.hpp
-- Symlinking: /home/vboxuser/duckietown_ws/install/duckietown_msgs/include/duckietown_msgs/duckietown_msgs/srv/detail/set_variable__builder.hpp
-- Symlinking: /home/vboxuser/duckietown_ws/install/duckietown_msgs/include/duckietown_msgs/duckietown_msgs/srv/detail/set_variable__struct.hpp
-- Symlinking: /home/vboxuser/duckietown_ws/install/duckietown_msgs/include/duckietown_msgs/duckietown_msgs/srv/detail/set_variable__traits.hpp
-- Symlinking: /home/vboxuser/duckietown_ws/install/duckietown_msgs/include/duckietown_msgs/duckietown_msgs/srv/detail/set_variable__type_support.hpp
-- Symlinking: /home/vboxuser/duckietown_ws/install/duckietown_msgs/include/duckietown_msgs/duckietown_msgs/srv/get_variable.hpp
-- Symlinking: /home/vboxuser/duckietown_ws/install/duckietown_msgs/include/duckietown_msgs/duckietown_msgs/srv/set_fsm_state.hpp
-- Symlinking: /home/vboxuser/duckietown_ws/install/duckietown_msgs/include/duckietown_msgs/duckietown_msgs/srv/set_value.hpp
-- Symlinking: /home/vboxuser/duckietown_ws/install/duckietown_msgs/include/duckietown_msgs/duckietown_msgs/srv/set_variable.hpp
-- Symlinking: /home/vboxuser/duckietown_ws/install/duckietown_msgs/include/duckietown_msgs/duckietown_msgs/msg/detail/anti_instagram_health__rosidl_typesupport_fastrtps_cpp.hpp
-- Symlinking: /home/vboxuser/duckietown_ws/install/duckietown_msgs/include/duckietown_msgs/duckietown_msgs/msg/detail/anti_instagram_transform__rosidl_typesupport_fastrtps_cpp.hpp
-- Symlinking: /home/vboxuser/duckietown_ws/install/duckietown_msgs/include/duckietown_msgs/duckietown_msgs/msg/detail/anti_instagram_transform_cb__rosidl_typesupport_fastrtps_cpp.hpp
-- Symlinking: /home/vboxuser/duckietown_ws/install/duckietown_msgs/include/duckietown_msgs/duckietown_msgs/msg/detail/april_tag_detection__rosidl_typesupport_fastrtps_cpp.hpp
-- Symlinking: /home/vboxuser/duckietown_ws/install/duckietown_msgs/include/duckietown_msgs/duckietown_msgs/msg/detail/april_tag_detection_array__rosidl_typesupport_fastrtps_cpp.hpp
-- Symlinking: /home/vboxuser/duckietown_ws/install/duckietown_msgs/include/duckietown_msgs/duckietown_msgs/msg/detail/april_tags_with_infos__rosidl_typesupport_fastrtps_cpp.hpp
-- Symlinking: /home/vboxuser/duckietown_ws/install/duckietown_msgs/include/duckietown_msgs/duckietown_msgs/msg/detail/bool_stamped__rosidl_typesupport_fastrtps_cpp.hpp
-- Symlinking: /home/vboxuser/duckietown_ws/install/duckietown_msgs/include/duckietown_msgs/duckietown_msgs/msg/detail/bool_stamped_ethz17__rosidl_typesupport_fastrtps_cpp.hpp
-- Symlinking: /home/vboxuser/duckietown_ws/install/duckietown_msgs/include/duckietown_msgs/duckietown_msgs/msg/detail/car_control__rosidl_typesupport_fastrtps_cpp.hpp
-- Symlinking: /home/vboxuser/duckietown_ws/install/duckietown_msgs/include/duckietown_msgs/duckietown_msgs/msg/detail/coordination_clearance__rosidl_typesupport_fastrtps_cpp.hpp
-- Symlinking: /home/vboxuser/duckietown_ws/install/duckietown_msgs/include/duckietown_msgs/duckietown_msgs/msg/detail/coordination_clearance_ethz17__rosidl_typesupport_fastrtps_cpp.hpp
-- Symlinking: /home/vboxuser/duckietown_ws/install/duckietown_msgs/include/duckietown_msgs/duckietown_msgs/msg/detail/coordination_signal__rosidl_typesupport_fastrtps_cpp.hpp
-- Symlinking: /home/vboxuser/duckietown_ws/install/duckietown_msgs/include/duckietown_msgs/duckietown_msgs/msg/detail/coordination_signal_ethz17__rosidl_typesupport_fastrtps_cpp.hpp
-- Symlinking: /home/vboxuser/duckietown_ws/install/duckietown_msgs/include/duckietown_msgs/duckietown_msgs/msg/detail/duckie_sensor__rosidl_typesupport_fastrtps_cpp.hpp
-- Symlinking: /home/vboxuser/duckietown_ws/install/duckietown_msgs/include/duckietown_msgs/duckietown_msgs/msg/detail/fsm_state__rosidl_typesupport_fastrtps_cpp.hpp
-- Symlinking: /home/vboxuser/duckietown_ws/install/duckietown_msgs/include/duckietown_msgs/duckietown_msgs/msg/detail/intersection_pose__rosidl_typesupport_fastrtps_cpp.hpp
-- Symlinking: /home/vboxuser/duckietown_ws/install/duckietown_msgs/include/duckietown_msgs/duckietown_msgs/msg/detail/intersection_pose_img__rosidl_typesupport_fastrtps_cpp.hpp
-- Symlinking: /home/vboxuser/duckietown_ws/install/duckietown_msgs/include/duckietown_msgs/duckietown_msgs/msg/detail/intersection_pose_img_debug__rosidl_typesupport_fastrtps_cpp.hpp
-- Symlinking: /home/vboxuser/duckietown_ws/install/duckietown_msgs/include/duckietown_msgs/duckietown_msgs/msg/detail/kinematics_parameters__rosidl_typesupport_fastrtps_cpp.hpp
-- Symlinking: /home/vboxuser/duckietown_ws/install/duckietown_msgs/include/duckietown_msgs/duckietown_msgs/msg/detail/kinematics_weights__rosidl_typesupport_fastrtps_cpp.hpp
-- Symlinking: /home/vboxuser/duckietown_ws/install/duckietown_msgs/include/duckietown_msgs/duckietown_msgs/msg/detail/lane_pose__rosidl_typesupport_fastrtps_cpp.hpp
-- Symlinking: /home/vboxuser/duckietown_ws/install/duckietown_msgs/include/duckietown_msgs/duckietown_msgs/msg/detail/led_detection__rosidl_typesupport_fastrtps_cpp.hpp
-- Symlinking: /home/vboxuser/duckietown_ws/install/duckietown_msgs/include/duckietown_msgs/duckietown_msgs/msg/detail/led_detection_array__rosidl_typesupport_fastrtps_cpp.hpp
-- Symlinking: /home/vboxuser/duckietown_ws/install/duckietown_msgs/include/duckietown_msgs/duckietown_msgs/msg/detail/led_detection_debug_info__rosidl_typesupport_fastrtps_cpp.hpp
-- Symlinking: /home/vboxuser/duckietown_ws/install/duckietown_msgs/include/duckietown_msgs/duckietown_msgs/msg/detail/led_interpreter__rosidl_typesupport_fastrtps_cpp.hpp
-- Symlinking: /home/vboxuser/duckietown_ws/install/duckietown_msgs/include/duckietown_msgs/duckietown_msgs/msg/detail/maintenance_state__rosidl_typesupport_fastrtps_cpp.hpp
-- Symlinking: /home/vboxuser/duckietown_ws/install/duckietown_msgs/include/duckietown_msgs/duckietown_msgs/msg/detail/num__rosidl_typesupport_fastrtps_cpp.hpp
-- Symlinking: /home/vboxuser/duckietown_ws/install/duckietown_msgs/include/duckietown_msgs/duckietown_msgs/msg/detail/obstacle_image_detection__rosidl_typesupport_fastrtps_cpp.hpp
-- Symlinking: /home/vboxuser/duckietown_ws/install/duckietown_msgs/include/duckietown_msgs/duckietown_msgs/msg/detail/obstacle_image_detection_list__rosidl_typesupport_fastrtps_cpp.hpp
-- Symlinking: /home/vboxuser/duckietown_ws/install/duckietown_msgs/include/duckietown_msgs/duckietown_msgs/msg/detail/obstacle_projected_detection__rosidl_typesupport_fastrtps_cpp.hpp
-- Symlinking: /home/vboxuser/duckietown_ws/install/duckietown_msgs/include/duckietown_msgs/duckietown_msgs/msg/detail/obstacle_projected_detection_list__rosidl_typesupport_fastrtps_cpp.hpp
-- Symlinking: /home/vboxuser/duckietown_ws/install/duckietown_msgs/include/duckietown_msgs/duckietown_msgs/msg/detail/obstacle_type__rosidl_typesupport_fastrtps_cpp.hpp
-- Symlinking: /home/vboxuser/duckietown_ws/install/duckietown_msgs/include/duckietown_msgs/duckietown_msgs/msg/detail/pixel__rosidl_typesupport_fastrtps_cpp.hpp
-- Symlinking: /home/vboxuser/duckietown_ws/install/duckietown_msgs/include/duckietown_msgs/duckietown_msgs/msg/detail/pose2_d_stamped__rosidl_typesupport_fastrtps_cpp.hpp
-- Symlinking: /home/vboxuser/duckietown_ws/install/duckietown_msgs/include/duckietown_msgs/duckietown_msgs/msg/detail/rect__rosidl_typesupport_fastrtps_cpp.hpp
-- Symlinking: /home/vboxuser/duckietown_ws/install/duckietown_msgs/include/duckietown_msgs/duckietown_msgs/msg/detail/rects__rosidl_typesupport_fastrtps_cpp.hpp
-- Symlinking: /home/vboxuser/duckietown_ws/install/duckietown_msgs/include/duckietown_msgs/duckietown_msgs/msg/detail/scene_segments__rosidl_typesupport_fastrtps_cpp.hpp
-- Symlinking: /home/vboxuser/duckietown_ws/install/duckietown_msgs/include/duckietown_msgs/duckietown_msgs/msg/detail/segment__rosidl_typesupport_fastrtps_cpp.hpp
-- Symlinking: /home/vboxuser/duckietown_ws/install/duckietown_msgs/include/duckietown_msgs/duckietown_msgs/msg/detail/segment_list__rosidl_typesupport_fastrtps_cpp.hpp
-- Symlinking: /home/vboxuser/duckietown_ws/install/duckietown_msgs/include/duckietown_msgs/duckietown_msgs/msg/detail/signals_detection__rosidl_typesupport_fastrtps_cpp.hpp
-- Symlinking: /home/vboxuser/duckietown_ws/install/duckietown_msgs/include/duckietown_msgs/duckietown_msgs/msg/detail/signals_detection_ethz17__rosidl_typesupport_fastrtps_cpp.hpp
-- Symlinking: /home/vboxuser/duckietown_ws/install/duckietown_msgs/include/duckietown_msgs/duckietown_msgs/msg/detail/source_target_nodes__rosidl_typesupport_fastrtps_cpp.hpp
-- Symlinking: /home/vboxuser/duckietown_ws/install/duckietown_msgs/include/duckietown_msgs/duckietown_msgs/msg/detail/stop_line_reading__rosidl_typesupport_fastrtps_cpp.hpp
-- Symlinking: /home/vboxuser/duckietown_ws/install/duckietown_msgs/include/duckietown_msgs/duckietown_msgs/msg/detail/tag_info__rosidl_typesupport_fastrtps_cpp.hpp
-- Symlinking: /home/vboxuser/duckietown_ws/install/duckietown_msgs/include/duckietown_msgs/duckietown_msgs/msg/detail/theta_dot_sample__rosidl_typesupport_fastrtps_cpp.hpp
-- Symlinking: /home/vboxuser/duckietown_ws/install/duckietown_msgs/include/duckietown_msgs/duckietown_msgs/msg/detail/trajectory__rosidl_typesupport_fastrtps_cpp.hpp
-- Symlinking: /home/vboxuser/duckietown_ws/install/duckietown_msgs/include/duckietown_msgs/duckietown_msgs/msg/detail/turn_i_dand_type__rosidl_typesupport_fastrtps_cpp.hpp
-- Symlinking: /home/vboxuser/duckietown_ws/install/duckietown_msgs/include/duckietown_msgs/duckietown_msgs/msg/detail/twist2_d_stamped__rosidl_typesupport_fastrtps_cpp.hpp
-- Symlinking: /home/vboxuser/duckietown_ws/install/duckietown_msgs/include/duckietown_msgs/duckietown_msgs/msg/detail/twist2_d_stamped_ethz17__rosidl_typesupport_fastrtps_cpp.hpp
-- Symlinking: /home/vboxuser/duckietown_ws/install/duckietown_msgs/include/duckietown_msgs/duckietown_msgs/msg/detail/vector2_d__rosidl_typesupport_fastrtps_cpp.hpp
-- Symlinking: /home/vboxuser/duckietown_ws/install/duckietown_msgs/include/duckietown_msgs/duckietown_msgs/msg/detail/vehicle_corners__rosidl_typesupport_fastrtps_cpp.hpp
-- Symlinking: /home/vboxuser/duckietown_ws/install/duckietown_msgs/include/duckietown_msgs/duckietown_msgs/msg/detail/vehicle_pose__rosidl_typesupport_fastrtps_cpp.hpp
-- Symlinking: /home/vboxuser/duckietown_ws/install/duckietown_msgs/include/duckietown_msgs/duckietown_msgs/msg/detail/vsample__rosidl_typesupport_fastrtps_cpp.hpp
-- Symlinking: /home/vboxuser/duckietown_ws/install/duckietown_msgs/include/duckietown_msgs/duckietown_msgs/msg/detail/wheels_cmd__rosidl_typesupport_fastrtps_cpp.hpp
-- Symlinking: /home/vboxuser/duckietown_ws/install/duckietown_msgs/include/duckietown_msgs/duckietown_msgs/msg/detail/wheels_cmd_stamped__rosidl_typesupport_fastrtps_cpp.hpp
-- Symlinking: /home/vboxuser/duckietown_ws/install/duckietown_msgs/include/duckietown_msgs/duckietown_msgs/msg/rosidl_typesupport_fastrtps_cpp__visibility_control.h
-- Symlinking: /home/vboxuser/duckietown_ws/install/duckietown_msgs/include/duckietown_msgs/duckietown_msgs/srv/detail/get_variable__rosidl_typesupport_fastrtps_cpp.hpp
-- Symlinking: /home/vboxuser/duckietown_ws/install/duckietown_msgs/include/duckietown_msgs/duckietown_msgs/srv/detail/set_fsm_state__rosidl_typesupport_fastrtps_cpp.hpp
-- Symlinking: /home/vboxuser/duckietown_ws/install/duckietown_msgs/include/duckietown_msgs/duckietown_msgs/srv/detail/set_value__rosidl_typesupport_fastrtps_cpp.hpp
-- Symlinking: /home/vboxuser/duckietown_ws/install/duckietown_msgs/include/duckietown_msgs/duckietown_msgs/srv/detail/set_variable__rosidl_typesupport_fastrtps_cpp.hpp
-- Symlinking: /home/vboxuser/duckietown_ws/install/duckietown_msgs/include/duckietown_msgs/duckietown_msgs/msg/detail/anti_instagram_health__rosidl_typesupport_introspection_cpp.hpp
-- Symlinking: /home/vboxuser/duckietown_ws/install/duckietown_msgs/include/duckietown_msgs/duckietown_msgs/msg/detail/anti_instagram_transform__rosidl_typesupport_introspection_cpp.hpp
-- Symlinking: /home/vboxuser/duckietown_ws/install/duckietown_msgs/include/duckietown_msgs/duckietown_msgs/msg/detail/anti_instagram_transform_cb__rosidl_typesupport_introspection_cpp.hpp
-- Symlinking: /home/vboxuser/duckietown_ws/install/duckietown_msgs/include/duckietown_msgs/duckietown_msgs/msg/detail/april_tag_detection__rosidl_typesupport_introspection_cpp.hpp
-- Symlinking: /home/vboxuser/duckietown_ws/install/duckietown_msgs/include/duckietown_msgs/duckietown_msgs/msg/detail/april_tag_detection_array__rosidl_typesupport_introspection_cpp.hpp
-- Symlinking: /home/vboxuser/duckietown_ws/install/duckietown_msgs/include/duckietown_msgs/duckietown_msgs/msg/detail/april_tags_with_infos__rosidl_typesupport_introspection_cpp.hpp
-- Symlinking: /home/vboxuser/duckietown_ws/install/duckietown_msgs/include/duckietown_msgs/duckietown_msgs/msg/detail/bool_stamped__rosidl_typesupport_introspection_cpp.hpp
-- Symlinking: /home/vboxuser/duckietown_ws/install/duckietown_msgs/include/duckietown_msgs/duckietown_msgs/msg/detail/bool_stamped_ethz17__rosidl_typesupport_introspection_cpp.hpp
-- Symlinking: /home/vboxuser/duckietown_ws/install/duckietown_msgs/include/duckietown_msgs/duckietown_msgs/msg/detail/car_control__rosidl_typesupport_introspection_cpp.hpp
-- Symlinking: /home/vboxuser/duckietown_ws/install/duckietown_msgs/include/duckietown_msgs/duckietown_msgs/msg/detail/coordination_clearance__rosidl_typesupport_introspection_cpp.hpp
-- Symlinking: /home/vboxuser/duckietown_ws/install/duckietown_msgs/include/duckietown_msgs/duckietown_msgs/msg/detail/coordination_clearance_ethz17__rosidl_typesupport_introspection_cpp.hpp
-- Symlinking: /home/vboxuser/duckietown_ws/install/duckietown_msgs/include/duckietown_msgs/duckietown_msgs/msg/detail/coordination_signal__rosidl_typesupport_introspection_cpp.hpp
-- Symlinking: /home/vboxuser/duckietown_ws/install/duckietown_msgs/include/duckietown_msgs/duckietown_msgs/msg/detail/coordination_signal_ethz17__rosidl_typesupport_introspection_cpp.hpp
-- Symlinking: /home/vboxuser/duckietown_ws/install/duckietown_msgs/include/duckietown_msgs/duckietown_msgs/msg/detail/duckie_sensor__rosidl_typesupport_introspection_cpp.hpp
-- Symlinking: /home/vboxuser/duckietown_ws/install/duckietown_msgs/include/duckietown_msgs/duckietown_msgs/msg/detail/fsm_state__rosidl_typesupport_introspection_cpp.hpp
-- Symlinking: /home/vboxuser/duckietown_ws/install/duckietown_msgs/include/duckietown_msgs/duckietown_msgs/msg/detail/intersection_pose__rosidl_typesupport_introspection_cpp.hpp
-- Symlinking: /home/vboxuser/duckietown_ws/install/duckietown_msgs/include/duckietown_msgs/duckietown_msgs/msg/detail/intersection_pose_img__rosidl_typesupport_introspection_cpp.hpp
-- Symlinking: /home/vboxuser/duckietown_ws/install/duckietown_msgs/include/duckietown_msgs/duckietown_msgs/msg/detail/intersection_pose_img_debug__rosidl_typesupport_introspection_cpp.hpp
-- Symlinking: /home/vboxuser/duckietown_ws/install/duckietown_msgs/include/duckietown_msgs/duckietown_msgs/msg/detail/kinematics_parameters__rosidl_typesupport_introspection_cpp.hpp
-- Symlinking: /home/vboxuser/duckietown_ws/install/duckietown_msgs/include/duckietown_msgs/duckietown_msgs/msg/detail/kinematics_weights__rosidl_typesupport_introspection_cpp.hpp
-- Symlinking: /home/vboxuser/duckietown_ws/install/duckietown_msgs/include/duckietown_msgs/duckietown_msgs/msg/detail/lane_pose__rosidl_typesupport_introspection_cpp.hpp
-- Symlinking: /home/vboxuser/duckietown_ws/install/duckietown_msgs/include/duckietown_msgs/duckietown_msgs/msg/detail/led_detection__rosidl_typesupport_introspection_cpp.hpp
-- Symlinking: /home/vboxuser/duckietown_ws/install/duckietown_msgs/include/duckietown_msgs/duckietown_msgs/msg/detail/led_detection_array__rosidl_typesupport_introspection_cpp.hpp
-- Symlinking: /home/vboxuser/duckietown_ws/install/duckietown_msgs/include/duckietown_msgs/duckietown_msgs/msg/detail/led_detection_debug_info__rosidl_typesupport_introspection_cpp.hpp
-- Symlinking: /home/vboxuser/duckietown_ws/install/duckietown_msgs/include/duckietown_msgs/duckietown_msgs/msg/detail/led_interpreter__rosidl_typesupport_introspection_cpp.hpp
-- Symlinking: /home/vboxuser/duckietown_ws/install/duckietown_msgs/include/duckietown_msgs/duckietown_msgs/msg/detail/maintenance_state__rosidl_typesupport_introspection_cpp.hpp
-- Symlinking: /home/vboxuser/duckietown_ws/install/duckietown_msgs/include/duckietown_msgs/duckietown_msgs/msg/detail/num__rosidl_typesupport_introspection_cpp.hpp
-- Symlinking: /home/vboxuser/duckietown_ws/install/duckietown_msgs/include/duckietown_msgs/duckietown_msgs/msg/detail/obstacle_image_detection__rosidl_typesupport_introspection_cpp.hpp
-- Symlinking: /home/vboxuser/duckietown_ws/install/duckietown_msgs/include/duckietown_msgs/duckietown_msgs/msg/detail/obstacle_image_detection_list__rosidl_typesupport_introspection_cpp.hpp
-- Symlinking: /home/vboxuser/duckietown_ws/install/duckietown_msgs/include/duckietown_msgs/duckietown_msgs/msg/detail/obstacle_projected_detection__rosidl_typesupport_introspection_cpp.hpp
-- Symlinking: /home/vboxuser/duckietown_ws/install/duckietown_msgs/include/duckietown_msgs/duckietown_msgs/msg/detail/obstacle_projected_detection_list__rosidl_typesupport_introspection_cpp.hpp
-- Symlinking: /home/vboxuser/duckietown_ws/install/duckietown_msgs/include/duckietown_msgs/duckietown_msgs/msg/detail/obstacle_type__rosidl_typesupport_introspection_cpp.hpp
-- Symlinking: /home/vboxuser/duckietown_ws/install/duckietown_msgs/include/duckietown_msgs/duckietown_msgs/msg/detail/pixel__rosidl_typesupport_introspection_cpp.hpp
-- Symlinking: /home/vboxuser/duckietown_ws/install/duckietown_msgs/include/duckietown_msgs/duckietown_msgs/msg/detail/pose2_d_stamped__rosidl_typesupport_introspection_cpp.hpp
-- Symlinking: /home/vboxuser/duckietown_ws/install/duckietown_msgs/include/duckietown_msgs/duckietown_msgs/msg/detail/rect__rosidl_typesupport_introspection_cpp.hpp
-- Symlinking: /home/vboxuser/duckietown_ws/install/duckietown_msgs/include/duckietown_msgs/duckietown_msgs/msg/detail/rects__rosidl_typesupport_introspection_cpp.hpp
-- Symlinking: /home/vboxuser/duckietown_ws/install/duckietown_msgs/include/duckietown_msgs/duckietown_msgs/msg/detail/scene_segments__rosidl_typesupport_introspection_cpp.hpp
-- Symlinking: /home/vboxuser/duckietown_ws/install/duckietown_msgs/include/duckietown_msgs/duckietown_msgs/msg/detail/segment__rosidl_typesupport_introspection_cpp.hpp
-- Symlinking: /home/vboxuser/duckietown_ws/install/duckietown_msgs/include/duckietown_msgs/duckietown_msgs/msg/detail/segment_list__rosidl_typesupport_introspection_cpp.hpp
-- Symlinking: /home/vboxuser/duckietown_ws/install/duckietown_msgs/include/duckietown_msgs/duckietown_msgs/msg/detail/signals_detection__rosidl_typesupport_introspection_cpp.hpp
-- Symlinking: /home/vboxuser/duckietown_ws/install/duckietown_msgs/include/duckietown_msgs/duckietown_msgs/msg/detail/signals_detection_ethz17__rosidl_typesupport_introspection_cpp.hpp
-- Symlinking: /home/vboxuser/duckietown_ws/install/duckietown_msgs/include/duckietown_msgs/duckietown_msgs/msg/detail/source_target_nodes__rosidl_typesupport_introspection_cpp.hpp
-- Symlinking: /home/vboxuser/duckietown_ws/install/duckietown_msgs/include/duckietown_msgs/duckietown_msgs/msg/detail/stop_line_reading__rosidl_typesupport_introspection_cpp.hpp
-- Symlinking: /home/vboxuser/duckietown_ws/install/duckietown_msgs/include/duckietown_msgs/duckietown_msgs/msg/detail/tag_info__rosidl_typesupport_introspection_cpp.hpp
-- Symlinking: /home/vboxuser/duckietown_ws/install/duckietown_msgs/include/duckietown_msgs/duckietown_msgs/msg/detail/theta_dot_sample__rosidl_typesupport_introspection_cpp.hpp
-- Symlinking: /home/vboxuser/duckietown_ws/install/duckietown_msgs/include/duckietown_msgs/duckietown_msgs/msg/detail/trajectory__rosidl_typesupport_introspection_cpp.hpp
-- Symlinking: /home/vboxuser/duckietown_ws/install/duckietown_msgs/include/duckietown_msgs/duckietown_msgs/msg/detail/turn_i_dand_type__rosidl_typesupport_introspection_cpp.hpp
-- Symlinking: /home/vboxuser/duckietown_ws/install/duckietown_msgs/include/duckietown_msgs/duckietown_msgs/msg/detail/twist2_d_stamped__rosidl_typesupport_introspection_cpp.hpp
-- Symlinking: /home/vboxuser/duckietown_ws/install/duckietown_msgs/include/duckietown_msgs/duckietown_msgs/msg/detail/twist2_d_stamped_ethz17__rosidl_typesupport_introspection_cpp.hpp
-- Symlinking: /home/vboxuser/duckietown_ws/install/duckietown_msgs/include/duckietown_msgs/duckietown_msgs/msg/detail/vector2_d__rosidl_typesupport_introspection_cpp.hpp
-- Symlinking: /home/vboxuser/duckietown_ws/install/duckietown_msgs/include/duckietown_msgs/duckietown_msgs/msg/detail/vehicle_corners__rosidl_typesupport_introspection_cpp.hpp
-- Symlinking: /home/vboxuser/duckietown_ws/install/duckietown_msgs/include/duckietown_msgs/duckietown_msgs/msg/detail/vehicle_pose__rosidl_typesupport_introspection_cpp.hpp
-- Symlinking: /home/vboxuser/duckietown_ws/install/duckietown_msgs/include/duckietown_msgs/duckietown_msgs/msg/detail/vsample__rosidl_typesupport_introspection_cpp.hpp
-- Symlinking: /home/vboxuser/duckietown_ws/install/duckietown_msgs/include/duckietown_msgs/duckietown_msgs/msg/detail/wheels_cmd__rosidl_typesupport_introspection_cpp.hpp
-- Symlinking: /home/vboxuser/duckietown_ws/install/duckietown_msgs/include/duckietown_msgs/duckietown_msgs/msg/detail/wheels_cmd_stamped__rosidl_typesupport_introspection_cpp.hpp
-- Symlinking: /home/vboxuser/duckietown_ws/install/duckietown_msgs/include/duckietown_msgs/duckietown_msgs/srv/detail/get_variable__rosidl_typesupport_introspection_cpp.hpp
-- Symlinking: /home/vboxuser/duckietown_ws/install/duckietown_msgs/include/duckietown_msgs/duckietown_msgs/srv/detail/set_fsm_state__rosidl_typesupport_introspection_cpp.hpp
-- Symlinking: /home/vboxuser/duckietown_ws/install/duckietown_msgs/include/duckietown_msgs/duckietown_msgs/srv/detail/set_value__rosidl_typesupport_introspection_cpp.hpp
-- Symlinking: /home/vboxuser/duckietown_ws/install/duckietown_msgs/include/duckietown_msgs/duckietown_msgs/srv/detail/set_variable__rosidl_typesupport_introspection_cpp.hpp
-- Symlinking: /home/vboxuser/duckietown_ws/install/duckietown_msgs/share/duckietown_msgs/environment/pythonpath.sh
-- Symlinking: /home/vboxuser/duckietown_ws/install/duckietown_msgs/share/duckietown_msgs/environment/pythonpath.dsv
-- Symlinking: /home/vboxuser/duckietown_ws/install/duckietown_msgs/local/lib/python3.10/dist-packages/duckietown_msgs-1.0.0-py3.10.egg-info/PKG-INFO
-- Symlinking: /home/vboxuser/duckietown_ws/install/duckietown_msgs/local/lib/python3.10/dist-packages/duckietown_msgs-1.0.0-py3.10.egg-info/SOURCES.txt
-- Symlinking: /home/vboxuser/duckietown_ws/install/duckietown_msgs/local/lib/python3.10/dist-packages/duckietown_msgs-1.0.0-py3.10.egg-info/dependency_links.txt
-- Symlinking: /home/vboxuser/duckietown_ws/install/duckietown_msgs/local/lib/python3.10/dist-packages/duckietown_msgs-1.0.0-py3.10.egg-info/top_level.txt
-- Symlinking: /home/vboxuser/duckietown_ws/install/duckietown_msgs/local/lib/python3.10/dist-packages/duckietown_msgs/__init__.py
-- Symlinking: /home/vboxuser/duckietown_ws/install/duckietown_msgs/local/lib/python3.10/dist-packages/duckietown_msgs/_duckietown_msgs_s.ep.rosidl_typesupport_c.c
-- Symlinking: /home/vboxuser/duckietown_ws/install/duckietown_msgs/local/lib/python3.10/dist-packages/duckietown_msgs/_duckietown_msgs_s.ep.rosidl_typesupport_fastrtps_c.c
-- Symlinking: /home/vboxuser/duckietown_ws/install/duckietown_msgs/local/lib/python3.10/dist-packages/duckietown_msgs/_duckietown_msgs_s.ep.rosidl_typesupport_introspection_c.c
-- Symlinking: /home/vboxuser/duckietown_ws/install/duckietown_msgs/local/lib/python3.10/dist-packages/duckietown_msgs/duckietown_msgs_s__rosidl_typesupport_c.cpython-310-x86_64-linux-gnu.so
-- Symlinking: /home/vboxuser/duckietown_ws/install/duckietown_msgs/local/lib/python3.10/dist-packages/duckietown_msgs/duckietown_msgs_s__rosidl_typesupport_fastrtps_c.cpython-310-x86_64-linux-gnu.so
-- Symlinking: /home/vboxuser/duckietown_ws/install/duckietown_msgs/local/lib/python3.10/dist-packages/duckietown_msgs/duckietown_msgs_s__rosidl_typesupport_introspection_c.cpython-310-x86_64-linux-gnu.so
-- Symlinking: /home/vboxuser/duckietown_ws/install/duckietown_msgs/local/lib/python3.10/dist-packages/duckietown_msgs/libduckietown_msgs__rosidl_generator_py.so
-- Symlinking: /home/vboxuser/duckietown_ws/install/duckietown_msgs/local/lib/python3.10/dist-packages/duckietown_msgs/msg/__init__.py
-- Symlinking: /home/vboxuser/duckietown_ws/install/duckietown_msgs/local/lib/python3.10/dist-packages/duckietown_msgs/msg/_anti_instagram_health.py
-- Symlinking: /home/vboxuser/duckietown_ws/install/duckietown_msgs/local/lib/python3.10/dist-packages/duckietown_msgs/msg/_anti_instagram_health_s.c
-- Symlinking: /home/vboxuser/duckietown_ws/install/duckietown_msgs/local/lib/python3.10/dist-packages/duckietown_msgs/msg/_anti_instagram_transform.py
-- Symlinking: /home/vboxuser/duckietown_ws/install/duckietown_msgs/local/lib/python3.10/dist-packages/duckietown_msgs/msg/_anti_instagram_transform_cb.py
-- Symlinking: /home/vboxuser/duckietown_ws/install/duckietown_msgs/local/lib/python3.10/dist-packages/duckietown_msgs/msg/_anti_instagram_transform_cb_s.c
-- Symlinking: /home/vboxuser/duckietown_ws/install/duckietown_msgs/local/lib/python3.10/dist-packages/duckietown_msgs/msg/_anti_instagram_transform_s.c
-- Symlinking: /home/vboxuser/duckietown_ws/install/duckietown_msgs/local/lib/python3.10/dist-packages/duckietown_msgs/msg/_april_tag_detection.py
-- Symlinking: /home/vboxuser/duckietown_ws/install/duckietown_msgs/local/lib/python3.10/dist-packages/duckietown_msgs/msg/_april_tag_detection_array.py
-- Symlinking: /home/vboxuser/duckietown_ws/install/duckietown_msgs/local/lib/python3.10/dist-packages/duckietown_msgs/msg/_april_tag_detection_array_s.c
-- Symlinking: /home/vboxuser/duckietown_ws/install/duckietown_msgs/local/lib/python3.10/dist-packages/duckietown_msgs/msg/_april_tag_detection_s.c
-- Symlinking: /home/vboxuser/duckietown_ws/install/duckietown_msgs/local/lib/python3.10/dist-packages/duckietown_msgs/msg/_april_tags_with_infos.py
-- Symlinking: /home/vboxuser/duckietown_ws/install/duckietown_msgs/local/lib/python3.10/dist-packages/duckietown_msgs/msg/_april_tags_with_infos_s.c
-- Symlinking: /home/vboxuser/duckietown_ws/install/duckietown_msgs/local/lib/python3.10/dist-packages/duckietown_msgs/msg/_bool_stamped.py
-- Symlinking: /home/vboxuser/duckietown_ws/install/duckietown_msgs/local/lib/python3.10/dist-packages/duckietown_msgs/msg/_bool_stamped_ethz17.py
-- Symlinking: /home/vboxuser/duckietown_ws/install/duckietown_msgs/local/lib/python3.10/dist-packages/duckietown_msgs/msg/_bool_stamped_ethz17_s.c
-- Symlinking: /home/vboxuser/duckietown_ws/install/duckietown_msgs/local/lib/python3.10/dist-packages/duckietown_msgs/msg/_bool_stamped_s.c
-- Symlinking: /home/vboxuser/duckietown_ws/install/duckietown_msgs/local/lib/python3.10/dist-packages/duckietown_msgs/msg/_car_control.py
-- Symlinking: /home/vboxuser/duckietown_ws/install/duckietown_msgs/local/lib/python3.10/dist-packages/duckietown_msgs/msg/_car_control_s.c
-- Symlinking: /home/vboxuser/duckietown_ws/install/duckietown_msgs/local/lib/python3.10/dist-packages/duckietown_msgs/msg/_coordination_clearance.py
-- Symlinking: /home/vboxuser/duckietown_ws/install/duckietown_msgs/local/lib/python3.10/dist-packages/duckietown_msgs/msg/_coordination_clearance_ethz17.py
-- Symlinking: /home/vboxuser/duckietown_ws/install/duckietown_msgs/local/lib/python3.10/dist-packages/duckietown_msgs/msg/_coordination_clearance_ethz17_s.c
-- Symlinking: /home/vboxuser/duckietown_ws/install/duckietown_msgs/local/lib/python3.10/dist-packages/duckietown_msgs/msg/_coordination_clearance_s.c
-- Symlinking: /home/vboxuser/duckietown_ws/install/duckietown_msgs/local/lib/python3.10/dist-packages/duckietown_msgs/msg/_coordination_signal.py
-- Symlinking: /home/vboxuser/duckietown_ws/install/duckietown_msgs/local/lib/python3.10/dist-packages/duckietown_msgs/msg/_coordination_signal_ethz17.py
-- Symlinking: /home/vboxuser/duckietown_ws/install/duckietown_msgs/local/lib/python3.10/dist-packages/duckietown_msgs/msg/_coordination_signal_ethz17_s.c
-- Symlinking: /home/vboxuser/duckietown_ws/install/duckietown_msgs/local/lib/python3.10/dist-packages/duckietown_msgs/msg/_coordination_signal_s.c
-- Symlinking: /home/vboxuser/duckietown_ws/install/duckietown_msgs/local/lib/python3.10/dist-packages/duckietown_msgs/msg/_duckie_sensor.py
-- Symlinking: /home/vboxuser/duckietown_ws/install/duckietown_msgs/local/lib/python3.10/dist-packages/duckietown_msgs/msg/_duckie_sensor_s.c
-- Symlinking: /home/vboxuser/duckietown_ws/install/duckietown_msgs/local/lib/python3.10/dist-packages/duckietown_msgs/msg/_fsm_state.py
-- Symlinking: /home/vboxuser/duckietown_ws/install/duckietown_msgs/local/lib/python3.10/dist-packages/duckietown_msgs/msg/_fsm_state_s.c
-- Symlinking: /home/vboxuser/duckietown_ws/install/duckietown_msgs/local/lib/python3.10/dist-packages/duckietown_msgs/msg/_intersection_pose.py
-- Symlinking: /home/vboxuser/duckietown_ws/install/duckietown_msgs/local/lib/python3.10/dist-packages/duckietown_msgs/msg/_intersection_pose_img.py
-- Symlinking: /home/vboxuser/duckietown_ws/install/duckietown_msgs/local/lib/python3.10/dist-packages/duckietown_msgs/msg/_intersection_pose_img_debug.py
-- Symlinking: /home/vboxuser/duckietown_ws/install/duckietown_msgs/local/lib/python3.10/dist-packages/duckietown_msgs/msg/_intersection_pose_img_debug_s.c
-- Symlinking: /home/vboxuser/duckietown_ws/install/duckietown_msgs/local/lib/python3.10/dist-packages/duckietown_msgs/msg/_intersection_pose_img_s.c
-- Symlinking: /home/vboxuser/duckietown_ws/install/duckietown_msgs/local/lib/python3.10/dist-packages/duckietown_msgs/msg/_intersection_pose_s.c
-- Symlinking: /home/vboxuser/duckietown_ws/install/duckietown_msgs/local/lib/python3.10/dist-packages/duckietown_msgs/msg/_kinematics_parameters.py
-- Symlinking: /home/vboxuser/duckietown_ws/install/duckietown_msgs/local/lib/python3.10/dist-packages/duckietown_msgs/msg/_kinematics_parameters_s.c
-- Symlinking: /home/vboxuser/duckietown_ws/install/duckietown_msgs/local/lib/python3.10/dist-packages/duckietown_msgs/msg/_kinematics_weights.py
-- Symlinking: /home/vboxuser/duckietown_ws/install/duckietown_msgs/local/lib/python3.10/dist-packages/duckietown_msgs/msg/_kinematics_weights_s.c
-- Symlinking: /home/vboxuser/duckietown_ws/install/duckietown_msgs/local/lib/python3.10/dist-packages/duckietown_msgs/msg/_lane_pose.py
-- Symlinking: /home/vboxuser/duckietown_ws/install/duckietown_msgs/local/lib/python3.10/dist-packages/duckietown_msgs/msg/_lane_pose_s.c
-- Symlinking: /home/vboxuser/duckietown_ws/install/duckietown_msgs/local/lib/python3.10/dist-packages/duckietown_msgs/msg/_led_detection.py
-- Symlinking: /home/vboxuser/duckietown_ws/install/duckietown_msgs/local/lib/python3.10/dist-packages/duckietown_msgs/msg/_led_detection_array.py
-- Symlinking: /home/vboxuser/duckietown_ws/install/duckietown_msgs/local/lib/python3.10/dist-packages/duckietown_msgs/msg/_led_detection_array_s.c
-- Symlinking: /home/vboxuser/duckietown_ws/install/duckietown_msgs/local/lib/python3.10/dist-packages/duckietown_msgs/msg/_led_detection_debug_info.py
-- Symlinking: /home/vboxuser/duckietown_ws/install/duckietown_msgs/local/lib/python3.10/dist-packages/duckietown_msgs/msg/_led_detection_debug_info_s.c
-- Symlinking: /home/vboxuser/duckietown_ws/install/duckietown_msgs/local/lib/python3.10/dist-packages/duckietown_msgs/msg/_led_detection_s.c
-- Symlinking: /home/vboxuser/duckietown_ws/install/duckietown_msgs/local/lib/python3.10/dist-packages/duckietown_msgs/msg/_led_interpreter.py
-- Symlinking: /home/vboxuser/duckietown_ws/install/duckietown_msgs/local/lib/python3.10/dist-packages/duckietown_msgs/msg/_led_interpreter_s.c
-- Symlinking: /home/vboxuser/duckietown_ws/install/duckietown_msgs/local/lib/python3.10/dist-packages/duckietown_msgs/msg/_maintenance_state.py
-- Symlinking: /home/vboxuser/duckietown_ws/install/duckietown_msgs/local/lib/python3.10/dist-packages/duckietown_msgs/msg/_maintenance_state_s.c
-- Symlinking: /home/vboxuser/duckietown_ws/install/duckietown_msgs/local/lib/python3.10/dist-packages/duckietown_msgs/msg/_num.py
-- Symlinking: /home/vboxuser/duckietown_ws/install/duckietown_msgs/local/lib/python3.10/dist-packages/duckietown_msgs/msg/_num_s.c
-- Symlinking: /home/vboxuser/duckietown_ws/install/duckietown_msgs/local/lib/python3.10/dist-packages/duckietown_msgs/msg/_obstacle_image_detection.py
-- Symlinking: /home/vboxuser/duckietown_ws/install/duckietown_msgs/local/lib/python3.10/dist-packages/duckietown_msgs/msg/_obstacle_image_detection_list.py
-- Symlinking: /home/vboxuser/duckietown_ws/install/duckietown_msgs/local/lib/python3.10/dist-packages/duckietown_msgs/msg/_obstacle_image_detection_list_s.c
-- Symlinking: /home/vboxuser/duckietown_ws/install/duckietown_msgs/local/lib/python3.10/dist-packages/duckietown_msgs/msg/_obstacle_image_detection_s.c
-- Symlinking: /home/vboxuser/duckietown_ws/install/duckietown_msgs/local/lib/python3.10/dist-packages/duckietown_msgs/msg/_obstacle_projected_detection.py
-- Symlinking: /home/vboxuser/duckietown_ws/install/duckietown_msgs/local/lib/python3.10/dist-packages/duckietown_msgs/msg/_obstacle_projected_detection_list.py
-- Symlinking: /home/vboxuser/duckietown_ws/install/duckietown_msgs/local/lib/python3.10/dist-packages/duckietown_msgs/msg/_obstacle_projected_detection_list_s.c
-- Symlinking: /home/vboxuser/duckietown_ws/install/duckietown_msgs/local/lib/python3.10/dist-packages/duckietown_msgs/msg/_obstacle_projected_detection_s.c
-- Symlinking: /home/vboxuser/duckietown_ws/install/duckietown_msgs/local/lib/python3.10/dist-packages/duckietown_msgs/msg/_obstacle_type.py
-- Symlinking: /home/vboxuser/duckietown_ws/install/duckietown_msgs/local/lib/python3.10/dist-packages/duckietown_msgs/msg/_obstacle_type_s.c
-- Symlinking: /home/vboxuser/duckietown_ws/install/duckietown_msgs/local/lib/python3.10/dist-packages/duckietown_msgs/msg/_pixel.py
-- Symlinking: /home/vboxuser/duckietown_ws/install/duckietown_msgs/local/lib/python3.10/dist-packages/duckietown_msgs/msg/_pixel_s.c
-- Symlinking: /home/vboxuser/duckietown_ws/install/duckietown_msgs/local/lib/python3.10/dist-packages/duckietown_msgs/msg/_pose2_d_stamped.py
-- Symlinking: /home/vboxuser/duckietown_ws/install/duckietown_msgs/local/lib/python3.10/dist-packages/duckietown_msgs/msg/_pose2_d_stamped_s.c
-- Symlinking: /home/vboxuser/duckietown_ws/install/duckietown_msgs/local/lib/python3.10/dist-packages/duckietown_msgs/msg/_rect.py
-- Symlinking: /home/vboxuser/duckietown_ws/install/duckietown_msgs/local/lib/python3.10/dist-packages/duckietown_msgs/msg/_rect_s.c
-- Symlinking: /home/vboxuser/duckietown_ws/install/duckietown_msgs/local/lib/python3.10/dist-packages/duckietown_msgs/msg/_rects.py
-- Symlinking: /home/vboxuser/duckietown_ws/install/duckietown_msgs/local/lib/python3.10/dist-packages/duckietown_msgs/msg/_rects_s.c
-- Symlinking: /home/vboxuser/duckietown_ws/install/duckietown_msgs/local/lib/python3.10/dist-packages/duckietown_msgs/msg/_scene_segments.py
-- Symlinking: /home/vboxuser/duckietown_ws/install/duckietown_msgs/local/lib/python3.10/dist-packages/duckietown_msgs/msg/_scene_segments_s.c
-- Symlinking: /home/vboxuser/duckietown_ws/install/duckietown_msgs/local/lib/python3.10/dist-packages/duckietown_msgs/msg/_segment.py
-- Symlinking: /home/vboxuser/duckietown_ws/install/duckietown_msgs/local/lib/python3.10/dist-packages/duckietown_msgs/msg/_segment_list.py
-- Symlinking: /home/vboxuser/duckietown_ws/install/duckietown_msgs/local/lib/python3.10/dist-packages/duckietown_msgs/msg/_segment_list_s.c
-- Symlinking: /home/vboxuser/duckietown_ws/install/duckietown_msgs/local/lib/python3.10/dist-packages/duckietown_msgs/msg/_segment_s.c
-- Symlinking: /home/vboxuser/duckietown_ws/install/duckietown_msgs/local/lib/python3.10/dist-packages/duckietown_msgs/msg/_signals_detection.py
-- Symlinking: /home/vboxuser/duckietown_ws/install/duckietown_msgs/local/lib/python3.10/dist-packages/duckietown_msgs/msg/_signals_detection_ethz17.py
-- Symlinking: /home/vboxuser/duckietown_ws/install/duckietown_msgs/local/lib/python3.10/dist-packages/duckietown_msgs/msg/_signals_detection_ethz17_s.c
-- Symlinking: /home/vboxuser/duckietown_ws/install/duckietown_msgs/local/lib/python3.10/dist-packages/duckietown_msgs/msg/_signals_detection_s.c
-- Symlinking: /home/vboxuser/duckietown_ws/install/duckietown_msgs/local/lib/python3.10/dist-packages/duckietown_msgs/msg/_source_target_nodes.py
-- Symlinking: /home/vboxuser/duckietown_ws/install/duckietown_msgs/local/lib/python3.10/dist-packages/duckietown_msgs/msg/_source_target_nodes_s.c
-- Symlinking: /home/vboxuser/duckietown_ws/install/duckietown_msgs/local/lib/python3.10/dist-packages/duckietown_msgs/msg/_stop_line_reading.py
-- Symlinking: /home/vboxuser/duckietown_ws/install/duckietown_msgs/local/lib/python3.10/dist-packages/duckietown_msgs/msg/_stop_line_reading_s.c
-- Symlinking: /home/vboxuser/duckietown_ws/install/duckietown_msgs/local/lib/python3.10/dist-packages/duckietown_msgs/msg/_tag_info.py
-- Symlinking: /home/vboxuser/duckietown_ws/install/duckietown_msgs/local/lib/python3.10/dist-packages/duckietown_msgs/msg/_tag_info_s.c
-- Symlinking: /home/vboxuser/duckietown_ws/install/duckietown_msgs/local/lib/python3.10/dist-packages/duckietown_msgs/msg/_theta_dot_sample.py
-- Symlinking: /home/vboxuser/duckietown_ws/install/duckietown_msgs/local/lib/python3.10/dist-packages/duckietown_msgs/msg/_theta_dot_sample_s.c
-- Symlinking: /home/vboxuser/duckietown_ws/install/duckietown_msgs/local/lib/python3.10/dist-packages/duckietown_msgs/msg/_trajectory.py
-- Symlinking: /home/vboxuser/duckietown_ws/install/duckietown_msgs/local/lib/python3.10/dist-packages/duckietown_msgs/msg/_trajectory_s.c
-- Symlinking: /home/vboxuser/duckietown_ws/install/duckietown_msgs/local/lib/python3.10/dist-packages/duckietown_msgs/msg/_turn_i_dand_type.py
-- Symlinking: /home/vboxuser/duckietown_ws/install/duckietown_msgs/local/lib/python3.10/dist-packages/duckietown_msgs/msg/_turn_i_dand_type_s.c
-- Symlinking: /home/vboxuser/duckietown_ws/install/duckietown_msgs/local/lib/python3.10/dist-packages/duckietown_msgs/msg/_twist2_d_stamped.py
-- Symlinking: /home/vboxuser/duckietown_ws/install/duckietown_msgs/local/lib/python3.10/dist-packages/duckietown_msgs/msg/_twist2_d_stamped_ethz17.py
-- Symlinking: /home/vboxuser/duckietown_ws/install/duckietown_msgs/local/lib/python3.10/dist-packages/duckietown_msgs/msg/_twist2_d_stamped_ethz17_s.c
-- Symlinking: /home/vboxuser/duckietown_ws/install/duckietown_msgs/local/lib/python3.10/dist-packages/duckietown_msgs/msg/_twist2_d_stamped_s.c
-- Symlinking: /home/vboxuser/duckietown_ws/install/duckietown_msgs/local/lib/python3.10/dist-packages/duckietown_msgs/msg/_vector2_d.py
-- Symlinking: /home/vboxuser/duckietown_ws/install/duckietown_msgs/local/lib/python3.10/dist-packages/duckietown_msgs/msg/_vector2_d_s.c
-- Symlinking: /home/vboxuser/duckietown_ws/install/duckietown_msgs/local/lib/python3.10/dist-packages/duckietown_msgs/msg/_vehicle_corners.py
-- Symlinking: /home/vboxuser/duckietown_ws/install/duckietown_msgs/local/lib/python3.10/dist-packages/duckietown_msgs/msg/_vehicle_corners_s.c
-- Symlinking: /home/vboxuser/duckietown_ws/install/duckietown_msgs/local/lib/python3.10/dist-packages/duckietown_msgs/msg/_vehicle_pose.py
-- Symlinking: /home/vboxuser/duckietown_ws/install/duckietown_msgs/local/lib/python3.10/dist-packages/duckietown_msgs/msg/_vehicle_pose_s.c
-- Symlinking: /home/vboxuser/duckietown_ws/install/duckietown_msgs/local/lib/python3.10/dist-packages/duckietown_msgs/msg/_vsample.py
-- Symlinking: /home/vboxuser/duckietown_ws/install/duckietown_msgs/local/lib/python3.10/dist-packages/duckietown_msgs/msg/_vsample_s.c
-- Symlinking: /home/vboxuser/duckietown_ws/install/duckietown_msgs/local/lib/python3.10/dist-packages/duckietown_msgs/msg/_wheels_cmd.py
-- Symlinking: /home/vboxuser/duckietown_ws/install/duckietown_msgs/local/lib/python3.10/dist-packages/duckietown_msgs/msg/_wheels_cmd_s.c
-- Symlinking: /home/vboxuser/duckietown_ws/install/duckietown_msgs/local/lib/python3.10/dist-packages/duckietown_msgs/msg/_wheels_cmd_stamped.py
-- Symlinking: /home/vboxuser/duckietown_ws/install/duckietown_msgs/local/lib/python3.10/dist-packages/duckietown_msgs/msg/_wheels_cmd_stamped_s.c
-- Symlinking: /home/vboxuser/duckietown_ws/install/duckietown_msgs/local/lib/python3.10/dist-packages/duckietown_msgs/srv/__init__.py
-- Symlinking: /home/vboxuser/duckietown_ws/install/duckietown_msgs/local/lib/python3.10/dist-packages/duckietown_msgs/srv/_get_variable.py
-- Symlinking: /home/vboxuser/duckietown_ws/install/duckietown_msgs/local/lib/python3.10/dist-packages/duckietown_msgs/srv/_get_variable_s.c
-- Symlinking: /home/vboxuser/duckietown_ws/install/duckietown_msgs/local/lib/python3.10/dist-packages/duckietown_msgs/srv/_set_fsm_state.py
-- Symlinking: /home/vboxuser/duckietown_ws/install/duckietown_msgs/local/lib/python3.10/dist-packages/duckietown_msgs/srv/_set_fsm_state_s.c
-- Symlinking: /home/vboxuser/duckietown_ws/install/duckietown_msgs/local/lib/python3.10/dist-packages/duckietown_msgs/srv/_set_value.py
-- Symlinking: /home/vboxuser/duckietown_ws/install/duckietown_msgs/local/lib/python3.10/dist-packages/duckietown_msgs/srv/_set_value_s.c
-- Symlinking: /home/vboxuser/duckietown_ws/install/duckietown_msgs/local/lib/python3.10/dist-packages/duckietown_msgs/srv/_set_variable.py
-- Symlinking: /home/vboxuser/duckietown_ws/install/duckietown_msgs/local/lib/python3.10/dist-packages/duckietown_msgs/srv/_set_variable_s.c
-- Up-to-date symlink: /home/vboxuser/duckietown_ws/install/duckietown_msgs/local/lib/python3.10/dist-packages/duckietown_msgs/duckietown_msgs_s__rosidl_typesupport_fastrtps_c.cpython-310-x86_64-linux-gnu.so
-- Up-to-date symlink: /home/vboxuser/duckietown_ws/install/duckietown_msgs/local/lib/python3.10/dist-packages/duckietown_msgs/duckietown_msgs_s__rosidl_typesupport_introspection_c.cpython-310-x86_64-linux-gnu.so
-- Up-to-date symlink: /home/vboxuser/duckietown_ws/install/duckietown_msgs/local/lib/python3.10/dist-packages/duckietown_msgs/duckietown_msgs_s__rosidl_typesupport_c.cpython-310-x86_64-linux-gnu.so
-- Symlinking: /home/vboxuser/duckietown_ws/install/duckietown_msgs/share/ament_index/resource_index/rust_packages/duckietown_msgs
-- Symlinking: /home/vboxuser/duckietown_ws/install/duckietown_msgs/share/duckietown_msgs/rust/Cargo.toml
-- Symlinking: /home/vboxuser/duckietown_ws/install/duckietown_msgs/share/duckietown_msgs/rust/build.rs
-- Symlinking: /home/vboxuser/duckietown_ws/install/duckietown_msgs/share/duckietown_msgs/rust/src/lib.rs
-- Symlinking: /home/vboxuser/duckietown_ws/install/duckietown_msgs/share/duckietown_msgs/rust/src/msg.rs
-- Symlinking: /home/vboxuser/duckietown_ws/install/duckietown_msgs/share/duckietown_msgs/rust/src/msg/rmw.rs
-- Symlinking: /home/vboxuser/duckietown_ws/install/duckietown_msgs/share/duckietown_msgs/rust/src/srv.rs
-- Symlinking: /home/vboxuser/duckietown_ws/install/duckietown_msgs/share/duckietown_msgs/rust/src/srv/rmw.rs
-- Symlinking: /home/vboxuser/duckietown_ws/install/duckietown_msgs/share/duckietown_msgs/msg/CarControl.idl
-- Symlinking: /home/vboxuser/duckietown_ws/install/duckietown_msgs/share/duckietown_msgs/msg/CoordinationSignal.idl
-- Symlinking: /home/vboxuser/duckietown_ws/install/duckietown_msgs/share/duckietown_msgs/msg/CoordinationSignalETHZ17.idl
-- Symlinking: /home/vboxuser/duckietown_ws/install/duckietown_msgs/share/duckietown_msgs/msg/DuckieSensor.idl
-- Symlinking: /home/vboxuser/duckietown_ws/install/duckietown_msgs/share/duckietown_msgs/msg/LanePose.idl
-- Symlinking: /home/vboxuser/duckietown_ws/install/duckietown_msgs/share/duckietown_msgs/msg/IntersectionPose.idl
-- Symlinking: /home/vboxuser/duckietown_ws/install/duckietown_msgs/share/duckietown_msgs/msg/IntersectionPoseImg.idl
-- Symlinking: /home/vboxuser/duckietown_ws/install/duckietown_msgs/share/duckietown_msgs/msg/IntersectionPoseImgDebug.idl
-- Symlinking: /home/vboxuser/duckietown_ws/install/duckietown_msgs/share/duckietown_msgs/msg/TurnIDandType.idl
-- Symlinking: /home/vboxuser/duckietown_ws/install/duckietown_msgs/share/duckietown_msgs/msg/LEDDetection.idl
-- Symlinking: /home/vboxuser/duckietown_ws/install/duckietown_msgs/share/duckietown_msgs/msg/MaintenanceState.idl
-- Symlinking: /home/vboxuser/duckietown_ws/install/duckietown_msgs/share/duckietown_msgs/msg/LEDDetectionArray.idl
-- Symlinking: /home/vboxuser/duckietown_ws/install/duckietown_msgs/share/duckietown_msgs/msg/LEDDetectionDebugInfo.idl
-- Symlinking: /home/vboxuser/duckietown_ws/install/duckietown_msgs/share/duckietown_msgs/msg/WheelsCmd.idl
-- Symlinking: /home/vboxuser/duckietown_ws/install/duckietown_msgs/share/duckietown_msgs/msg/WheelsCmdStamped.idl
-- Symlinking: /home/vboxuser/duckietown_ws/install/duckietown_msgs/share/duckietown_msgs/msg/Pose2DStamped.idl
-- Symlinking: /home/vboxuser/duckietown_ws/install/duckietown_msgs/share/duckietown_msgs/msg/SignalsDetection.idl
-- Symlinking: /home/vboxuser/duckietown_ws/install/duckietown_msgs/share/duckietown_msgs/msg/SignalsDetectionETHZ17.idl
-- Symlinking: /home/vboxuser/duckietown_ws/install/duckietown_msgs/share/duckietown_msgs/msg/Twist2DStamped.idl
-- Symlinking: /home/vboxuser/duckietown_ws/install/duckietown_msgs/share/duckietown_msgs/msg/Twist2DStampedETHZ17.idl
-- Symlinking: /home/vboxuser/duckietown_ws/install/duckietown_msgs/share/duckietown_msgs/msg/AprilTagDetection.idl
-- Symlinking: /home/vboxuser/duckietown_ws/install/duckietown_msgs/share/duckietown_msgs/msg/AprilTagDetectionArray.idl
-- Symlinking: /home/vboxuser/duckietown_ws/install/duckietown_msgs/share/duckietown_msgs/msg/AprilTagsWithInfos.idl
-- Symlinking: /home/vboxuser/duckietown_ws/install/duckietown_msgs/share/duckietown_msgs/msg/TagInfo.idl
-- Symlinking: /home/vboxuser/duckietown_ws/install/duckietown_msgs/share/duckietown_msgs/msg/Pixel.idl
-- Symlinking: /home/vboxuser/duckietown_ws/install/duckietown_msgs/share/duckietown_msgs/msg/Vector2D.idl
-- Symlinking: /home/vboxuser/duckietown_ws/install/duckietown_msgs/share/duckietown_msgs/msg/Segment.idl
-- Symlinking: /home/vboxuser/duckietown_ws/install/duckietown_msgs/share/duckietown_msgs/msg/SegmentList.idl
-- Symlinking: /home/vboxuser/duckietown_ws/install/duckietown_msgs/share/duckietown_msgs/msg/Rect.idl
-- Symlinking: /home/vboxuser/duckietown_ws/install/duckietown_msgs/share/duckietown_msgs/msg/Rects.idl
-- Symlinking: /home/vboxuser/duckietown_ws/install/duckietown_msgs/share/duckietown_msgs/msg/SceneSegments.idl
-- Symlinking: /home/vboxuser/duckietown_ws/install/duckietown_msgs/share/duckietown_msgs/msg/SourceTargetNodes.idl
-- Symlinking: /home/vboxuser/duckietown_ws/install/duckietown_msgs/share/duckietown_msgs/msg/CoordinationClearance.idl
-- Symlinking: /home/vboxuser/duckietown_ws/install/duckietown_msgs/share/duckietown_msgs/msg/CoordinationClearanceETHZ17.idl
-- Symlinking: /home/vboxuser/duckietown_ws/install/duckietown_msgs/share/duckietown_msgs/msg/VehicleCorners.idl
-- Symlinking: /home/vboxuser/duckietown_ws/install/duckietown_msgs/share/duckietown_msgs/msg/VehiclePose.idl
-- Symlinking: /home/vboxuser/duckietown_ws/install/duckietown_msgs/share/duckietown_msgs/msg/FSMState.idl
-- Symlinking: /home/vboxuser/duckietown_ws/install/duckietown_msgs/share/duckietown_msgs/msg/BoolStamped.idl
-- Symlinking: /home/vboxuser/duckietown_ws/install/duckietown_msgs/share/duckietown_msgs/msg/BoolStampedETHZ17.idl
-- Symlinking: /home/vboxuser/duckietown_ws/install/duckietown_msgs/share/duckietown_msgs/msg/StopLineReading.idl
-- Symlinking: /home/vboxuser/duckietown_ws/install/duckietown_msgs/share/duckietown_msgs/msg/LEDInterpreter.idl
-- Symlinking: /home/vboxuser/duckietown_ws/install/duckietown_msgs/share/duckietown_msgs/msg/AntiInstagramHealth.idl
-- Symlinking: /home/vboxuser/duckietown_ws/install/duckietown_msgs/share/duckietown_msgs/msg/AntiInstagramTransform.idl
-- Symlinking: /home/vboxuser/duckietown_ws/install/duckietown_msgs/share/duckietown_msgs/msg/AntiInstagramTransformCB.idl
-- Symlinking: /home/vboxuser/duckietown_ws/install/duckietown_msgs/share/duckietown_msgs/msg/KinematicsWeights.idl
-- Symlinking: /home/vboxuser/duckietown_ws/install/duckietown_msgs/share/duckietown_msgs/msg/KinematicsParameters.idl
-- Symlinking: /home/vboxuser/duckietown_ws/install/duckietown_msgs/share/duckietown_msgs/msg/ThetaDotSample.idl
-- Symlinking: /home/vboxuser/duckietown_ws/install/duckietown_msgs/share/duckietown_msgs/msg/Vsample.idl
-- Symlinking: /home/vboxuser/duckietown_ws/install/duckietown_msgs/share/duckietown_msgs/msg/Trajectory.idl
-- Symlinking: /home/vboxuser/duckietown_ws/install/duckietown_msgs/share/duckietown_msgs/msg/ObstacleType.idl
-- Symlinking: /home/vboxuser/duckietown_ws/install/duckietown_msgs/share/duckietown_msgs/msg/ObstacleImageDetection.idl
-- Symlinking: /home/vboxuser/duckietown_ws/install/duckietown_msgs/share/duckietown_msgs/msg/ObstacleImageDetectionList.idl
-- Symlinking: /home/vboxuser/duckietown_ws/install/duckietown_msgs/share/duckietown_msgs/msg/ObstacleProjectedDetection.idl
-- Symlinking: /home/vboxuser/duckietown_ws/install/duckietown_msgs/share/duckietown_msgs/msg/ObstacleProjectedDetectionList.idl
-- Symlinking: /home/vboxuser/duckietown_ws/install/duckietown_msgs/share/duckietown_msgs/msg/Num.idl
-- Symlinking: /home/vboxuser/duckietown_ws/install/duckietown_msgs/share/duckietown_msgs/srv/SetFSMState.idl
-- Symlinking: /home/vboxuser/duckietown_ws/install/duckietown_msgs/share/duckietown_msgs/srv/SetValue.idl
-- Symlinking: /home/vboxuser/duckietown_ws/install/duckietown_msgs/share/duckietown_msgs/srv/SetVariable.idl
-- Symlinking: /home/vboxuser/duckietown_ws/install/duckietown_msgs/share/duckietown_msgs/srv/GetVariable.idl
-- Symlinking: /home/vboxuser/duckietown_ws/install/duckietown_msgs/share/duckietown_msgs/msg/CarControl.msg
-- Symlinking: /home/vboxuser/duckietown_ws/install/duckietown_msgs/share/duckietown_msgs/msg/CoordinationSignal.msg
-- Symlinking: /home/vboxuser/duckietown_ws/install/duckietown_msgs/share/duckietown_msgs/msg/CoordinationSignalETHZ17.msg
-- Symlinking: /home/vboxuser/duckietown_ws/install/duckietown_msgs/share/duckietown_msgs/msg/DuckieSensor.msg
-- Symlinking: /home/vboxuser/duckietown_ws/install/duckietown_msgs/share/duckietown_msgs/msg/LanePose.msg
-- Symlinking: /home/vboxuser/duckietown_ws/install/duckietown_msgs/share/duckietown_msgs/msg/IntersectionPose.msg
-- Symlinking: /home/vboxuser/duckietown_ws/install/duckietown_msgs/share/duckietown_msgs/msg/IntersectionPoseImg.msg
-- Symlinking: /home/vboxuser/duckietown_ws/install/duckietown_msgs/share/duckietown_msgs/msg/IntersectionPoseImgDebug.msg
-- Symlinking: /home/vboxuser/duckietown_ws/install/duckietown_msgs/share/duckietown_msgs/msg/TurnIDandType.msg
-- Symlinking: /home/vboxuser/duckietown_ws/install/duckietown_msgs/share/duckietown_msgs/msg/LEDDetection.msg
-- Symlinking: /home/vboxuser/duckietown_ws/install/duckietown_msgs/share/duckietown_msgs/msg/MaintenanceState.msg
-- Symlinking: /home/vboxuser/duckietown_ws/install/duckietown_msgs/share/duckietown_msgs/msg/LEDDetectionArray.msg
-- Symlinking: /home/vboxuser/duckietown_ws/install/duckietown_msgs/share/duckietown_msgs/msg/LEDDetectionDebugInfo.msg
-- Symlinking: /home/vboxuser/duckietown_ws/install/duckietown_msgs/share/duckietown_msgs/msg/WheelsCmd.msg
-- Symlinking: /home/vboxuser/duckietown_ws/install/duckietown_msgs/share/duckietown_msgs/msg/WheelsCmdStamped.msg
-- Symlinking: /home/vboxuser/duckietown_ws/install/duckietown_msgs/share/duckietown_msgs/msg/Pose2DStamped.msg
-- Symlinking: /home/vboxuser/duckietown_ws/install/duckietown_msgs/share/duckietown_msgs/msg/SignalsDetection.msg
-- Symlinking: /home/vboxuser/duckietown_ws/install/duckietown_msgs/share/duckietown_msgs/msg/SignalsDetectionETHZ17.msg
-- Symlinking: /home/vboxuser/duckietown_ws/install/duckietown_msgs/share/duckietown_msgs/msg/Twist2DStamped.msg
-- Symlinking: /home/vboxuser/duckietown_ws/install/duckietown_msgs/share/duckietown_msgs/msg/Twist2DStampedETHZ17.msg
-- Symlinking: /home/vboxuser/duckietown_ws/install/duckietown_msgs/share/duckietown_msgs/msg/AprilTagDetection.msg
-- Symlinking: /home/vboxuser/duckietown_ws/install/duckietown_msgs/share/duckietown_msgs/msg/AprilTagDetectionArray.msg
-- Symlinking: /home/vboxuser/duckietown_ws/install/duckietown_msgs/share/duckietown_msgs/msg/AprilTagsWithInfos.msg
-- Symlinking: /home/vboxuser/duckietown_ws/install/duckietown_msgs/share/duckietown_msgs/msg/TagInfo.msg
-- Symlinking: /home/vboxuser/duckietown_ws/install/duckietown_msgs/share/duckietown_msgs/msg/Pixel.msg
-- Symlinking: /home/vboxuser/duckietown_ws/install/duckietown_msgs/share/duckietown_msgs/msg/Vector2D.msg
-- Symlinking: /home/vboxuser/duckietown_ws/install/duckietown_msgs/share/duckietown_msgs/msg/Segment.msg
-- Symlinking: /home/vboxuser/duckietown_ws/install/duckietown_msgs/share/duckietown_msgs/msg/SegmentList.msg
-- Symlinking: /home/vboxuser/duckietown_ws/install/duckietown_msgs/share/duckietown_msgs/msg/Rect.msg
-- Symlinking: /home/vboxuser/duckietown_ws/install/duckietown_msgs/share/duckietown_msgs/msg/Rects.msg
-- Symlinking: /home/vboxuser/duckietown_ws/install/duckietown_msgs/share/duckietown_msgs/msg/SceneSegments.msg
-- Symlinking: /home/vboxuser/duckietown_ws/install/duckietown_msgs/share/duckietown_msgs/msg/SourceTargetNodes.msg
-- Symlinking: /home/vboxuser/duckietown_ws/install/duckietown_msgs/share/duckietown_msgs/msg/CoordinationClearance.msg
-- Symlinking: /home/vboxuser/duckietown_ws/install/duckietown_msgs/share/duckietown_msgs/msg/CoordinationClearanceETHZ17.msg
-- Symlinking: /home/vboxuser/duckietown_ws/install/duckietown_msgs/share/duckietown_msgs/msg/VehicleCorners.msg
-- Symlinking: /home/vboxuser/duckietown_ws/install/duckietown_msgs/share/duckietown_msgs/msg/VehiclePose.msg
-- Symlinking: /home/vboxuser/duckietown_ws/install/duckietown_msgs/share/duckietown_msgs/msg/FSMState.msg
-- Symlinking: /home/vboxuser/duckietown_ws/install/duckietown_msgs/share/duckietown_msgs/msg/BoolStamped.msg
-- Symlinking: /home/vboxuser/duckietown_ws/install/duckietown_msgs/share/duckietown_msgs/msg/BoolStampedETHZ17.msg
-- Symlinking: /home/vboxuser/duckietown_ws/install/duckietown_msgs/share/duckietown_msgs/msg/StopLineReading.msg
-- Symlinking: /home/vboxuser/duckietown_ws/install/duckietown_msgs/share/duckietown_msgs/msg/LEDInterpreter.msg
-- Symlinking: /home/vboxuser/duckietown_ws/install/duckietown_msgs/share/duckietown_msgs/msg/AntiInstagramHealth.msg
-- Symlinking: /home/vboxuser/duckietown_ws/install/duckietown_msgs/share/duckietown_msgs/msg/AntiInstagramTransform.msg
-- Symlinking: /home/vboxuser/duckietown_ws/install/duckietown_msgs/share/duckietown_msgs/msg/AntiInstagramTransformCB.msg
-- Symlinking: /home/vboxuser/duckietown_ws/install/duckietown_msgs/share/duckietown_msgs/msg/KinematicsWeights.msg
-- Symlinking: /home/vboxuser/duckietown_ws/install/duckietown_msgs/share/duckietown_msgs/msg/KinematicsParameters.msg
-- Symlinking: /home/vboxuser/duckietown_ws/install/duckietown_msgs/share/duckietown_msgs/msg/ThetaDotSample.msg
-- Symlinking: /home/vboxuser/duckietown_ws/install/duckietown_msgs/share/duckietown_msgs/msg/Vsample.msg
-- Symlinking: /home/vboxuser/duckietown_ws/install/duckietown_msgs/share/duckietown_msgs/msg/Trajectory.msg
-- Symlinking: /home/vboxuser/duckietown_ws/install/duckietown_msgs/share/duckietown_msgs/msg/ObstacleType.msg
-- Symlinking: /home/vboxuser/duckietown_ws/install/duckietown_msgs/share/duckietown_msgs/msg/ObstacleImageDetection.msg
-- Symlinking: /home/vboxuser/duckietown_ws/install/duckietown_msgs/share/duckietown_msgs/msg/ObstacleImageDetectionList.msg
-- Symlinking: /home/vboxuser/duckietown_ws/install/duckietown_msgs/share/duckietown_msgs/msg/ObstacleProjectedDetection.msg
-- Symlinking: /home/vboxuser/duckietown_ws/install/duckietown_msgs/share/duckietown_msgs/msg/ObstacleProjectedDetectionList.msg
-- Symlinking: /home/vboxuser/duckietown_ws/install/duckietown_msgs/share/duckietown_msgs/msg/Num.msg
-- Symlinking: /home/vboxuser/duckietown_ws/install/duckietown_msgs/share/duckietown_msgs/srv/SetFSMState.srv
-- Symlinking: /home/vboxuser/duckietown_ws/install/duckietown_msgs/share/duckietown_msgs/srv/SetFSMState_Request.msg
-- Symlinking: /home/vboxuser/duckietown_ws/install/duckietown_msgs/share/duckietown_msgs/srv/SetFSMState_Response.msg
-- Symlinking: /home/vboxuser/duckietown_ws/install/duckietown_msgs/share/duckietown_msgs/srv/SetValue.srv
-- Symlinking: /home/vboxuser/duckietown_ws/install/duckietown_msgs/share/duckietown_msgs/srv/SetValue_Request.msg
-- Symlinking: /home/vboxuser/duckietown_ws/install/duckietown_msgs/share/duckietown_msgs/srv/SetValue_Response.msg
-- Symlinking: /home/vboxuser/duckietown_ws/install/duckietown_msgs/share/duckietown_msgs/srv/SetVariable.srv
-- Symlinking: /home/vboxuser/duckietown_ws/install/duckietown_msgs/share/duckietown_msgs/srv/SetVariable_Request.msg
-- Symlinking: /home/vboxuser/duckietown_ws/install/duckietown_msgs/share/duckietown_msgs/srv/SetVariable_Response.msg
-- Symlinking: /home/vboxuser/duckietown_ws/install/duckietown_msgs/share/duckietown_msgs/srv/GetVariable.srv
-- Symlinking: /home/vboxuser/duckietown_ws/install/duckietown_msgs/share/duckietown_msgs/srv/GetVariable_Request.msg
-- Symlinking: /home/vboxuser/duckietown_ws/install/duckietown_msgs/share/duckietown_msgs/srv/GetVariable_Response.msg
-- Symlinking: /home/vboxuser/duckietown_ws/install/duckietown_msgs/share/ament_index/resource_index/package_run_dependencies/duckietown_msgs
-- Symlinking: /home/vboxuser/duckietown_ws/install/duckietown_msgs/share/ament_index/resource_index/parent_prefix_path/duckietown_msgs
-- Symlinking: /home/vboxuser/duckietown_ws/install/duckietown_msgs/share/duckietown_msgs/environment/ament_prefix_path.sh
-- Symlinking: /home/vboxuser/duckietown_ws/install/duckietown_msgs/share/duckietown_msgs/environment/ament_prefix_path.dsv
-- Symlinking: /home/vboxuser/duckietown_ws/install/duckietown_msgs/share/duckietown_msgs/environment/path.sh
-- Symlinking: /home/vboxuser/duckietown_ws/install/duckietown_msgs/share/duckietown_msgs/environment/path.dsv
-- Symlinking: /home/vboxuser/duckietown_ws/install/duckietown_msgs/share/duckietown_msgs/local_setup.bash
-- Symlinking: /home/vboxuser/duckietown_ws/install/duckietown_msgs/share/duckietown_msgs/local_setup.sh
-- Symlinking: /home/vboxuser/duckietown_ws/install/duckietown_msgs/share/duckietown_msgs/local_setup.zsh
-- Symlinking: /home/vboxuser/duckietown_ws/install/duckietown_msgs/share/duckietown_msgs/local_setup.dsv
-- Symlinking: /home/vboxuser/duckietown_ws/install/duckietown_msgs/share/duckietown_msgs/package.dsv
-- Symlinking: /home/vboxuser/duckietown_ws/install/duckietown_msgs/share/ament_index/resource_index/packages/duckietown_msgs
-- Symlinking: /home/vboxuser/duckietown_ws/install/duckietown_msgs/share/duckietown_msgs/cmake/rosidl_cmake-extras.cmake
-- Symlinking: /home/vboxuser/duckietown_ws/install/duckietown_msgs/share/duckietown_msgs/cmake/ament_cmake_export_dependencies-extras.cmake
-- Symlinking: /home/vboxuser/duckietown_ws/install/duckietown_msgs/share/duckietown_msgs/cmake/ament_cmake_export_include_directories-extras.cmake
-- Symlinking: /home/vboxuser/duckietown_ws/install/duckietown_msgs/share/duckietown_msgs/cmake/ament_cmake_export_libraries-extras.cmake
-- Symlinking: /home/vboxuser/duckietown_ws/install/duckietown_msgs/share/duckietown_msgs/cmake/ament_cmake_export_targets-extras.cmake
-- Symlinking: /home/vboxuser/duckietown_ws/install/duckietown_msgs/share/duckietown_msgs/cmake/rosidl_cmake_export_typesupport_targets-extras.cmake
-- Symlinking: /home/vboxuser/duckietown_ws/install/duckietown_msgs/share/duckietown_msgs/cmake/rosidl_cmake_export_typesupport_libraries-extras.cmake
-- Symlinking: /home/vboxuser/duckietown_ws/install/duckietown_msgs/share/duckietown_msgs/cmake/duckietown_msgsConfig.cmake
-- Symlinking: /home/vboxuser/duckietown_ws/install/duckietown_msgs/share/duckietown_msgs/cmake/duckietown_msgsConfig-version.cmake
-- Symlinking: /home/vboxuser/duckietown_ws/install/duckietown_msgs/share/duckietown_msgs/package.xml
-- Installing: /home/vboxuser/duckietown_ws/install/duckietown_msgs/lib/libduckietown_msgs__rosidl_generator_c.so
-- Set runtime path of "/home/vboxuser/duckietown_ws/install/duckietown_msgs/lib/libduckietown_msgs__rosidl_generator_c.so" to ""
-- Installing: /home/vboxuser/duckietown_ws/install/duckietown_msgs/lib/libduckietown_msgs__rosidl_typesupport_fastrtps_c.so
-- Set runtime path of "/home/vboxuser/duckietown_ws/install/duckietown_msgs/lib/libduckietown_msgs__rosidl_typesupport_fastrtps_c.so" to ""
-- Installing: /home/vboxuser/duckietown_ws/install/duckietown_msgs/lib/libduckietown_msgs__rosidl_typesupport_introspection_c.so
-- Set runtime path of "/home/vboxuser/duckietown_ws/install/duckietown_msgs/lib/libduckietown_msgs__rosidl_typesupport_introspection_c.so" to ""
-- Installing: /home/vboxuser/duckietown_ws/install/duckietown_msgs/lib/libduckietown_msgs__rosidl_typesupport_c.so
-- Set runtime path of "/home/vboxuser/duckietown_ws/install/duckietown_msgs/lib/libduckietown_msgs__rosidl_typesupport_c.so" to ""
-- Installing: /home/vboxuser/duckietown_ws/install/duckietown_msgs/lib/libduckietown_msgs__rosidl_typesupport_fastrtps_cpp.so
-- Set runtime path of "/home/vboxuser/duckietown_ws/install/duckietown_msgs/lib/libduckietown_msgs__rosidl_typesupport_fastrtps_cpp.so" to ""
-- Installing: /home/vboxuser/duckietown_ws/install/duckietown_msgs/lib/libduckietown_msgs__rosidl_typesupport_introspection_cpp.so
-- Set runtime path of "/home/vboxuser/duckietown_ws/install/duckietown_msgs/lib/libduckietown_msgs__rosidl_typesupport_introspection_cpp.so" to ""
-- Installing: /home/vboxuser/duckietown_ws/install/duckietown_msgs/lib/libduckietown_msgs__rosidl_typesupport_cpp.so
-- Set runtime path of "/home/vboxuser/duckietown_ws/install/duckietown_msgs/lib/libduckietown_msgs__rosidl_typesupport_cpp.so" to ""
Listing '/home/vboxuser/duckietown_ws/install/duckietown_msgs/local/lib/python3.10/dist-packages/duckietown_msgs'...
Compiling '/home/vboxuser/duckietown_ws/install/duckietown_msgs/local/lib/python3.10/dist-packages/duckietown_msgs/__init__.py'...
Listing '/home/vboxuser/duckietown_ws/install/duckietown_msgs/local/lib/python3.10/dist-packages/duckietown_msgs/msg'...
Compiling '/home/vboxuser/duckietown_ws/install/duckietown_msgs/local/lib/python3.10/dist-packages/duckietown_msgs/msg/__init__.py'...
Compiling '/home/vboxuser/duckietown_ws/install/duckietown_msgs/local/lib/python3.10/dist-packages/duckietown_msgs/msg/_anti_instagram_health.py'...
Compiling '/home/vboxuser/duckietown_ws/install/duckietown_msgs/local/lib/python3.10/dist-packages/duckietown_msgs/msg/_anti_instagram_transform.py'...
Compiling '/home/vboxuser/duckietown_ws/install/duckietown_msgs/local/lib/python3.10/dist-packages/duckietown_msgs/msg/_anti_instagram_transform_cb.py'...
Compiling '/home/vboxuser/duckietown_ws/install/duckietown_msgs/local/lib/python3.10/dist-packages/duckietown_msgs/msg/_april_tag_detection.py'...
Compiling '/home/vboxuser/duckietown_ws/install/duckietown_msgs/local/lib/python3.10/dist-packages/duckietown_msgs/msg/_april_tag_detection_array.py'...
Compiling '/home/vboxuser/duckietown_ws/install/duckietown_msgs/local/lib/python3.10/dist-packages/duckietown_msgs/msg/_april_tags_with_infos.py'...
Compiling '/home/vboxuser/duckietown_ws/install/duckietown_msgs/local/lib/python3.10/dist-packages/duckietown_msgs/msg/_bool_stamped.py'...
Compiling '/home/vboxuser/duckietown_ws/install/duckietown_msgs/local/lib/python3.10/dist-packages/duckietown_msgs/msg/_bool_stamped_ethz17.py'...
Compiling '/home/vboxuser/duckietown_ws/install/duckietown_msgs/local/lib/python3.10/dist-packages/duckietown_msgs/msg/_car_control.py'...
Compiling '/home/vboxuser/duckietown_ws/install/duckietown_msgs/local/lib/python3.10/dist-packages/duckietown_msgs/msg/_coordination_clearance.py'...
Compiling '/home/vboxuser/duckietown_ws/install/duckietown_msgs/local/lib/python3.10/dist-packages/duckietown_msgs/msg/_coordination_clearance_ethz17.py'...
Compiling '/home/vboxuser/duckietown_ws/install/duckietown_msgs/local/lib/python3.10/dist-packages/duckietown_msgs/msg/_coordination_signal.py'...
Compiling '/home/vboxuser/duckietown_ws/install/duckietown_msgs/local/lib/python3.10/dist-packages/duckietown_msgs/msg/_coordination_signal_ethz17.py'...
Compiling '/home/vboxuser/duckietown_ws/install/duckietown_msgs/local/lib/python3.10/dist-packages/duckietown_msgs/msg/_duckie_sensor.py'...
Compiling '/home/vboxuser/duckietown_ws/install/duckietown_msgs/local/lib/python3.10/dist-packages/duckietown_msgs/msg/_fsm_state.py'...
Compiling '/home/vboxuser/duckietown_ws/install/duckietown_msgs/local/lib/python3.10/dist-packages/duckietown_msgs/msg/_intersection_pose.py'...
Compiling '/home/vboxuser/duckietown_ws/install/duckietown_msgs/local/lib/python3.10/dist-packages/duckietown_msgs/msg/_intersection_pose_img.py'...
Compiling '/home/vboxuser/duckietown_ws/install/duckietown_msgs/local/lib/python3.10/dist-packages/duckietown_msgs/msg/_intersection_pose_img_debug.py'...
Compiling '/home/vboxuser/duckietown_ws/install/duckietown_msgs/local/lib/python3.10/dist-packages/duckietown_msgs/msg/_kinematics_parameters.py'...
Compiling '/home/vboxuser/duckietown_ws/install/duckietown_msgs/local/lib/python3.10/dist-packages/duckietown_msgs/msg/_kinematics_weights.py'...
Compiling '/home/vboxuser/duckietown_ws/install/duckietown_msgs/local/lib/python3.10/dist-packages/duckietown_msgs/msg/_lane_pose.py'...
Compiling '/home/vboxuser/duckietown_ws/install/duckietown_msgs/local/lib/python3.10/dist-packages/duckietown_msgs/msg/_led_detection.py'...
Compiling '/home/vboxuser/duckietown_ws/install/duckietown_msgs/local/lib/python3.10/dist-packages/duckietown_msgs/msg/_led_detection_array.py'...
Compiling '/home/vboxuser/duckietown_ws/install/duckietown_msgs/local/lib/python3.10/dist-packages/duckietown_msgs/msg/_led_detection_debug_info.py'...
Compiling '/home/vboxuser/duckietown_ws/install/duckietown_msgs/local/lib/python3.10/dist-packages/duckietown_msgs/msg/_led_interpreter.py'...
Compiling '/home/vboxuser/duckietown_ws/install/duckietown_msgs/local/lib/python3.10/dist-packages/duckietown_msgs/msg/_maintenance_state.py'...
Compiling '/home/vboxuser/duckietown_ws/install/duckietown_msgs/local/lib/python3.10/dist-packages/duckietown_msgs/msg/_num.py'...
Compiling '/home/vboxuser/duckietown_ws/install/duckietown_msgs/local/lib/python3.10/dist-packages/duckietown_msgs/msg/_obstacle_image_detection.py'...
Compiling '/home/vboxuser/duckietown_ws/install/duckietown_msgs/local/lib/python3.10/dist-packages/duckietown_msgs/msg/_obstacle_image_detection_list.py'...
Compiling '/home/vboxuser/duckietown_ws/install/duckietown_msgs/local/lib/python3.10/dist-packages/duckietown_msgs/msg/_obstacle_projected_detection.py'...
Compiling '/home/vboxuser/duckietown_ws/install/duckietown_msgs/local/lib/python3.10/dist-packages/duckietown_msgs/msg/_obstacle_projected_detection_list.py'...
Compiling '/home/vboxuser/duckietown_ws/install/duckietown_msgs/local/lib/python3.10/dist-packages/duckietown_msgs/msg/_obstacle_type.py'...
Compiling '/home/vboxuser/duckietown_ws/install/duckietown_msgs/local/lib/python3.10/dist-packages/duckietown_msgs/msg/_pixel.py'...
Compiling '/home/vboxuser/duckietown_ws/install/duckietown_msgs/local/lib/python3.10/dist-packages/duckietown_msgs/msg/_pose2_d_stamped.py'...
Compiling '/home/vboxuser/duckietown_ws/install/duckietown_msgs/local/lib/python3.10/dist-packages/duckietown_msgs/msg/_rect.py'...
Compiling '/home/vboxuser/duckietown_ws/install/duckietown_msgs/local/lib/python3.10/dist-packages/duckietown_msgs/msg/_rects.py'...
Compiling '/home/vboxuser/duckietown_ws/install/duckietown_msgs/local/lib/python3.10/dist-packages/duckietown_msgs/msg/_scene_segments.py'...
Compiling '/home/vboxuser/duckietown_ws/install/duckietown_msgs/local/lib/python3.10/dist-packages/duckietown_msgs/msg/_segment.py'...
Compiling '/home/vboxuser/duckietown_ws/install/duckietown_msgs/local/lib/python3.10/dist-packages/duckietown_msgs/msg/_segment_list.py'...
Compiling '/home/vboxuser/duckietown_ws/install/duckietown_msgs/local/lib/python3.10/dist-packages/duckietown_msgs/msg/_signals_detection.py'...
Compiling '/home/vboxuser/duckietown_ws/install/duckietown_msgs/local/lib/python3.10/dist-packages/duckietown_msgs/msg/_signals_detection_ethz17.py'...
Compiling '/home/vboxuser/duckietown_ws/install/duckietown_msgs/local/lib/python3.10/dist-packages/duckietown_msgs/msg/_source_target_nodes.py'...
Compiling '/home/vboxuser/duckietown_ws/install/duckietown_msgs/local/lib/python3.10/dist-packages/duckietown_msgs/msg/_stop_line_reading.py'...
Compiling '/home/vboxuser/duckietown_ws/install/duckietown_msgs/local/lib/python3.10/dist-packages/duckietown_msgs/msg/_tag_info.py'...
Compiling '/home/vboxuser/duckietown_ws/install/duckietown_msgs/local/lib/python3.10/dist-packages/duckietown_msgs/msg/_theta_dot_sample.py'...
Compiling '/home/vboxuser/duckietown_ws/install/duckietown_msgs/local/lib/python3.10/dist-packages/duckietown_msgs/msg/_trajectory.py'...
Compiling '/home/vboxuser/duckietown_ws/install/duckietown_msgs/local/lib/python3.10/dist-packages/duckietown_msgs/msg/_turn_i_dand_type.py'...
Compiling '/home/vboxuser/duckietown_ws/install/duckietown_msgs/local/lib/python3.10/dist-packages/duckietown_msgs/msg/_twist2_d_stamped.py'...
Compiling '/home/vboxuser/duckietown_ws/install/duckietown_msgs/local/lib/python3.10/dist-packages/duckietown_msgs/msg/_twist2_d_stamped_ethz17.py'...
Compiling '/home/vboxuser/duckietown_ws/install/duckietown_msgs/local/lib/python3.10/dist-packages/duckietown_msgs/msg/_vector2_d.py'...
Compiling '/home/vboxuser/duckietown_ws/install/duckietown_msgs/local/lib/python3.10/dist-packages/duckietown_msgs/msg/_vehicle_corners.py'...
Compiling '/home/vboxuser/duckietown_ws/install/duckietown_msgs/local/lib/python3.10/dist-packages/duckietown_msgs/msg/_vehicle_pose.py'...
Compiling '/home/vboxuser/duckietown_ws/install/duckietown_msgs/local/lib/python3.10/dist-packages/duckietown_msgs/msg/_vsample.py'...
Compiling '/home/vboxuser/duckietown_ws/install/duckietown_msgs/local/lib/python3.10/dist-packages/duckietown_msgs/msg/_wheels_cmd.py'...
Compiling '/home/vboxuser/duckietown_ws/install/duckietown_msgs/local/lib/python3.10/dist-packages/duckietown_msgs/msg/_wheels_cmd_stamped.py'...
Listing '/home/vboxuser/duckietown_ws/install/duckietown_msgs/local/lib/python3.10/dist-packages/duckietown_msgs/srv'...
Compiling '/home/vboxuser/duckietown_ws/install/duckietown_msgs/local/lib/python3.10/dist-packages/duckietown_msgs/srv/__init__.py'...
Compiling '/home/vboxuser/duckietown_ws/install/duckietown_msgs/local/lib/python3.10/dist-packages/duckietown_msgs/srv/_get_variable.py'...
Compiling '/home/vboxuser/duckietown_ws/install/duckietown_msgs/local/lib/python3.10/dist-packages/duckietown_msgs/srv/_set_fsm_state.py'...
Compiling '/home/vboxuser/duckietown_ws/install/duckietown_msgs/local/lib/python3.10/dist-packages/duckietown_msgs/srv/_set_value.py'...
Compiling '/home/vboxuser/duckietown_ws/install/duckietown_msgs/local/lib/python3.10/dist-packages/duckietown_msgs/srv/_set_variable.py'...
-- Installing: /home/vboxuser/duckietown_ws/install/duckietown_msgs/lib/libduckietown_msgs__rosidl_generator_py.so
-- Set runtime path of "/home/vboxuser/duckietown_ws/install/duckietown_msgs/lib/libduckietown_msgs__rosidl_generator_py.so" to ""
-- Installing: /home/vboxuser/duckietown_ws/install/duckietown_msgs/share/duckietown_msgs/cmake/export_duckietown_msgs__rosidl_generator_cExport.cmake
-- Installing: /home/vboxuser/duckietown_ws/install/duckietown_msgs/share/duckietown_msgs/cmake/export_duckietown_msgs__rosidl_generator_cExport-noconfig.cmake
-- Installing: /home/vboxuser/duckietown_ws/install/duckietown_msgs/share/duckietown_msgs/cmake/export_duckietown_msgs__rosidl_typesupport_fastrtps_cExport.cmake
-- Installing: /home/vboxuser/duckietown_ws/install/duckietown_msgs/share/duckietown_msgs/cmake/export_duckietown_msgs__rosidl_typesupport_fastrtps_cExport-noconfig.cmake
-- Installing: /home/vboxuser/duckietown_ws/install/duckietown_msgs/share/duckietown_msgs/cmake/duckietown_msgs__rosidl_typesupport_introspection_cExport.cmake
-- Installing: /home/vboxuser/duckietown_ws/install/duckietown_msgs/share/duckietown_msgs/cmake/duckietown_msgs__rosidl_typesupport_introspection_cExport-noconfig.cmake
-- Installing: /home/vboxuser/duckietown_ws/install/duckietown_msgs/share/duckietown_msgs/cmake/duckietown_msgs__rosidl_typesupport_cExport.cmake
-- Installing: /home/vboxuser/duckietown_ws/install/duckietown_msgs/share/duckietown_msgs/cmake/duckietown_msgs__rosidl_typesupport_cExport-noconfig.cmake
-- Installing: /home/vboxuser/duckietown_ws/install/duckietown_msgs/share/duckietown_msgs/cmake/export_duckietown_msgs__rosidl_generator_cppExport.cmake
-- Installing: /home/vboxuser/duckietown_ws/install/duckietown_msgs/share/duckietown_msgs/cmake/export_duckietown_msgs__rosidl_typesupport_fastrtps_cppExport.cmake
-- Installing: /home/vboxuser/duckietown_ws/install/duckietown_msgs/share/duckietown_msgs/cmake/export_duckietown_msgs__rosidl_typesupport_fastrtps_cppExport-noconfig.cmake
-- Installing: /home/vboxuser/duckietown_ws/install/duckietown_msgs/share/duckietown_msgs/cmake/duckietown_msgs__rosidl_typesupport_introspection_cppExport.cmake
-- Installing: /home/vboxuser/duckietown_ws/install/duckietown_msgs/share/duckietown_msgs/cmake/duckietown_msgs__rosidl_typesupport_introspection_cppExport-noconfig.cmake
-- Installing: /home/vboxuser/duckietown_ws/install/duckietown_msgs/share/duckietown_msgs/cmake/duckietown_msgs__rosidl_typesupport_cppExport.cmake
-- Installing: /home/vboxuser/duckietown_ws/install/duckietown_msgs/share/duckietown_msgs/cmake/duckietown_msgs__rosidl_typesupport_cppExport-noconfig.cmake
-- Installing: /home/vboxuser/duckietown_ws/install/duckietown_msgs/share/duckietown_msgs/cmake/export_duckietown_msgs__rosidl_generator_pyExport.cmake
-- Installing: /home/vboxuser/duckietown_ws/install/duckietown_msgs/share/duckietown_msgs/cmake/export_duckietown_msgs__rosidl_generator_pyExport-noconfig.cmake
