[0.044s] Invoking command in '/home/vboxuser/duckietown_ws/build/duckietown_msgs': CMAKE_PREFIX_PATH=/opt/ros/humble /usr/bin/cmake /home/vboxuser/duckietown_ws/duckietown_msgs -DAMENT_CMAKE_SYMLINK_INSTALL=1 -DCMAKE_INSTALL_PREFIX=/home/vboxuser/duckietown_ws/install/duckietown_msgs
[0.082s] -- Found rosidl_default_generators: 1.2.1 (/opt/ros/humble/share/rosidl_default_generators/cmake)
[0.083s] -- Found ament_cmake_core: 1.3.14 (/opt/ros/humble/share/ament_cmake_core/cmake)
[0.418s] -- Found Python3: /usr/bin/python3 (found version "3.10.12") found components: Interpreter 
[0.554s] -- Override CMake install command with custom implementation using symlinks instead of copying resources
[0.573s] -- Using all available rosidl_typesupport_c: rosidl_typesupport_fastrtps_c;rosidl_typesupport_introspection_c
[0.584s] -- Found rosidl_adapter: 3.1.8 (/opt/ros/humble/share/rosidl_adapter/cmake)
[0.734s] -- Using all available rosidl_typesupport_cpp: rosidl_typesupport_fastrtps_cpp;rosidl_typesupport_introspection_cpp
[0.807s] -- Found std_msgs: 4.9.1 (/opt/ros/humble/share/std_msgs/cmake)
[0.854s] -- Found geometry_msgs: 4.9.1 (/opt/ros/humble/share/geometry_msgs/cmake)
[0.893s] -- Found visualization_msgs: 4.9.1 (/opt/ros/humble/share/visualization_msgs/cmake)
[2.412s] -- Found ament_cmake_ros: 0.10.0 (/opt/ros/humble/share/ament_cmake_ros/cmake)
[3.073s] -- Using all available rosidl_typesupport_c: rosidl_typesupport_fastrtps_c;rosidl_typesupport_introspection_c
[3.719s] -- Using all available rosidl_typesupport_cpp: rosidl_typesupport_fastrtps_cpp;rosidl_typesupport_introspection_cpp
[3.740s] -- Found PythonInterp: /usr/bin/python3 (found suitable version "3.10.12", minimum required is "3.6") 
[3.741s] -- Found python_cmake_module: 0.10.0 (/opt/ros/humble/share/python_cmake_module/cmake)
[3.774s] -- Found PythonLibs: /usr/lib/x86_64-linux-gnu/libpython3.10.so (found suitable version "3.10.12", minimum required is "3.5") 
[3.774s] -- Using PYTHON_EXECUTABLE: /usr/bin/python3
[3.775s] -- Using PYTHON_INCLUDE_DIRS: /usr/include/python3.10
[3.775s] -- Using PYTHON_LIBRARIES: /usr/lib/x86_64-linux-gnu/libpython3.10.so
[3.809s] -- Found PythonExtra: .so  
[4.150s] -- Configuring done
[4.361s] -- Generating done
[4.390s] -- Build files have been written to: /home/vboxuser/duckietown_ws/build/duckietown_msgs
[4.417s] Invoked command in '/home/vboxuser/duckietown_ws/build/duckietown_msgs' returned '0': CMAKE_PREFIX_PATH=/opt/ros/humble /usr/bin/cmake /home/vboxuser/duckietown_ws/duckietown_msgs -DAMENT_CMAKE_SYMLINK_INSTALL=1 -DCMAKE_INSTALL_PREFIX=/home/vboxuser/duckietown_ws/install/duckietown_msgs
[4.417s] Invoking command in '/home/vboxuser/duckietown_ws/build/duckietown_msgs': CMAKE_PREFIX_PATH=/opt/ros/humble /usr/bin/cmake --build /home/vboxuser/duckietown_ws/build/duckietown_msgs -- -j1 -l1
[4.585s] [  1%] [34m[1mGenerating Rust code for ROS interfaces[0m
[7.344s] [  1%] Built target duckietown_msgs__rs
[7.381s] [  1%] [34m[1mGenerating C code for ROS interfaces[0m
[14.278s] [  1%] [32mBuilding C object CMakeFiles/duckietown_msgs__rosidl_generator_c.dir/rosidl_generator_c/duckietown_msgs/msg/detail/car_control__functions.c.o[0m
[14.430s] [  2%] [32mBuilding C object CMakeFiles/duckietown_msgs__rosidl_generator_c.dir/rosidl_generator_c/duckietown_msgs/msg/detail/coordination_signal__functions.c.o[0m
[14.534s] [  2%] [32mBuilding C object CMakeFiles/duckietown_msgs__rosidl_generator_c.dir/rosidl_generator_c/duckietown_msgs/msg/detail/coordination_signal_ethz17__functions.c.o[0m
[14.643s] [  2%] [32mBuilding C object CMakeFiles/duckietown_msgs__rosidl_generator_c.dir/rosidl_generator_c/duckietown_msgs/msg/detail/duckie_sensor__functions.c.o[0m
[14.746s] [  2%] [32mBuilding C object CMakeFiles/duckietown_msgs__rosidl_generator_c.dir/rosidl_generator_c/duckietown_msgs/msg/detail/lane_pose__functions.c.o[0m
[14.862s] [  2%] [32mBuilding C object CMakeFiles/duckietown_msgs__rosidl_generator_c.dir/rosidl_generator_c/duckietown_msgs/msg/detail/intersection_pose__functions.c.o[0m
[14.952s] [  3%] [32mBuilding C object CMakeFiles/duckietown_msgs__rosidl_generator_c.dir/rosidl_generator_c/duckietown_msgs/msg/detail/intersection_pose_img__functions.c.o[0m
[15.044s] [  3%] [32mBuilding C object CMakeFiles/duckietown_msgs__rosidl_generator_c.dir/rosidl_generator_c/duckietown_msgs/msg/detail/intersection_pose_img_debug__functions.c.o[0m
[15.136s] [  3%] [32mBuilding C object CMakeFiles/duckietown_msgs__rosidl_generator_c.dir/rosidl_generator_c/duckietown_msgs/msg/detail/turn_i_dand_type__functions.c.o[0m
[15.222s] [  3%] [32mBuilding C object CMakeFiles/duckietown_msgs__rosidl_generator_c.dir/rosidl_generator_c/duckietown_msgs/msg/detail/led_detection__functions.c.o[0m
[15.327s] [  3%] [32mBuilding C object CMakeFiles/duckietown_msgs__rosidl_generator_c.dir/rosidl_generator_c/duckietown_msgs/msg/detail/maintenance_state__functions.c.o[0m
[15.418s] [  4%] [32mBuilding C object CMakeFiles/duckietown_msgs__rosidl_generator_c.dir/rosidl_generator_c/duckietown_msgs/msg/detail/led_detection_array__functions.c.o[0m
[15.507s] [  4%] [32mBuilding C object CMakeFiles/duckietown_msgs__rosidl_generator_c.dir/rosidl_generator_c/duckietown_msgs/msg/detail/led_detection_debug_info__functions.c.o[0m
[15.611s] [  4%] [32mBuilding C object CMakeFiles/duckietown_msgs__rosidl_generator_c.dir/rosidl_generator_c/duckietown_msgs/msg/detail/wheels_cmd__functions.c.o[0m
[15.701s] [  4%] [32mBuilding C object CMakeFiles/duckietown_msgs__rosidl_generator_c.dir/rosidl_generator_c/duckietown_msgs/msg/detail/wheels_cmd_stamped__functions.c.o[0m
[15.807s] [  4%] [32mBuilding C object CMakeFiles/duckietown_msgs__rosidl_generator_c.dir/rosidl_generator_c/duckietown_msgs/msg/detail/pose2_d_stamped__functions.c.o[0m
[15.908s] [  5%] [32mBuilding C object CMakeFiles/duckietown_msgs__rosidl_generator_c.dir/rosidl_generator_c/duckietown_msgs/msg/detail/signals_detection__functions.c.o[0m
[15.993s] [  5%] [32mBuilding C object CMakeFiles/duckietown_msgs__rosidl_generator_c.dir/rosidl_generator_c/duckietown_msgs/msg/detail/signals_detection_ethz17__functions.c.o[0m
[16.088s] [  5%] [32mBuilding C object CMakeFiles/duckietown_msgs__rosidl_generator_c.dir/rosidl_generator_c/duckietown_msgs/msg/detail/twist2_d_stamped__functions.c.o[0m
[16.194s] [  5%] [32mBuilding C object CMakeFiles/duckietown_msgs__rosidl_generator_c.dir/rosidl_generator_c/duckietown_msgs/msg/detail/twist2_d_stamped_ethz17__functions.c.o[0m
[16.278s] [  5%] [32mBuilding C object CMakeFiles/duckietown_msgs__rosidl_generator_c.dir/rosidl_generator_c/duckietown_msgs/msg/detail/april_tag_detection__functions.c.o[0m
[16.371s] [  6%] [32mBuilding C object CMakeFiles/duckietown_msgs__rosidl_generator_c.dir/rosidl_generator_c/duckietown_msgs/msg/detail/april_tag_detection_array__functions.c.o[0m
[16.465s] [  6%] [32mBuilding C object CMakeFiles/duckietown_msgs__rosidl_generator_c.dir/rosidl_generator_c/duckietown_msgs/msg/detail/april_tags_with_infos__functions.c.o[0m
[16.555s] [  6%] [32mBuilding C object CMakeFiles/duckietown_msgs__rosidl_generator_c.dir/rosidl_generator_c/duckietown_msgs/msg/detail/tag_info__functions.c.o[0m
[16.650s] [  6%] [32mBuilding C object CMakeFiles/duckietown_msgs__rosidl_generator_c.dir/rosidl_generator_c/duckietown_msgs/msg/detail/pixel__functions.c.o[0m
[16.740s] [  6%] [32mBuilding C object CMakeFiles/duckietown_msgs__rosidl_generator_c.dir/rosidl_generator_c/duckietown_msgs/msg/detail/vector2_d__functions.c.o[0m
[16.857s] [  7%] [32mBuilding C object CMakeFiles/duckietown_msgs__rosidl_generator_c.dir/rosidl_generator_c/duckietown_msgs/msg/detail/segment__functions.c.o[0m
[16.984s] [  7%] [32mBuilding C object CMakeFiles/duckietown_msgs__rosidl_generator_c.dir/rosidl_generator_c/duckietown_msgs/msg/detail/segment_list__functions.c.o[0m
[17.076s] [  7%] [32mBuilding C object CMakeFiles/duckietown_msgs__rosidl_generator_c.dir/rosidl_generator_c/duckietown_msgs/msg/detail/rect__functions.c.o[0m
[17.173s] [  7%] [32mBuilding C object CMakeFiles/duckietown_msgs__rosidl_generator_c.dir/rosidl_generator_c/duckietown_msgs/msg/detail/rects__functions.c.o[0m
[17.275s] [  7%] [32mBuilding C object CMakeFiles/duckietown_msgs__rosidl_generator_c.dir/rosidl_generator_c/duckietown_msgs/msg/detail/scene_segments__functions.c.o[0m
[17.452s] [  8%] [32mBuilding C object CMakeFiles/duckietown_msgs__rosidl_generator_c.dir/rosidl_generator_c/duckietown_msgs/msg/detail/source_target_nodes__functions.c.o[0m
[17.535s] [  8%] [32mBuilding C object CMakeFiles/duckietown_msgs__rosidl_generator_c.dir/rosidl_generator_c/duckietown_msgs/msg/detail/coordination_clearance__functions.c.o[0m
[17.647s] [  8%] [32mBuilding C object CMakeFiles/duckietown_msgs__rosidl_generator_c.dir/rosidl_generator_c/duckietown_msgs/msg/detail/coordination_clearance_ethz17__functions.c.o[0m
[17.735s] [  8%] [32mBuilding C object CMakeFiles/duckietown_msgs__rosidl_generator_c.dir/rosidl_generator_c/duckietown_msgs/msg/detail/vehicle_corners__functions.c.o[0m
[17.859s] [  8%] [32mBuilding C object CMakeFiles/duckietown_msgs__rosidl_generator_c.dir/rosidl_generator_c/duckietown_msgs/msg/detail/vehicle_pose__functions.c.o[0m
[17.968s] [  9%] [32mBuilding C object CMakeFiles/duckietown_msgs__rosidl_generator_c.dir/rosidl_generator_c/duckietown_msgs/msg/detail/fsm_state__functions.c.o[0m
[18.093s] [  9%] [32mBuilding C object CMakeFiles/duckietown_msgs__rosidl_generator_c.dir/rosidl_generator_c/duckietown_msgs/msg/detail/bool_stamped__functions.c.o[0m
[18.196s] [  9%] [32mBuilding C object CMakeFiles/duckietown_msgs__rosidl_generator_c.dir/rosidl_generator_c/duckietown_msgs/msg/detail/bool_stamped_ethz17__functions.c.o[0m
[18.288s] [  9%] [32mBuilding C object CMakeFiles/duckietown_msgs__rosidl_generator_c.dir/rosidl_generator_c/duckietown_msgs/msg/detail/stop_line_reading__functions.c.o[0m
[18.487s] [  9%] [32mBuilding C object CMakeFiles/duckietown_msgs__rosidl_generator_c.dir/rosidl_generator_c/duckietown_msgs/msg/detail/led_interpreter__functions.c.o[0m
[18.681s] [ 10%] [32mBuilding C object CMakeFiles/duckietown_msgs__rosidl_generator_c.dir/rosidl_generator_c/duckietown_msgs/msg/detail/anti_instagram_health__functions.c.o[0m
[18.823s] [ 10%] [32mBuilding C object CMakeFiles/duckietown_msgs__rosidl_generator_c.dir/rosidl_generator_c/duckietown_msgs/msg/detail/anti_instagram_transform__functions.c.o[0m
[18.922s] [ 10%] [32mBuilding C object CMakeFiles/duckietown_msgs__rosidl_generator_c.dir/rosidl_generator_c/duckietown_msgs/msg/detail/anti_instagram_transform_cb__functions.c.o[0m
[19.012s] [ 10%] [32mBuilding C object CMakeFiles/duckietown_msgs__rosidl_generator_c.dir/rosidl_generator_c/duckietown_msgs/msg/detail/kinematics_weights__functions.c.o[0m
[19.104s] [ 10%] [32mBuilding C object CMakeFiles/duckietown_msgs__rosidl_generator_c.dir/rosidl_generator_c/duckietown_msgs/msg/detail/kinematics_parameters__functions.c.o[0m
[19.196s] [ 11%] [32mBuilding C object CMakeFiles/duckietown_msgs__rosidl_generator_c.dir/rosidl_generator_c/duckietown_msgs/msg/detail/theta_dot_sample__functions.c.o[0m
[19.275s] [ 11%] [32mBuilding C object CMakeFiles/duckietown_msgs__rosidl_generator_c.dir/rosidl_generator_c/duckietown_msgs/msg/detail/vsample__functions.c.o[0m
[19.365s] [ 11%] [32mBuilding C object CMakeFiles/duckietown_msgs__rosidl_generator_c.dir/rosidl_generator_c/duckietown_msgs/msg/detail/trajectory__functions.c.o[0m
[19.458s] [ 11%] [32mBuilding C object CMakeFiles/duckietown_msgs__rosidl_generator_c.dir/rosidl_generator_c/duckietown_msgs/msg/detail/obstacle_type__functions.c.o[0m
[19.543s] [ 11%] [32mBuilding C object CMakeFiles/duckietown_msgs__rosidl_generator_c.dir/rosidl_generator_c/duckietown_msgs/msg/detail/obstacle_image_detection__functions.c.o[0m
[19.645s] [ 12%] [32mBuilding C object CMakeFiles/duckietown_msgs__rosidl_generator_c.dir/rosidl_generator_c/duckietown_msgs/msg/detail/obstacle_image_detection_list__functions.c.o[0m
[19.757s] [ 12%] [32mBuilding C object CMakeFiles/duckietown_msgs__rosidl_generator_c.dir/rosidl_generator_c/duckietown_msgs/msg/detail/obstacle_projected_detection__functions.c.o[0m
[19.867s] [ 12%] [32mBuilding C object CMakeFiles/duckietown_msgs__rosidl_generator_c.dir/rosidl_generator_c/duckietown_msgs/msg/detail/obstacle_projected_detection_list__functions.c.o[0m
[19.968s] [ 12%] [32mBuilding C object CMakeFiles/duckietown_msgs__rosidl_generator_c.dir/rosidl_generator_c/duckietown_msgs/msg/detail/num__functions.c.o[0m
[20.055s] [ 12%] [32mBuilding C object CMakeFiles/duckietown_msgs__rosidl_generator_c.dir/rosidl_generator_c/duckietown_msgs/srv/detail/set_fsm_state__functions.c.o[0m
[20.159s] [ 13%] [32mBuilding C object CMakeFiles/duckietown_msgs__rosidl_generator_c.dir/rosidl_generator_c/duckietown_msgs/srv/detail/set_value__functions.c.o[0m
[20.261s] [ 13%] [32mBuilding C object CMakeFiles/duckietown_msgs__rosidl_generator_c.dir/rosidl_generator_c/duckietown_msgs/srv/detail/set_variable__functions.c.o[0m
[20.375s] [ 13%] [32mBuilding C object CMakeFiles/duckietown_msgs__rosidl_generator_c.dir/rosidl_generator_c/duckietown_msgs/srv/detail/get_variable__functions.c.o[0m
[20.476s] [ 13%] [32m[1mLinking C shared library libduckietown_msgs__rosidl_generator_c.so[0m
[20.597s] [ 13%] Built target duckietown_msgs__rosidl_generator_c
[20.628s] [ 14%] [34m[1mGenerating C type support for eProsima Fast-RTPS[0m
[24.894s] [ 14%] [32mBuilding CXX object CMakeFiles/duckietown_msgs__rosidl_typesupport_fastrtps_c.dir/rosidl_typesupport_fastrtps_c/duckietown_msgs/msg/detail/car_control__type_support_c.cpp.o[0m
[25.436s] [ 14%] [32mBuilding CXX object CMakeFiles/duckietown_msgs__rosidl_typesupport_fastrtps_c.dir/rosidl_typesupport_fastrtps_c/duckietown_msgs/msg/detail/coordination_signal__type_support_c.cpp.o[0m
[25.973s] [ 14%] [32mBuilding CXX object CMakeFiles/duckietown_msgs__rosidl_typesupport_fastrtps_c.dir/rosidl_typesupport_fastrtps_c/duckietown_msgs/msg/detail/coordination_signal_ethz17__type_support_c.cpp.o[0m
[26.516s] [ 14%] [32mBuilding CXX object CMakeFiles/duckietown_msgs__rosidl_typesupport_fastrtps_c.dir/rosidl_typesupport_fastrtps_c/duckietown_msgs/msg/detail/duckie_sensor__type_support_c.cpp.o[0m
[27.158s] [ 15%] [32mBuilding CXX object CMakeFiles/duckietown_msgs__rosidl_typesupport_fastrtps_c.dir/rosidl_typesupport_fastrtps_c/duckietown_msgs/msg/detail/lane_pose__type_support_c.cpp.o[0m
[27.700s] [ 15%] [32mBuilding CXX object CMakeFiles/duckietown_msgs__rosidl_typesupport_fastrtps_c.dir/rosidl_typesupport_fastrtps_c/duckietown_msgs/msg/detail/intersection_pose__type_support_c.cpp.o[0m
[28.243s] [ 15%] [32mBuilding CXX object CMakeFiles/duckietown_msgs__rosidl_typesupport_fastrtps_c.dir/rosidl_typesupport_fastrtps_c/duckietown_msgs/msg/detail/intersection_pose_img__type_support_c.cpp.o[0m
[28.774s] [ 15%] [32mBuilding CXX object CMakeFiles/duckietown_msgs__rosidl_typesupport_fastrtps_c.dir/rosidl_typesupport_fastrtps_c/duckietown_msgs/msg/detail/intersection_pose_img_debug__type_support_c.cpp.o[0m
[29.299s] [ 15%] [32mBuilding CXX object CMakeFiles/duckietown_msgs__rosidl_typesupport_fastrtps_c.dir/rosidl_typesupport_fastrtps_c/duckietown_msgs/msg/detail/turn_i_dand_type__type_support_c.cpp.o[0m
[29.793s] [ 16%] [32mBuilding CXX object CMakeFiles/duckietown_msgs__rosidl_typesupport_fastrtps_c.dir/rosidl_typesupport_fastrtps_c/duckietown_msgs/msg/detail/led_detection__type_support_c.cpp.o[0m
[30.356s] [ 16%] [32mBuilding CXX object CMakeFiles/duckietown_msgs__rosidl_typesupport_fastrtps_c.dir/rosidl_typesupport_fastrtps_c/duckietown_msgs/msg/detail/maintenance_state__type_support_c.cpp.o[0m
[30.885s] [ 16%] [32mBuilding CXX object CMakeFiles/duckietown_msgs__rosidl_typesupport_fastrtps_c.dir/rosidl_typesupport_fastrtps_c/duckietown_msgs/msg/detail/led_detection_array__type_support_c.cpp.o[0m
[31.404s] [ 16%] [32mBuilding CXX object CMakeFiles/duckietown_msgs__rosidl_typesupport_fastrtps_c.dir/rosidl_typesupport_fastrtps_c/duckietown_msgs/msg/detail/led_detection_debug_info__type_support_c.cpp.o[0m
[31.973s] [ 16%] [32mBuilding CXX object CMakeFiles/duckietown_msgs__rosidl_typesupport_fastrtps_c.dir/rosidl_typesupport_fastrtps_c/duckietown_msgs/msg/detail/wheels_cmd__type_support_c.cpp.o[0m
[32.512s] [ 17%] [32mBuilding CXX object CMakeFiles/duckietown_msgs__rosidl_typesupport_fastrtps_c.dir/rosidl_typesupport_fastrtps_c/duckietown_msgs/msg/detail/wheels_cmd_stamped__type_support_c.cpp.o[0m
[33.037s] [ 17%] [32mBuilding CXX object CMakeFiles/duckietown_msgs__rosidl_typesupport_fastrtps_c.dir/rosidl_typesupport_fastrtps_c/duckietown_msgs/msg/detail/pose2_d_stamped__type_support_c.cpp.o[0m
[33.561s] [ 17%] [32mBuilding CXX object CMakeFiles/duckietown_msgs__rosidl_typesupport_fastrtps_c.dir/rosidl_typesupport_fastrtps_c/duckietown_msgs/msg/detail/signals_detection__type_support_c.cpp.o[0m
[34.091s] [ 17%] [32mBuilding CXX object CMakeFiles/duckietown_msgs__rosidl_typesupport_fastrtps_c.dir/rosidl_typesupport_fastrtps_c/duckietown_msgs/msg/detail/signals_detection_ethz17__type_support_c.cpp.o[0m
[34.626s] [ 17%] [32mBuilding CXX object CMakeFiles/duckietown_msgs__rosidl_typesupport_fastrtps_c.dir/rosidl_typesupport_fastrtps_c/duckietown_msgs/msg/detail/twist2_d_stamped__type_support_c.cpp.o[0m
[35.170s] [ 18%] [32mBuilding CXX object CMakeFiles/duckietown_msgs__rosidl_typesupport_fastrtps_c.dir/rosidl_typesupport_fastrtps_c/duckietown_msgs/msg/detail/twist2_d_stamped_ethz17__type_support_c.cpp.o[0m
[35.702s] [ 18%] [32mBuilding CXX object CMakeFiles/duckietown_msgs__rosidl_typesupport_fastrtps_c.dir/rosidl_typesupport_fastrtps_c/duckietown_msgs/msg/detail/april_tag_detection__type_support_c.cpp.o[0m
[36.225s] [ 18%] [32mBuilding CXX object CMakeFiles/duckietown_msgs__rosidl_typesupport_fastrtps_c.dir/rosidl_typesupport_fastrtps_c/duckietown_msgs/msg/detail/april_tag_detection_array__type_support_c.cpp.o[0m
[36.755s] [ 18%] [32mBuilding CXX object CMakeFiles/duckietown_msgs__rosidl_typesupport_fastrtps_c.dir/rosidl_typesupport_fastrtps_c/duckietown_msgs/msg/detail/april_tags_with_infos__type_support_c.cpp.o[0m
[37.403s] [ 18%] [32mBuilding CXX object CMakeFiles/duckietown_msgs__rosidl_typesupport_fastrtps_c.dir/rosidl_typesupport_fastrtps_c/duckietown_msgs/msg/detail/tag_info__type_support_c.cpp.o[0m
[37.966s] [ 19%] [32mBuilding CXX object CMakeFiles/duckietown_msgs__rosidl_typesupport_fastrtps_c.dir/rosidl_typesupport_fastrtps_c/duckietown_msgs/msg/detail/pixel__type_support_c.cpp.o[0m
[38.496s] [ 19%] [32mBuilding CXX object CMakeFiles/duckietown_msgs__rosidl_typesupport_fastrtps_c.dir/rosidl_typesupport_fastrtps_c/duckietown_msgs/msg/detail/vector2_d__type_support_c.cpp.o[0m
[39.024s] [ 19%] [32mBuilding CXX object CMakeFiles/duckietown_msgs__rosidl_typesupport_fastrtps_c.dir/rosidl_typesupport_fastrtps_c/duckietown_msgs/msg/detail/segment__type_support_c.cpp.o[0m
[39.552s] [ 19%] [32mBuilding CXX object CMakeFiles/duckietown_msgs__rosidl_typesupport_fastrtps_c.dir/rosidl_typesupport_fastrtps_c/duckietown_msgs/msg/detail/segment_list__type_support_c.cpp.o[0m
[40.091s] [ 19%] [32mBuilding CXX object CMakeFiles/duckietown_msgs__rosidl_typesupport_fastrtps_c.dir/rosidl_typesupport_fastrtps_c/duckietown_msgs/msg/detail/rect__type_support_c.cpp.o[0m
[40.610s] [ 20%] [32mBuilding CXX object CMakeFiles/duckietown_msgs__rosidl_typesupport_fastrtps_c.dir/rosidl_typesupport_fastrtps_c/duckietown_msgs/msg/detail/rects__type_support_c.cpp.o[0m
[41.136s] [ 20%] [32mBuilding CXX object CMakeFiles/duckietown_msgs__rosidl_typesupport_fastrtps_c.dir/rosidl_typesupport_fastrtps_c/duckietown_msgs/msg/detail/scene_segments__type_support_c.cpp.o[0m
[41.663s] [ 20%] [32mBuilding CXX object CMakeFiles/duckietown_msgs__rosidl_typesupport_fastrtps_c.dir/rosidl_typesupport_fastrtps_c/duckietown_msgs/msg/detail/source_target_nodes__type_support_c.cpp.o[0m
[42.218s] [ 20%] [32mBuilding CXX object CMakeFiles/duckietown_msgs__rosidl_typesupport_fastrtps_c.dir/rosidl_typesupport_fastrtps_c/duckietown_msgs/msg/detail/coordination_clearance__type_support_c.cpp.o[0m
[42.743s] [ 20%] [32mBuilding CXX object CMakeFiles/duckietown_msgs__rosidl_typesupport_fastrtps_c.dir/rosidl_typesupport_fastrtps_c/duckietown_msgs/msg/detail/coordination_clearance_ethz17__type_support_c.cpp.o[0m
[43.269s] [ 21%] [32mBuilding CXX object CMakeFiles/duckietown_msgs__rosidl_typesupport_fastrtps_c.dir/rosidl_typesupport_fastrtps_c/duckietown_msgs/msg/detail/vehicle_corners__type_support_c.cpp.o[0m
[43.799s] [ 21%] [32mBuilding CXX object CMakeFiles/duckietown_msgs__rosidl_typesupport_fastrtps_c.dir/rosidl_typesupport_fastrtps_c/duckietown_msgs/msg/detail/vehicle_pose__type_support_c.cpp.o[0m
[44.330s] [ 21%] [32mBuilding CXX object CMakeFiles/duckietown_msgs__rosidl_typesupport_fastrtps_c.dir/rosidl_typesupport_fastrtps_c/duckietown_msgs/msg/detail/fsm_state__type_support_c.cpp.o[0m
[44.862s] [ 21%] [32mBuilding CXX object CMakeFiles/duckietown_msgs__rosidl_typesupport_fastrtps_c.dir/rosidl_typesupport_fastrtps_c/duckietown_msgs/msg/detail/bool_stamped__type_support_c.cpp.o[0m
[45.378s] [ 21%] [32mBuilding CXX object CMakeFiles/duckietown_msgs__rosidl_typesupport_fastrtps_c.dir/rosidl_typesupport_fastrtps_c/duckietown_msgs/msg/detail/bool_stamped_ethz17__type_support_c.cpp.o[0m
[45.939s] [ 22%] [32mBuilding CXX object CMakeFiles/duckietown_msgs__rosidl_typesupport_fastrtps_c.dir/rosidl_typesupport_fastrtps_c/duckietown_msgs/msg/detail/stop_line_reading__type_support_c.cpp.o[0m
[46.476s] [ 22%] [32mBuilding CXX object CMakeFiles/duckietown_msgs__rosidl_typesupport_fastrtps_c.dir/rosidl_typesupport_fastrtps_c/duckietown_msgs/msg/detail/led_interpreter__type_support_c.cpp.o[0m
[47.021s] [ 22%] [32mBuilding CXX object CMakeFiles/duckietown_msgs__rosidl_typesupport_fastrtps_c.dir/rosidl_typesupport_fastrtps_c/duckietown_msgs/msg/detail/anti_instagram_health__type_support_c.cpp.o[0m
[47.920s] [ 22%] [32mBuilding CXX object CMakeFiles/duckietown_msgs__rosidl_typesupport_fastrtps_c.dir/rosidl_typesupport_fastrtps_c/duckietown_msgs/msg/detail/anti_instagram_transform__type_support_c.cpp.o[0m
[48.706s] [ 22%] [32mBuilding CXX object CMakeFiles/duckietown_msgs__rosidl_typesupport_fastrtps_c.dir/rosidl_typesupport_fastrtps_c/duckietown_msgs/msg/detail/anti_instagram_transform_cb__type_support_c.cpp.o[0m
[49.294s] [ 23%] [32mBuilding CXX object CMakeFiles/duckietown_msgs__rosidl_typesupport_fastrtps_c.dir/rosidl_typesupport_fastrtps_c/duckietown_msgs/msg/detail/kinematics_weights__type_support_c.cpp.o[0m
[49.830s] [ 23%] [32mBuilding CXX object CMakeFiles/duckietown_msgs__rosidl_typesupport_fastrtps_c.dir/rosidl_typesupport_fastrtps_c/duckietown_msgs/msg/detail/kinematics_parameters__type_support_c.cpp.o[0m
[50.369s] [ 23%] [32mBuilding CXX object CMakeFiles/duckietown_msgs__rosidl_typesupport_fastrtps_c.dir/rosidl_typesupport_fastrtps_c/duckietown_msgs/msg/detail/theta_dot_sample__type_support_c.cpp.o[0m
[50.901s] [ 23%] [32mBuilding CXX object CMakeFiles/duckietown_msgs__rosidl_typesupport_fastrtps_c.dir/rosidl_typesupport_fastrtps_c/duckietown_msgs/msg/detail/vsample__type_support_c.cpp.o[0m
[51.419s] [ 23%] [32mBuilding CXX object CMakeFiles/duckietown_msgs__rosidl_typesupport_fastrtps_c.dir/rosidl_typesupport_fastrtps_c/duckietown_msgs/msg/detail/trajectory__type_support_c.cpp.o[0m
[51.948s] [ 24%] [32mBuilding CXX object CMakeFiles/duckietown_msgs__rosidl_typesupport_fastrtps_c.dir/rosidl_typesupport_fastrtps_c/duckietown_msgs/msg/detail/obstacle_type__type_support_c.cpp.o[0m
[52.494s] [ 24%] [32mBuilding CXX object CMakeFiles/duckietown_msgs__rosidl_typesupport_fastrtps_c.dir/rosidl_typesupport_fastrtps_c/duckietown_msgs/msg/detail/obstacle_image_detection__type_support_c.cpp.o[0m
[53.076s] [ 24%] [32mBuilding CXX object CMakeFiles/duckietown_msgs__rosidl_typesupport_fastrtps_c.dir/rosidl_typesupport_fastrtps_c/duckietown_msgs/msg/detail/obstacle_image_detection_list__type_support_c.cpp.o[0m
[53.617s] [ 24%] [32mBuilding CXX object CMakeFiles/duckietown_msgs__rosidl_typesupport_fastrtps_c.dir/rosidl_typesupport_fastrtps_c/duckietown_msgs/msg/detail/obstacle_projected_detection__type_support_c.cpp.o[0m
[54.152s] [ 24%] [32mBuilding CXX object CMakeFiles/duckietown_msgs__rosidl_typesupport_fastrtps_c.dir/rosidl_typesupport_fastrtps_c/duckietown_msgs/msg/detail/obstacle_projected_detection_list__type_support_c.cpp.o[0m
[54.679s] [ 25%] [32mBuilding CXX object CMakeFiles/duckietown_msgs__rosidl_typesupport_fastrtps_c.dir/rosidl_typesupport_fastrtps_c/duckietown_msgs/msg/detail/num__type_support_c.cpp.o[0m
[55.220s] [ 25%] [32mBuilding CXX object CMakeFiles/duckietown_msgs__rosidl_typesupport_fastrtps_c.dir/rosidl_typesupport_fastrtps_c/duckietown_msgs/srv/detail/set_fsm_state__type_support_c.cpp.o[0m
[55.786s] [ 25%] [32mBuilding CXX object CMakeFiles/duckietown_msgs__rosidl_typesupport_fastrtps_c.dir/rosidl_typesupport_fastrtps_c/duckietown_msgs/srv/detail/set_value__type_support_c.cpp.o[0m
[56.336s] [ 25%] [32mBuilding CXX object CMakeFiles/duckietown_msgs__rosidl_typesupport_fastrtps_c.dir/rosidl_typesupport_fastrtps_c/duckietown_msgs/srv/detail/set_variable__type_support_c.cpp.o[0m
[56.888s] [ 25%] [32mBuilding CXX object CMakeFiles/duckietown_msgs__rosidl_typesupport_fastrtps_c.dir/rosidl_typesupport_fastrtps_c/duckietown_msgs/srv/detail/get_variable__type_support_c.cpp.o[0m
[57.433s] [ 26%] [32m[1mLinking CXX shared library libduckietown_msgs__rosidl_typesupport_fastrtps_c.so[0m
[57.622s] [ 26%] Built target duckietown_msgs__rosidl_typesupport_fastrtps_c
[57.652s] [ 27%] [34m[1mGenerating C introspection for ROS interfaces[0m
[61.403s] [ 27%] [32mBuilding C object CMakeFiles/duckietown_msgs__rosidl_typesupport_introspection_c.dir/rosidl_typesupport_introspection_c/duckietown_msgs/msg/detail/car_control__type_support.c.o[0m
[61.479s] [ 27%] [32mBuilding C object CMakeFiles/duckietown_msgs__rosidl_typesupport_introspection_c.dir/rosidl_typesupport_introspection_c/duckietown_msgs/msg/detail/coordination_signal__type_support.c.o[0m
[61.551s] [ 27%] [32mBuilding C object CMakeFiles/duckietown_msgs__rosidl_typesupport_introspection_c.dir/rosidl_typesupport_introspection_c/duckietown_msgs/msg/detail/coordination_signal_ethz17__type_support.c.o[0m
[61.631s] [ 27%] [32mBuilding C object CMakeFiles/duckietown_msgs__rosidl_typesupport_introspection_c.dir/rosidl_typesupport_introspection_c/duckietown_msgs/msg/detail/duckie_sensor__type_support.c.o[0m
[61.696s] [ 28%] [32mBuilding C object CMakeFiles/duckietown_msgs__rosidl_typesupport_introspection_c.dir/rosidl_typesupport_introspection_c/duckietown_msgs/msg/detail/lane_pose__type_support.c.o[0m
[61.771s] [ 28%] [32mBuilding C object CMakeFiles/duckietown_msgs__rosidl_typesupport_introspection_c.dir/rosidl_typesupport_introspection_c/duckietown_msgs/msg/detail/intersection_pose__type_support.c.o[0m
[61.845s] [ 28%] [32mBuilding C object CMakeFiles/duckietown_msgs__rosidl_typesupport_introspection_c.dir/rosidl_typesupport_introspection_c/duckietown_msgs/msg/detail/intersection_pose_img__type_support.c.o[0m
[61.936s] [ 28%] [32mBuilding C object CMakeFiles/duckietown_msgs__rosidl_typesupport_introspection_c.dir/rosidl_typesupport_introspection_c/duckietown_msgs/msg/detail/intersection_pose_img_debug__type_support.c.o[0m
[62.004s] [ 28%] [32mBuilding C object CMakeFiles/duckietown_msgs__rosidl_typesupport_introspection_c.dir/rosidl_typesupport_introspection_c/duckietown_msgs/msg/detail/turn_i_dand_type__type_support.c.o[0m
[62.096s] [ 29%] [32mBuilding C object CMakeFiles/duckietown_msgs__rosidl_typesupport_introspection_c.dir/rosidl_typesupport_introspection_c/duckietown_msgs/msg/detail/led_detection__type_support.c.o[0m
[62.182s] [ 29%] [32mBuilding C object CMakeFiles/duckietown_msgs__rosidl_typesupport_introspection_c.dir/rosidl_typesupport_introspection_c/duckietown_msgs/msg/detail/maintenance_state__type_support.c.o[0m
[62.259s] [ 29%] [32mBuilding C object CMakeFiles/duckietown_msgs__rosidl_typesupport_introspection_c.dir/rosidl_typesupport_introspection_c/duckietown_msgs/msg/detail/led_detection_array__type_support.c.o[0m
[62.326s] [ 29%] [32mBuilding C object CMakeFiles/duckietown_msgs__rosidl_typesupport_introspection_c.dir/rosidl_typesupport_introspection_c/duckietown_msgs/msg/detail/led_detection_debug_info__type_support.c.o[0m
[62.417s] [ 29%] [32mBuilding C object CMakeFiles/duckietown_msgs__rosidl_typesupport_introspection_c.dir/rosidl_typesupport_introspection_c/duckietown_msgs/msg/detail/wheels_cmd__type_support.c.o[0m
[62.487s] [ 30%] [32mBuilding C object CMakeFiles/duckietown_msgs__rosidl_typesupport_introspection_c.dir/rosidl_typesupport_introspection_c/duckietown_msgs/msg/detail/wheels_cmd_stamped__type_support.c.o[0m
[62.586s] [ 30%] [32mBuilding C object CMakeFiles/duckietown_msgs__rosidl_typesupport_introspection_c.dir/rosidl_typesupport_introspection_c/duckietown_msgs/msg/detail/pose2_d_stamped__type_support.c.o[0m
[62.668s] [ 30%] [32mBuilding C object CMakeFiles/duckietown_msgs__rosidl_typesupport_introspection_c.dir/rosidl_typesupport_introspection_c/duckietown_msgs/msg/detail/signals_detection__type_support.c.o[0m
[62.735s] [ 30%] [32mBuilding C object CMakeFiles/duckietown_msgs__rosidl_typesupport_introspection_c.dir/rosidl_typesupport_introspection_c/duckietown_msgs/msg/detail/signals_detection_ethz17__type_support.c.o[0m
[62.810s] [ 30%] [32mBuilding C object CMakeFiles/duckietown_msgs__rosidl_typesupport_introspection_c.dir/rosidl_typesupport_introspection_c/duckietown_msgs/msg/detail/twist2_d_stamped__type_support.c.o[0m
[62.883s] [ 31%] [32mBuilding C object CMakeFiles/duckietown_msgs__rosidl_typesupport_introspection_c.dir/rosidl_typesupport_introspection_c/duckietown_msgs/msg/detail/twist2_d_stamped_ethz17__type_support.c.o[0m
[62.966s] [ 31%] [32mBuilding C object CMakeFiles/duckietown_msgs__rosidl_typesupport_introspection_c.dir/rosidl_typesupport_introspection_c/duckietown_msgs/msg/detail/april_tag_detection__type_support.c.o[0m
[63.033s] [ 31%] [32mBuilding C object CMakeFiles/duckietown_msgs__rosidl_typesupport_introspection_c.dir/rosidl_typesupport_introspection_c/duckietown_msgs/msg/detail/april_tag_detection_array__type_support.c.o[0m
[63.134s] [ 31%] [32mBuilding C object CMakeFiles/duckietown_msgs__rosidl_typesupport_introspection_c.dir/rosidl_typesupport_introspection_c/duckietown_msgs/msg/detail/april_tags_with_infos__type_support.c.o[0m
[63.220s] [ 31%] [32mBuilding C object CMakeFiles/duckietown_msgs__rosidl_typesupport_introspection_c.dir/rosidl_typesupport_introspection_c/duckietown_msgs/msg/detail/tag_info__type_support.c.o[0m
[63.295s] [ 32%] [32mBuilding C object CMakeFiles/duckietown_msgs__rosidl_typesupport_introspection_c.dir/rosidl_typesupport_introspection_c/duckietown_msgs/msg/detail/pixel__type_support.c.o[0m
[63.369s] [ 32%] [32mBuilding C object CMakeFiles/duckietown_msgs__rosidl_typesupport_introspection_c.dir/rosidl_typesupport_introspection_c/duckietown_msgs/msg/detail/vector2_d__type_support.c.o[0m
[63.435s] [ 32%] [32mBuilding C object CMakeFiles/duckietown_msgs__rosidl_typesupport_introspection_c.dir/rosidl_typesupport_introspection_c/duckietown_msgs/msg/detail/segment__type_support.c.o[0m
[63.519s] [ 32%] [32mBuilding C object CMakeFiles/duckietown_msgs__rosidl_typesupport_introspection_c.dir/rosidl_typesupport_introspection_c/duckietown_msgs/msg/detail/segment_list__type_support.c.o[0m
[63.598s] [ 32%] [32mBuilding C object CMakeFiles/duckietown_msgs__rosidl_typesupport_introspection_c.dir/rosidl_typesupport_introspection_c/duckietown_msgs/msg/detail/rect__type_support.c.o[0m
[63.665s] [ 33%] [32mBuilding C object CMakeFiles/duckietown_msgs__rosidl_typesupport_introspection_c.dir/rosidl_typesupport_introspection_c/duckietown_msgs/msg/detail/rects__type_support.c.o[0m
[63.749s] [ 33%] [32mBuilding C object CMakeFiles/duckietown_msgs__rosidl_typesupport_introspection_c.dir/rosidl_typesupport_introspection_c/duckietown_msgs/msg/detail/scene_segments__type_support.c.o[0m
[63.829s] [ 33%] [32mBuilding C object CMakeFiles/duckietown_msgs__rosidl_typesupport_introspection_c.dir/rosidl_typesupport_introspection_c/duckietown_msgs/msg/detail/source_target_nodes__type_support.c.o[0m
[63.900s] [ 33%] [32mBuilding C object CMakeFiles/duckietown_msgs__rosidl_typesupport_introspection_c.dir/rosidl_typesupport_introspection_c/duckietown_msgs/msg/detail/coordination_clearance__type_support.c.o[0m
[63.974s] [ 33%] [32mBuilding C object CMakeFiles/duckietown_msgs__rosidl_typesupport_introspection_c.dir/rosidl_typesupport_introspection_c/duckietown_msgs/msg/detail/coordination_clearance_ethz17__type_support.c.o[0m
[64.052s] [ 34%] [32mBuilding C object CMakeFiles/duckietown_msgs__rosidl_typesupport_introspection_c.dir/rosidl_typesupport_introspection_c/duckietown_msgs/msg/detail/vehicle_corners__type_support.c.o[0m
[64.146s] [ 34%] [32mBuilding C object CMakeFiles/duckietown_msgs__rosidl_typesupport_introspection_c.dir/rosidl_typesupport_introspection_c/duckietown_msgs/msg/detail/vehicle_pose__type_support.c.o[0m
[64.222s] [ 34%] [32mBuilding C object CMakeFiles/duckietown_msgs__rosidl_typesupport_introspection_c.dir/rosidl_typesupport_introspection_c/duckietown_msgs/msg/detail/fsm_state__type_support.c.o[0m
[64.286s] [ 34%] [32mBuilding C object CMakeFiles/duckietown_msgs__rosidl_typesupport_introspection_c.dir/rosidl_typesupport_introspection_c/duckietown_msgs/msg/detail/bool_stamped__type_support.c.o[0m
[64.371s] [ 34%] [32mBuilding C object CMakeFiles/duckietown_msgs__rosidl_typesupport_introspection_c.dir/rosidl_typesupport_introspection_c/duckietown_msgs/msg/detail/bool_stamped_ethz17__type_support.c.o[0m
[64.447s] [ 35%] [32mBuilding C object CMakeFiles/duckietown_msgs__rosidl_typesupport_introspection_c.dir/rosidl_typesupport_introspection_c/duckietown_msgs/msg/detail/stop_line_reading__type_support.c.o[0m
[64.522s] [ 35%] [32mBuilding C object CMakeFiles/duckietown_msgs__rosidl_typesupport_introspection_c.dir/rosidl_typesupport_introspection_c/duckietown_msgs/msg/detail/led_interpreter__type_support.c.o[0m
[64.588s] [ 35%] [32mBuilding C object CMakeFiles/duckietown_msgs__rosidl_typesupport_introspection_c.dir/rosidl_typesupport_introspection_c/duckietown_msgs/msg/detail/anti_instagram_health__type_support.c.o[0m
[64.666s] [ 35%] [32mBuilding C object CMakeFiles/duckietown_msgs__rosidl_typesupport_introspection_c.dir/rosidl_typesupport_introspection_c/duckietown_msgs/msg/detail/anti_instagram_transform__type_support.c.o[0m
[64.742s] [ 35%] [32mBuilding C object CMakeFiles/duckietown_msgs__rosidl_typesupport_introspection_c.dir/rosidl_typesupport_introspection_c/duckietown_msgs/msg/detail/anti_instagram_transform_cb__type_support.c.o[0m
[64.818s] [ 36%] [32mBuilding C object CMakeFiles/duckietown_msgs__rosidl_typesupport_introspection_c.dir/rosidl_typesupport_introspection_c/duckietown_msgs/msg/detail/kinematics_weights__type_support.c.o[0m
[64.886s] [ 36%] [32mBuilding C object CMakeFiles/duckietown_msgs__rosidl_typesupport_introspection_c.dir/rosidl_typesupport_introspection_c/duckietown_msgs/msg/detail/kinematics_parameters__type_support.c.o[0m
[64.962s] [ 36%] [32mBuilding C object CMakeFiles/duckietown_msgs__rosidl_typesupport_introspection_c.dir/rosidl_typesupport_introspection_c/duckietown_msgs/msg/detail/theta_dot_sample__type_support.c.o[0m
[65.043s] [ 36%] [32mBuilding C object CMakeFiles/duckietown_msgs__rosidl_typesupport_introspection_c.dir/rosidl_typesupport_introspection_c/duckietown_msgs/msg/detail/vsample__type_support.c.o[0m
[65.158s] [ 36%] [32mBuilding C object CMakeFiles/duckietown_msgs__rosidl_typesupport_introspection_c.dir/rosidl_typesupport_introspection_c/duckietown_msgs/msg/detail/trajectory__type_support.c.o[0m
[65.250s] [ 37%] [32mBuilding C object CMakeFiles/duckietown_msgs__rosidl_typesupport_introspection_c.dir/rosidl_typesupport_introspection_c/duckietown_msgs/msg/detail/obstacle_type__type_support.c.o[0m
[65.314s] [ 37%] [32mBuilding C object CMakeFiles/duckietown_msgs__rosidl_typesupport_introspection_c.dir/rosidl_typesupport_introspection_c/duckietown_msgs/msg/detail/obstacle_image_detection__type_support.c.o[0m
[65.385s] [ 37%] [32mBuilding C object CMakeFiles/duckietown_msgs__rosidl_typesupport_introspection_c.dir/rosidl_typesupport_introspection_c/duckietown_msgs/msg/detail/obstacle_image_detection_list__type_support.c.o[0m
[65.466s] [ 37%] [32mBuilding C object CMakeFiles/duckietown_msgs__rosidl_typesupport_introspection_c.dir/rosidl_typesupport_introspection_c/duckietown_msgs/msg/detail/obstacle_projected_detection__type_support.c.o[0m
[65.552s] [ 37%] [32mBuilding C object CMakeFiles/duckietown_msgs__rosidl_typesupport_introspection_c.dir/rosidl_typesupport_introspection_c/duckietown_msgs/msg/detail/obstacle_projected_detection_list__type_support.c.o[0m
[65.622s] [ 38%] [32mBuilding C object CMakeFiles/duckietown_msgs__rosidl_typesupport_introspection_c.dir/rosidl_typesupport_introspection_c/duckietown_msgs/msg/detail/num__type_support.c.o[0m
[65.696s] [ 38%] [32mBuilding C object CMakeFiles/duckietown_msgs__rosidl_typesupport_introspection_c.dir/rosidl_typesupport_introspection_c/duckietown_msgs/srv/detail/set_fsm_state__type_support.c.o[0m
[65.774s] [ 38%] [32mBuilding C object CMakeFiles/duckietown_msgs__rosidl_typesupport_introspection_c.dir/rosidl_typesupport_introspection_c/duckietown_msgs/srv/detail/set_value__type_support.c.o[0m
[65.851s] [ 38%] [32mBuilding C object CMakeFiles/duckietown_msgs__rosidl_typesupport_introspection_c.dir/rosidl_typesupport_introspection_c/duckietown_msgs/srv/detail/set_variable__type_support.c.o[0m
[65.918s] [ 38%] [32mBuilding C object CMakeFiles/duckietown_msgs__rosidl_typesupport_introspection_c.dir/rosidl_typesupport_introspection_c/duckietown_msgs/srv/detail/get_variable__type_support.c.o[0m
[66.005s] [ 39%] [32m[1mLinking C shared library libduckietown_msgs__rosidl_typesupport_introspection_c.so[0m
[66.143s] [ 39%] Built target duckietown_msgs__rosidl_typesupport_introspection_c
[66.179s] [ 40%] [34m[1mGenerating C type support dispatch for ROS interfaces[0m
[69.032s] [ 40%] [32mBuilding CXX object CMakeFiles/duckietown_msgs__rosidl_typesupport_c.dir/rosidl_typesupport_c/duckietown_msgs/msg/car_control__type_support.cpp.o[0m
[69.130s] [ 40%] [32mBuilding CXX object CMakeFiles/duckietown_msgs__rosidl_typesupport_c.dir/rosidl_typesupport_c/duckietown_msgs/msg/coordination_signal__type_support.cpp.o[0m
[69.200s] [ 40%] [32mBuilding CXX object CMakeFiles/duckietown_msgs__rosidl_typesupport_c.dir/rosidl_typesupport_c/duckietown_msgs/msg/coordination_signal_ethz17__type_support.cpp.o[0m
[69.267s] [ 40%] [32mBuilding CXX object CMakeFiles/duckietown_msgs__rosidl_typesupport_c.dir/rosidl_typesupport_c/duckietown_msgs/msg/duckie_sensor__type_support.cpp.o[0m
[69.328s] [ 41%] [32mBuilding CXX object CMakeFiles/duckietown_msgs__rosidl_typesupport_c.dir/rosidl_typesupport_c/duckietown_msgs/msg/lane_pose__type_support.cpp.o[0m
[69.393s] [ 41%] [32mBuilding CXX object CMakeFiles/duckietown_msgs__rosidl_typesupport_c.dir/rosidl_typesupport_c/duckietown_msgs/msg/intersection_pose__type_support.cpp.o[0m
[69.451s] [ 41%] [32mBuilding CXX object CMakeFiles/duckietown_msgs__rosidl_typesupport_c.dir/rosidl_typesupport_c/duckietown_msgs/msg/intersection_pose_img__type_support.cpp.o[0m
[69.519s] [ 41%] [32mBuilding CXX object CMakeFiles/duckietown_msgs__rosidl_typesupport_c.dir/rosidl_typesupport_c/duckietown_msgs/msg/intersection_pose_img_debug__type_support.cpp.o[0m
[69.584s] [ 41%] [32mBuilding CXX object CMakeFiles/duckietown_msgs__rosidl_typesupport_c.dir/rosidl_typesupport_c/duckietown_msgs/msg/turn_i_dand_type__type_support.cpp.o[0m
[69.647s] [ 42%] [32mBuilding CXX object CMakeFiles/duckietown_msgs__rosidl_typesupport_c.dir/rosidl_typesupport_c/duckietown_msgs/msg/led_detection__type_support.cpp.o[0m
[69.729s] [ 42%] [32mBuilding CXX object CMakeFiles/duckietown_msgs__rosidl_typesupport_c.dir/rosidl_typesupport_c/duckietown_msgs/msg/maintenance_state__type_support.cpp.o[0m
[69.796s] [ 42%] [32mBuilding CXX object CMakeFiles/duckietown_msgs__rosidl_typesupport_c.dir/rosidl_typesupport_c/duckietown_msgs/msg/led_detection_array__type_support.cpp.o[0m
[69.854s] [ 42%] [32mBuilding CXX object CMakeFiles/duckietown_msgs__rosidl_typesupport_c.dir/rosidl_typesupport_c/duckietown_msgs/msg/led_detection_debug_info__type_support.cpp.o[0m
[69.922s] [ 42%] [32mBuilding CXX object CMakeFiles/duckietown_msgs__rosidl_typesupport_c.dir/rosidl_typesupport_c/duckietown_msgs/msg/wheels_cmd__type_support.cpp.o[0m
[69.989s] [ 43%] [32mBuilding CXX object CMakeFiles/duckietown_msgs__rosidl_typesupport_c.dir/rosidl_typesupport_c/duckietown_msgs/msg/wheels_cmd_stamped__type_support.cpp.o[0m
[70.048s] [ 43%] [32mBuilding CXX object CMakeFiles/duckietown_msgs__rosidl_typesupport_c.dir/rosidl_typesupport_c/duckietown_msgs/msg/pose2_d_stamped__type_support.cpp.o[0m
[70.124s] [ 43%] [32mBuilding CXX object CMakeFiles/duckietown_msgs__rosidl_typesupport_c.dir/rosidl_typesupport_c/duckietown_msgs/msg/signals_detection__type_support.cpp.o[0m
[70.195s] [ 43%] [32mBuilding CXX object CMakeFiles/duckietown_msgs__rosidl_typesupport_c.dir/rosidl_typesupport_c/duckietown_msgs/msg/signals_detection_ethz17__type_support.cpp.o[0m
[70.255s] [ 43%] [32mBuilding CXX object CMakeFiles/duckietown_msgs__rosidl_typesupport_c.dir/rosidl_typesupport_c/duckietown_msgs/msg/twist2_d_stamped__type_support.cpp.o[0m
[70.323s] [ 44%] [32mBuilding CXX object CMakeFiles/duckietown_msgs__rosidl_typesupport_c.dir/rosidl_typesupport_c/duckietown_msgs/msg/twist2_d_stamped_ethz17__type_support.cpp.o[0m
[70.392s] [ 44%] [32mBuilding CXX object CMakeFiles/duckietown_msgs__rosidl_typesupport_c.dir/rosidl_typesupport_c/duckietown_msgs/msg/april_tag_detection__type_support.cpp.o[0m
[70.449s] [ 44%] [32mBuilding CXX object CMakeFiles/duckietown_msgs__rosidl_typesupport_c.dir/rosidl_typesupport_c/duckietown_msgs/msg/april_tag_detection_array__type_support.cpp.o[0m
[70.522s] [ 44%] [32mBuilding CXX object CMakeFiles/duckietown_msgs__rosidl_typesupport_c.dir/rosidl_typesupport_c/duckietown_msgs/msg/april_tags_with_infos__type_support.cpp.o[0m
[70.590s] [ 44%] [32mBuilding CXX object CMakeFiles/duckietown_msgs__rosidl_typesupport_c.dir/rosidl_typesupport_c/duckietown_msgs/msg/tag_info__type_support.cpp.o[0m
[70.659s] [ 45%] [32mBuilding CXX object CMakeFiles/duckietown_msgs__rosidl_typesupport_c.dir/rosidl_typesupport_c/duckietown_msgs/msg/pixel__type_support.cpp.o[0m
[70.723s] [ 45%] [32mBuilding CXX object CMakeFiles/duckietown_msgs__rosidl_typesupport_c.dir/rosidl_typesupport_c/duckietown_msgs/msg/vector2_d__type_support.cpp.o[0m
[70.790s] [ 45%] [32mBuilding CXX object CMakeFiles/duckietown_msgs__rosidl_typesupport_c.dir/rosidl_typesupport_c/duckietown_msgs/msg/segment__type_support.cpp.o[0m
[70.850s] [ 45%] [32mBuilding CXX object CMakeFiles/duckietown_msgs__rosidl_typesupport_c.dir/rosidl_typesupport_c/duckietown_msgs/msg/segment_list__type_support.cpp.o[0m
[70.917s] [ 45%] [32mBuilding CXX object CMakeFiles/duckietown_msgs__rosidl_typesupport_c.dir/rosidl_typesupport_c/duckietown_msgs/msg/rect__type_support.cpp.o[0m
[70.994s] [ 46%] [32mBuilding CXX object CMakeFiles/duckietown_msgs__rosidl_typesupport_c.dir/rosidl_typesupport_c/duckietown_msgs/msg/rects__type_support.cpp.o[0m
[71.051s] [ 46%] [32mBuilding CXX object CMakeFiles/duckietown_msgs__rosidl_typesupport_c.dir/rosidl_typesupport_c/duckietown_msgs/msg/scene_segments__type_support.cpp.o[0m
[71.142s] [ 46%] [32mBuilding CXX object CMakeFiles/duckietown_msgs__rosidl_typesupport_c.dir/rosidl_typesupport_c/duckietown_msgs/msg/source_target_nodes__type_support.cpp.o[0m
[71.216s] [ 46%] [32mBuilding CXX object CMakeFiles/duckietown_msgs__rosidl_typesupport_c.dir/rosidl_typesupport_c/duckietown_msgs/msg/coordination_clearance__type_support.cpp.o[0m
[71.273s] [ 46%] [32mBuilding CXX object CMakeFiles/duckietown_msgs__rosidl_typesupport_c.dir/rosidl_typesupport_c/duckietown_msgs/msg/coordination_clearance_ethz17__type_support.cpp.o[0m
[71.341s] [ 47%] [32mBuilding CXX object CMakeFiles/duckietown_msgs__rosidl_typesupport_c.dir/rosidl_typesupport_c/duckietown_msgs/msg/vehicle_corners__type_support.cpp.o[0m
[71.412s] [ 47%] [32mBuilding CXX object CMakeFiles/duckietown_msgs__rosidl_typesupport_c.dir/rosidl_typesupport_c/duckietown_msgs/msg/vehicle_pose__type_support.cpp.o[0m
[71.474s] [ 47%] [32mBuilding CXX object CMakeFiles/duckietown_msgs__rosidl_typesupport_c.dir/rosidl_typesupport_c/duckietown_msgs/msg/fsm_state__type_support.cpp.o[0m
[71.538s] [ 47%] [32mBuilding CXX object CMakeFiles/duckietown_msgs__rosidl_typesupport_c.dir/rosidl_typesupport_c/duckietown_msgs/msg/bool_stamped__type_support.cpp.o[0m
[71.613s] [ 47%] [32mBuilding CXX object CMakeFiles/duckietown_msgs__rosidl_typesupport_c.dir/rosidl_typesupport_c/duckietown_msgs/msg/bool_stamped_ethz17__type_support.cpp.o[0m
[71.677s] [ 48%] [32mBuilding CXX object CMakeFiles/duckietown_msgs__rosidl_typesupport_c.dir/rosidl_typesupport_c/duckietown_msgs/msg/stop_line_reading__type_support.cpp.o[0m
[71.745s] [ 48%] [32mBuilding CXX object CMakeFiles/duckietown_msgs__rosidl_typesupport_c.dir/rosidl_typesupport_c/duckietown_msgs/msg/led_interpreter__type_support.cpp.o[0m
[71.811s] [ 48%] [32mBuilding CXX object CMakeFiles/duckietown_msgs__rosidl_typesupport_c.dir/rosidl_typesupport_c/duckietown_msgs/msg/anti_instagram_health__type_support.cpp.o[0m
[71.867s] [ 48%] [32mBuilding CXX object CMakeFiles/duckietown_msgs__rosidl_typesupport_c.dir/rosidl_typesupport_c/duckietown_msgs/msg/anti_instagram_transform__type_support.cpp.o[0m
[71.935s] [ 48%] [32mBuilding CXX object CMakeFiles/duckietown_msgs__rosidl_typesupport_c.dir/rosidl_typesupport_c/duckietown_msgs/msg/anti_instagram_transform_cb__type_support.cpp.o[0m
[71.993s] [ 49%] [32mBuilding CXX object CMakeFiles/duckietown_msgs__rosidl_typesupport_c.dir/rosidl_typesupport_c/duckietown_msgs/msg/kinematics_weights__type_support.cpp.o[0m
[72.056s] [ 49%] [32mBuilding CXX object CMakeFiles/duckietown_msgs__rosidl_typesupport_c.dir/rosidl_typesupport_c/duckietown_msgs/msg/kinematics_parameters__type_support.cpp.o[0m
[72.132s] [ 49%] [32mBuilding CXX object CMakeFiles/duckietown_msgs__rosidl_typesupport_c.dir/rosidl_typesupport_c/duckietown_msgs/msg/theta_dot_sample__type_support.cpp.o[0m
[72.215s] [ 49%] [32mBuilding CXX object CMakeFiles/duckietown_msgs__rosidl_typesupport_c.dir/rosidl_typesupport_c/duckietown_msgs/msg/vsample__type_support.cpp.o[0m
[72.282s] [ 49%] [32mBuilding CXX object CMakeFiles/duckietown_msgs__rosidl_typesupport_c.dir/rosidl_typesupport_c/duckietown_msgs/msg/trajectory__type_support.cpp.o[0m
[72.351s] [ 50%] [32mBuilding CXX object CMakeFiles/duckietown_msgs__rosidl_typesupport_c.dir/rosidl_typesupport_c/duckietown_msgs/msg/obstacle_type__type_support.cpp.o[0m
[72.411s] [ 50%] [32mBuilding CXX object CMakeFiles/duckietown_msgs__rosidl_typesupport_c.dir/rosidl_typesupport_c/duckietown_msgs/msg/obstacle_image_detection__type_support.cpp.o[0m
[72.479s] [ 50%] [32mBuilding CXX object CMakeFiles/duckietown_msgs__rosidl_typesupport_c.dir/rosidl_typesupport_c/duckietown_msgs/msg/obstacle_image_detection_list__type_support.cpp.o[0m
[72.546s] [ 50%] [32mBuilding CXX object CMakeFiles/duckietown_msgs__rosidl_typesupport_c.dir/rosidl_typesupport_c/duckietown_msgs/msg/obstacle_projected_detection__type_support.cpp.o[0m
[72.601s] [ 50%] [32mBuilding CXX object CMakeFiles/duckietown_msgs__rosidl_typesupport_c.dir/rosidl_typesupport_c/duckietown_msgs/msg/obstacle_projected_detection_list__type_support.cpp.o[0m
[72.702s] [ 51%] [32mBuilding CXX object CMakeFiles/duckietown_msgs__rosidl_typesupport_c.dir/rosidl_typesupport_c/duckietown_msgs/msg/num__type_support.cpp.o[0m
[72.777s] [ 51%] [32mBuilding CXX object CMakeFiles/duckietown_msgs__rosidl_typesupport_c.dir/rosidl_typesupport_c/duckietown_msgs/srv/set_fsm_state__type_support.cpp.o[0m
[72.848s] [ 51%] [32mBuilding CXX object CMakeFiles/duckietown_msgs__rosidl_typesupport_c.dir/rosidl_typesupport_c/duckietown_msgs/srv/set_value__type_support.cpp.o[0m
[72.904s] [ 51%] [32mBuilding CXX object CMakeFiles/duckietown_msgs__rosidl_typesupport_c.dir/rosidl_typesupport_c/duckietown_msgs/srv/set_variable__type_support.cpp.o[0m
[72.974s] [ 51%] [32mBuilding CXX object CMakeFiles/duckietown_msgs__rosidl_typesupport_c.dir/rosidl_typesupport_c/duckietown_msgs/srv/get_variable__type_support.cpp.o[0m
[73.043s] [ 52%] [32m[1mLinking CXX shared library libduckietown_msgs__rosidl_typesupport_c.so[0m
[73.172s] [ 52%] Built target duckietown_msgs__rosidl_typesupport_c
[73.232s] [ 52%] [34m[1mGenerating C++ code for ROS interfaces[0m
[78.185s] [ 52%] Built target duckietown_msgs__cpp
[78.212s] [ 52%] [34m[1mGenerating C++ type support for eProsima Fast-RTPS[0m
[82.870s] [ 52%] [32mBuilding CXX object CMakeFiles/duckietown_msgs__rosidl_typesupport_fastrtps_cpp.dir/rosidl_typesupport_fastrtps_cpp/duckietown_msgs/msg/detail/dds_fastrtps/car_control__type_support.cpp.o[0m
[83.512s] [ 53%] [32mBuilding CXX object CMakeFiles/duckietown_msgs__rosidl_typesupport_fastrtps_cpp.dir/rosidl_typesupport_fastrtps_cpp/duckietown_msgs/msg/detail/dds_fastrtps/coordination_signal__type_support.cpp.o[0m
[84.120s] [ 53%] [32mBuilding CXX object CMakeFiles/duckietown_msgs__rosidl_typesupport_fastrtps_cpp.dir/rosidl_typesupport_fastrtps_cpp/duckietown_msgs/msg/detail/dds_fastrtps/coordination_signal_ethz17__type_support.cpp.o[0m
[84.741s] [ 53%] [32mBuilding CXX object CMakeFiles/duckietown_msgs__rosidl_typesupport_fastrtps_cpp.dir/rosidl_typesupport_fastrtps_cpp/duckietown_msgs/msg/detail/dds_fastrtps/duckie_sensor__type_support.cpp.o[0m
[85.340s] [ 53%] [32mBuilding CXX object CMakeFiles/duckietown_msgs__rosidl_typesupport_fastrtps_cpp.dir/rosidl_typesupport_fastrtps_cpp/duckietown_msgs/msg/detail/dds_fastrtps/lane_pose__type_support.cpp.o[0m
[85.979s] [ 53%] [32mBuilding CXX object CMakeFiles/duckietown_msgs__rosidl_typesupport_fastrtps_cpp.dir/rosidl_typesupport_fastrtps_cpp/duckietown_msgs/msg/detail/dds_fastrtps/intersection_pose__type_support.cpp.o[0m
[86.623s] [ 54%] [32mBuilding CXX object CMakeFiles/duckietown_msgs__rosidl_typesupport_fastrtps_cpp.dir/rosidl_typesupport_fastrtps_cpp/duckietown_msgs/msg/detail/dds_fastrtps/intersection_pose_img__type_support.cpp.o[0m
[87.370s] [ 54%] [32mBuilding CXX object CMakeFiles/duckietown_msgs__rosidl_typesupport_fastrtps_cpp.dir/rosidl_typesupport_fastrtps_cpp/duckietown_msgs/msg/detail/dds_fastrtps/intersection_pose_img_debug__type_support.cpp.o[0m
[88.005s] [ 54%] [32mBuilding CXX object CMakeFiles/duckietown_msgs__rosidl_typesupport_fastrtps_cpp.dir/rosidl_typesupport_fastrtps_cpp/duckietown_msgs/msg/detail/dds_fastrtps/turn_i_dand_type__type_support.cpp.o[0m
[88.611s] [ 54%] [32mBuilding CXX object CMakeFiles/duckietown_msgs__rosidl_typesupport_fastrtps_cpp.dir/rosidl_typesupport_fastrtps_cpp/duckietown_msgs/msg/detail/dds_fastrtps/led_detection__type_support.cpp.o[0m
[89.351s] [ 54%] [32mBuilding CXX object CMakeFiles/duckietown_msgs__rosidl_typesupport_fastrtps_cpp.dir/rosidl_typesupport_fastrtps_cpp/duckietown_msgs/msg/detail/dds_fastrtps/maintenance_state__type_support.cpp.o[0m
[89.950s] [ 55%] [32mBuilding CXX object CMakeFiles/duckietown_msgs__rosidl_typesupport_fastrtps_cpp.dir/rosidl_typesupport_fastrtps_cpp/duckietown_msgs/msg/detail/dds_fastrtps/led_detection_array__type_support.cpp.o[0m
[90.667s] [ 55%] [32mBuilding CXX object CMakeFiles/duckietown_msgs__rosidl_typesupport_fastrtps_cpp.dir/rosidl_typesupport_fastrtps_cpp/duckietown_msgs/msg/detail/dds_fastrtps/led_detection_debug_info__type_support.cpp.o[0m
[91.398s] [ 55%] [32mBuilding CXX object CMakeFiles/duckietown_msgs__rosidl_typesupport_fastrtps_cpp.dir/rosidl_typesupport_fastrtps_cpp/duckietown_msgs/msg/detail/dds_fastrtps/wheels_cmd__type_support.cpp.o[0m
[92.024s] [ 55%] [32mBuilding CXX object CMakeFiles/duckietown_msgs__rosidl_typesupport_fastrtps_cpp.dir/rosidl_typesupport_fastrtps_cpp/duckietown_msgs/msg/detail/dds_fastrtps/wheels_cmd_stamped__type_support.cpp.o[0m
[92.650s] [ 55%] [32mBuilding CXX object CMakeFiles/duckietown_msgs__rosidl_typesupport_fastrtps_cpp.dir/rosidl_typesupport_fastrtps_cpp/duckietown_msgs/msg/detail/dds_fastrtps/pose2_d_stamped__type_support.cpp.o[0m
[93.266s] [ 56%] [32mBuilding CXX object CMakeFiles/duckietown_msgs__rosidl_typesupport_fastrtps_cpp.dir/rosidl_typesupport_fastrtps_cpp/duckietown_msgs/msg/detail/dds_fastrtps/signals_detection__type_support.cpp.o[0m
[93.919s] [ 56%] [32mBuilding CXX object CMakeFiles/duckietown_msgs__rosidl_typesupport_fastrtps_cpp.dir/rosidl_typesupport_fastrtps_cpp/duckietown_msgs/msg/detail/dds_fastrtps/signals_detection_ethz17__type_support.cpp.o[0m
[94.556s] [ 56%] [32mBuilding CXX object CMakeFiles/duckietown_msgs__rosidl_typesupport_fastrtps_cpp.dir/rosidl_typesupport_fastrtps_cpp/duckietown_msgs/msg/detail/dds_fastrtps/twist2_d_stamped__type_support.cpp.o[0m
[95.221s] [ 56%] [32mBuilding CXX object CMakeFiles/duckietown_msgs__rosidl_typesupport_fastrtps_cpp.dir/rosidl_typesupport_fastrtps_cpp/duckietown_msgs/msg/detail/dds_fastrtps/twist2_d_stamped_ethz17__type_support.cpp.o[0m
[95.898s] [ 56%] [32mBuilding CXX object CMakeFiles/duckietown_msgs__rosidl_typesupport_fastrtps_cpp.dir/rosidl_typesupport_fastrtps_cpp/duckietown_msgs/msg/detail/dds_fastrtps/april_tag_detection__type_support.cpp.o[0m
[96.545s] [ 57%] [32mBuilding CXX object CMakeFiles/duckietown_msgs__rosidl_typesupport_fastrtps_cpp.dir/rosidl_typesupport_fastrtps_cpp/duckietown_msgs/msg/detail/dds_fastrtps/april_tag_detection_array__type_support.cpp.o[0m
[97.232s] [ 57%] [32mBuilding CXX object CMakeFiles/duckietown_msgs__rosidl_typesupport_fastrtps_cpp.dir/rosidl_typesupport_fastrtps_cpp/duckietown_msgs/msg/detail/dds_fastrtps/april_tags_with_infos__type_support.cpp.o[0m
[98.017s] [ 57%] [32mBuilding CXX object CMakeFiles/duckietown_msgs__rosidl_typesupport_fastrtps_cpp.dir/rosidl_typesupport_fastrtps_cpp/duckietown_msgs/msg/detail/dds_fastrtps/tag_info__type_support.cpp.o[0m
[98.657s] [ 57%] [32mBuilding CXX object CMakeFiles/duckietown_msgs__rosidl_typesupport_fastrtps_cpp.dir/rosidl_typesupport_fastrtps_cpp/duckietown_msgs/msg/detail/dds_fastrtps/pixel__type_support.cpp.o[0m
[99.268s] [ 57%] [32mBuilding CXX object CMakeFiles/duckietown_msgs__rosidl_typesupport_fastrtps_cpp.dir/rosidl_typesupport_fastrtps_cpp/duckietown_msgs/msg/detail/dds_fastrtps/vector2_d__type_support.cpp.o[0m
[99.896s] [ 58%] [32mBuilding CXX object CMakeFiles/duckietown_msgs__rosidl_typesupport_fastrtps_cpp.dir/rosidl_typesupport_fastrtps_cpp/duckietown_msgs/msg/detail/dds_fastrtps/segment__type_support.cpp.o[0m
[100.504s] [ 58%] [32mBuilding CXX object CMakeFiles/duckietown_msgs__rosidl_typesupport_fastrtps_cpp.dir/rosidl_typesupport_fastrtps_cpp/duckietown_msgs/msg/detail/dds_fastrtps/segment_list__type_support.cpp.o[0m
[101.194s] [ 58%] [32mBuilding CXX object CMakeFiles/duckietown_msgs__rosidl_typesupport_fastrtps_cpp.dir/rosidl_typesupport_fastrtps_cpp/duckietown_msgs/msg/detail/dds_fastrtps/rect__type_support.cpp.o[0m
[101.802s] [ 58%] [32mBuilding CXX object CMakeFiles/duckietown_msgs__rosidl_typesupport_fastrtps_cpp.dir/rosidl_typesupport_fastrtps_cpp/duckietown_msgs/msg/detail/dds_fastrtps/rects__type_support.cpp.o[0m
[102.468s] [ 58%] [32mBuilding CXX object CMakeFiles/duckietown_msgs__rosidl_typesupport_fastrtps_cpp.dir/rosidl_typesupport_fastrtps_cpp/duckietown_msgs/msg/detail/dds_fastrtps/scene_segments__type_support.cpp.o[0m
[103.142s] [ 59%] [32mBuilding CXX object CMakeFiles/duckietown_msgs__rosidl_typesupport_fastrtps_cpp.dir/rosidl_typesupport_fastrtps_cpp/duckietown_msgs/msg/detail/dds_fastrtps/source_target_nodes__type_support.cpp.o[0m
[103.773s] [ 59%] [32mBuilding CXX object CMakeFiles/duckietown_msgs__rosidl_typesupport_fastrtps_cpp.dir/rosidl_typesupport_fastrtps_cpp/duckietown_msgs/msg/detail/dds_fastrtps/coordination_clearance__type_support.cpp.o[0m
[104.388s] [ 59%] [32mBuilding CXX object CMakeFiles/duckietown_msgs__rosidl_typesupport_fastrtps_cpp.dir/rosidl_typesupport_fastrtps_cpp/duckietown_msgs/msg/detail/dds_fastrtps/coordination_clearance_ethz17__type_support.cpp.o[0m
[104.985s] [ 59%] [32mBuilding CXX object CMakeFiles/duckietown_msgs__rosidl_typesupport_fastrtps_cpp.dir/rosidl_typesupport_fastrtps_cpp/duckietown_msgs/msg/detail/dds_fastrtps/vehicle_corners__type_support.cpp.o[0m
[105.665s] [ 59%] [32mBuilding CXX object CMakeFiles/duckietown_msgs__rosidl_typesupport_fastrtps_cpp.dir/rosidl_typesupport_fastrtps_cpp/duckietown_msgs/msg/detail/dds_fastrtps/vehicle_pose__type_support.cpp.o[0m
[106.320s] [ 60%] [32mBuilding CXX object CMakeFiles/duckietown_msgs__rosidl_typesupport_fastrtps_cpp.dir/rosidl_typesupport_fastrtps_cpp/duckietown_msgs/msg/detail/dds_fastrtps/fsm_state__type_support.cpp.o[0m
[106.906s] [ 60%] [32mBuilding CXX object CMakeFiles/duckietown_msgs__rosidl_typesupport_fastrtps_cpp.dir/rosidl_typesupport_fastrtps_cpp/duckietown_msgs/msg/detail/dds_fastrtps/bool_stamped__type_support.cpp.o[0m
[107.549s] [ 60%] [32mBuilding CXX object CMakeFiles/duckietown_msgs__rosidl_typesupport_fastrtps_cpp.dir/rosidl_typesupport_fastrtps_cpp/duckietown_msgs/msg/detail/dds_fastrtps/bool_stamped_ethz17__type_support.cpp.o[0m
[108.150s] [ 60%] [32mBuilding CXX object CMakeFiles/duckietown_msgs__rosidl_typesupport_fastrtps_cpp.dir/rosidl_typesupport_fastrtps_cpp/duckietown_msgs/msg/detail/dds_fastrtps/stop_line_reading__type_support.cpp.o[0m
[109.210s] [ 60%] [32mBuilding CXX object CMakeFiles/duckietown_msgs__rosidl_typesupport_fastrtps_cpp.dir/rosidl_typesupport_fastrtps_cpp/duckietown_msgs/msg/detail/dds_fastrtps/led_interpreter__type_support.cpp.o[0m
[110.011s] [ 61%] [32mBuilding CXX object CMakeFiles/duckietown_msgs__rosidl_typesupport_fastrtps_cpp.dir/rosidl_typesupport_fastrtps_cpp/duckietown_msgs/msg/detail/dds_fastrtps/anti_instagram_health__type_support.cpp.o[0m
[110.639s] [ 61%] [32mBuilding CXX object CMakeFiles/duckietown_msgs__rosidl_typesupport_fastrtps_cpp.dir/rosidl_typesupport_fastrtps_cpp/duckietown_msgs/msg/detail/dds_fastrtps/anti_instagram_transform__type_support.cpp.o[0m
[111.241s] [ 61%] [32mBuilding CXX object CMakeFiles/duckietown_msgs__rosidl_typesupport_fastrtps_cpp.dir/rosidl_typesupport_fastrtps_cpp/duckietown_msgs/msg/detail/dds_fastrtps/anti_instagram_transform_cb__type_support.cpp.o[0m
[111.856s] [ 61%] [32mBuilding CXX object CMakeFiles/duckietown_msgs__rosidl_typesupport_fastrtps_cpp.dir/rosidl_typesupport_fastrtps_cpp/duckietown_msgs/msg/detail/dds_fastrtps/kinematics_weights__type_support.cpp.o[0m
[112.538s] [ 61%] [32mBuilding CXX object CMakeFiles/duckietown_msgs__rosidl_typesupport_fastrtps_cpp.dir/rosidl_typesupport_fastrtps_cpp/duckietown_msgs/msg/detail/dds_fastrtps/kinematics_parameters__type_support.cpp.o[0m
[113.238s] [ 62%] [32mBuilding CXX object CMakeFiles/duckietown_msgs__rosidl_typesupport_fastrtps_cpp.dir/rosidl_typesupport_fastrtps_cpp/duckietown_msgs/msg/detail/dds_fastrtps/theta_dot_sample__type_support.cpp.o[0m
[113.866s] [ 62%] [32mBuilding CXX object CMakeFiles/duckietown_msgs__rosidl_typesupport_fastrtps_cpp.dir/rosidl_typesupport_fastrtps_cpp/duckietown_msgs/msg/detail/dds_fastrtps/vsample__type_support.cpp.o[0m
[114.475s] [ 62%] [32mBuilding CXX object CMakeFiles/duckietown_msgs__rosidl_typesupport_fastrtps_cpp.dir/rosidl_typesupport_fastrtps_cpp/duckietown_msgs/msg/detail/dds_fastrtps/trajectory__type_support.cpp.o[0m
[115.172s] [ 62%] [32mBuilding CXX object CMakeFiles/duckietown_msgs__rosidl_typesupport_fastrtps_cpp.dir/rosidl_typesupport_fastrtps_cpp/duckietown_msgs/msg/detail/dds_fastrtps/obstacle_type__type_support.cpp.o[0m
[115.778s] [ 62%] [32mBuilding CXX object CMakeFiles/duckietown_msgs__rosidl_typesupport_fastrtps_cpp.dir/rosidl_typesupport_fastrtps_cpp/duckietown_msgs/msg/detail/dds_fastrtps/obstacle_image_detection__type_support.cpp.o[0m
[116.377s] [ 63%] [32mBuilding CXX object CMakeFiles/duckietown_msgs__rosidl_typesupport_fastrtps_cpp.dir/rosidl_typesupport_fastrtps_cpp/duckietown_msgs/msg/detail/dds_fastrtps/obstacle_image_detection_list__type_support.cpp.o[0m
[117.051s] [ 63%] [32mBuilding CXX object CMakeFiles/duckietown_msgs__rosidl_typesupport_fastrtps_cpp.dir/rosidl_typesupport_fastrtps_cpp/duckietown_msgs/msg/detail/dds_fastrtps/obstacle_projected_detection__type_support.cpp.o[0m
[117.681s] [ 63%] [32mBuilding CXX object CMakeFiles/duckietown_msgs__rosidl_typesupport_fastrtps_cpp.dir/rosidl_typesupport_fastrtps_cpp/duckietown_msgs/msg/detail/dds_fastrtps/obstacle_projected_detection_list__type_support.cpp.o[0m
[118.355s] [ 63%] [32mBuilding CXX object CMakeFiles/duckietown_msgs__rosidl_typesupport_fastrtps_cpp.dir/rosidl_typesupport_fastrtps_cpp/duckietown_msgs/msg/detail/dds_fastrtps/num__type_support.cpp.o[0m
[118.962s] [ 63%] [32mBuilding CXX object CMakeFiles/duckietown_msgs__rosidl_typesupport_fastrtps_cpp.dir/rosidl_typesupport_fastrtps_cpp/duckietown_msgs/srv/detail/dds_fastrtps/set_fsm_state__type_support.cpp.o[0m
[119.616s] [ 64%] [32mBuilding CXX object CMakeFiles/duckietown_msgs__rosidl_typesupport_fastrtps_cpp.dir/rosidl_typesupport_fastrtps_cpp/duckietown_msgs/srv/detail/dds_fastrtps/set_value__type_support.cpp.o[0m
[120.239s] [ 64%] [32mBuilding CXX object CMakeFiles/duckietown_msgs__rosidl_typesupport_fastrtps_cpp.dir/rosidl_typesupport_fastrtps_cpp/duckietown_msgs/srv/detail/dds_fastrtps/set_variable__type_support.cpp.o[0m
[120.886s] [ 64%] [32mBuilding CXX object CMakeFiles/duckietown_msgs__rosidl_typesupport_fastrtps_cpp.dir/rosidl_typesupport_fastrtps_cpp/duckietown_msgs/srv/detail/dds_fastrtps/get_variable__type_support.cpp.o[0m
[121.521s] [ 64%] [32m[1mLinking CXX shared library libduckietown_msgs__rosidl_typesupport_fastrtps_cpp.so[0m
[121.737s] [ 64%] Built target duckietown_msgs__rosidl_typesupport_fastrtps_cpp
[121.769s] [ 64%] [34m[1mGenerating C++ introspection for ROS interfaces[0m
[125.339s] [ 64%] [32mBuilding CXX object CMakeFiles/duckietown_msgs__rosidl_typesupport_introspection_cpp.dir/rosidl_typesupport_introspection_cpp/duckietown_msgs/msg/detail/car_control__type_support.cpp.o[0m
[125.939s] [ 65%] [32mBuilding CXX object CMakeFiles/duckietown_msgs__rosidl_typesupport_introspection_cpp.dir/rosidl_typesupport_introspection_cpp/duckietown_msgs/msg/detail/coordination_signal__type_support.cpp.o[0m
[126.544s] [ 65%] [32mBuilding CXX object CMakeFiles/duckietown_msgs__rosidl_typesupport_introspection_cpp.dir/rosidl_typesupport_introspection_cpp/duckietown_msgs/msg/detail/coordination_signal_ethz17__type_support.cpp.o[0m
[127.139s] [ 65%] [32mBuilding CXX object CMakeFiles/duckietown_msgs__rosidl_typesupport_introspection_cpp.dir/rosidl_typesupport_introspection_cpp/duckietown_msgs/msg/detail/duckie_sensor__type_support.cpp.o[0m
[127.756s] [ 65%] [32mBuilding CXX object CMakeFiles/duckietown_msgs__rosidl_typesupport_introspection_cpp.dir/rosidl_typesupport_introspection_cpp/duckietown_msgs/msg/detail/lane_pose__type_support.cpp.o[0m
[128.352s] [ 65%] [32mBuilding CXX object CMakeFiles/duckietown_msgs__rosidl_typesupport_introspection_cpp.dir/rosidl_typesupport_introspection_cpp/duckietown_msgs/msg/detail/intersection_pose__type_support.cpp.o[0m
[128.966s] [ 66%] [32mBuilding CXX object CMakeFiles/duckietown_msgs__rosidl_typesupport_introspection_cpp.dir/rosidl_typesupport_introspection_cpp/duckietown_msgs/msg/detail/intersection_pose_img__type_support.cpp.o[0m
[129.591s] [ 66%] [32mBuilding CXX object CMakeFiles/duckietown_msgs__rosidl_typesupport_introspection_cpp.dir/rosidl_typesupport_introspection_cpp/duckietown_msgs/msg/detail/intersection_pose_img_debug__type_support.cpp.o[0m
[130.190s] [ 66%] [32mBuilding CXX object CMakeFiles/duckietown_msgs__rosidl_typesupport_introspection_cpp.dir/rosidl_typesupport_introspection_cpp/duckietown_msgs/msg/detail/turn_i_dand_type__type_support.cpp.o[0m
[130.790s] [ 66%] [32mBuilding CXX object CMakeFiles/duckietown_msgs__rosidl_typesupport_introspection_cpp.dir/rosidl_typesupport_introspection_cpp/duckietown_msgs/msg/detail/led_detection__type_support.cpp.o[0m
[131.483s] [ 66%] [32mBuilding CXX object CMakeFiles/duckietown_msgs__rosidl_typesupport_introspection_cpp.dir/rosidl_typesupport_introspection_cpp/duckietown_msgs/msg/detail/maintenance_state__type_support.cpp.o[0m
[132.070s] [ 67%] [32mBuilding CXX object CMakeFiles/duckietown_msgs__rosidl_typesupport_introspection_cpp.dir/rosidl_typesupport_introspection_cpp/duckietown_msgs/msg/detail/led_detection_array__type_support.cpp.o[0m
[132.846s] [ 67%] [32mBuilding CXX object CMakeFiles/duckietown_msgs__rosidl_typesupport_introspection_cpp.dir/rosidl_typesupport_introspection_cpp/duckietown_msgs/msg/detail/led_detection_debug_info__type_support.cpp.o[0m
[133.574s] [ 67%] [32mBuilding CXX object CMakeFiles/duckietown_msgs__rosidl_typesupport_introspection_cpp.dir/rosidl_typesupport_introspection_cpp/duckietown_msgs/msg/detail/wheels_cmd__type_support.cpp.o[0m
[134.156s] [ 67%] [32mBuilding CXX object CMakeFiles/duckietown_msgs__rosidl_typesupport_introspection_cpp.dir/rosidl_typesupport_introspection_cpp/duckietown_msgs/msg/detail/wheels_cmd_stamped__type_support.cpp.o[0m
[134.780s] [ 67%] [32mBuilding CXX object CMakeFiles/duckietown_msgs__rosidl_typesupport_introspection_cpp.dir/rosidl_typesupport_introspection_cpp/duckietown_msgs/msg/detail/pose2_d_stamped__type_support.cpp.o[0m
[135.365s] [ 68%] [32mBuilding CXX object CMakeFiles/duckietown_msgs__rosidl_typesupport_introspection_cpp.dir/rosidl_typesupport_introspection_cpp/duckietown_msgs/msg/detail/signals_detection__type_support.cpp.o[0m
[135.981s] [ 68%] [32mBuilding CXX object CMakeFiles/duckietown_msgs__rosidl_typesupport_introspection_cpp.dir/rosidl_typesupport_introspection_cpp/duckietown_msgs/msg/detail/signals_detection_ethz17__type_support.cpp.o[0m
[136.581s] [ 68%] [32mBuilding CXX object CMakeFiles/duckietown_msgs__rosidl_typesupport_introspection_cpp.dir/rosidl_typesupport_introspection_cpp/duckietown_msgs/msg/detail/twist2_d_stamped__type_support.cpp.o[0m
[137.174s] [ 68%] [32mBuilding CXX object CMakeFiles/duckietown_msgs__rosidl_typesupport_introspection_cpp.dir/rosidl_typesupport_introspection_cpp/duckietown_msgs/msg/detail/twist2_d_stamped_ethz17__type_support.cpp.o[0m
[137.802s] [ 68%] [32mBuilding CXX object CMakeFiles/duckietown_msgs__rosidl_typesupport_introspection_cpp.dir/rosidl_typesupport_introspection_cpp/duckietown_msgs/msg/detail/april_tag_detection__type_support.cpp.o[0m
[138.370s] [ 69%] [32mBuilding CXX object CMakeFiles/duckietown_msgs__rosidl_typesupport_introspection_cpp.dir/rosidl_typesupport_introspection_cpp/duckietown_msgs/msg/detail/april_tag_detection_array__type_support.cpp.o[0m
[139.071s] [ 69%] [32mBuilding CXX object CMakeFiles/duckietown_msgs__rosidl_typesupport_introspection_cpp.dir/rosidl_typesupport_introspection_cpp/duckietown_msgs/msg/detail/april_tags_with_infos__type_support.cpp.o[0m
[139.783s] [ 69%] [32mBuilding CXX object CMakeFiles/duckietown_msgs__rosidl_typesupport_introspection_cpp.dir/rosidl_typesupport_introspection_cpp/duckietown_msgs/msg/detail/tag_info__type_support.cpp.o[0m
[140.422s] [ 69%] [32mBuilding CXX object CMakeFiles/duckietown_msgs__rosidl_typesupport_introspection_cpp.dir/rosidl_typesupport_introspection_cpp/duckietown_msgs/msg/detail/pixel__type_support.cpp.o[0m
[141.330s] [ 69%] [32mBuilding CXX object CMakeFiles/duckietown_msgs__rosidl_typesupport_introspection_cpp.dir/rosidl_typesupport_introspection_cpp/duckietown_msgs/msg/detail/vector2_d__type_support.cpp.o[0m
[141.943s] [ 70%] [32mBuilding CXX object CMakeFiles/duckietown_msgs__rosidl_typesupport_introspection_cpp.dir/rosidl_typesupport_introspection_cpp/duckietown_msgs/msg/detail/segment__type_support.cpp.o[0m
[142.587s] [ 70%] [32mBuilding CXX object CMakeFiles/duckietown_msgs__rosidl_typesupport_introspection_cpp.dir/rosidl_typesupport_introspection_cpp/duckietown_msgs/msg/detail/segment_list__type_support.cpp.o[0m
[143.261s] [ 70%] [32mBuilding CXX object CMakeFiles/duckietown_msgs__rosidl_typesupport_introspection_cpp.dir/rosidl_typesupport_introspection_cpp/duckietown_msgs/msg/detail/rect__type_support.cpp.o[0m
[143.865s] [ 70%] [32mBuilding CXX object CMakeFiles/duckietown_msgs__rosidl_typesupport_introspection_cpp.dir/rosidl_typesupport_introspection_cpp/duckietown_msgs/msg/detail/rects__type_support.cpp.o[0m
[144.506s] [ 70%] [32mBuilding CXX object CMakeFiles/duckietown_msgs__rosidl_typesupport_introspection_cpp.dir/rosidl_typesupport_introspection_cpp/duckietown_msgs/msg/detail/scene_segments__type_support.cpp.o[0m
[145.200s] [ 71%] [32mBuilding CXX object CMakeFiles/duckietown_msgs__rosidl_typesupport_introspection_cpp.dir/rosidl_typesupport_introspection_cpp/duckietown_msgs/msg/detail/source_target_nodes__type_support.cpp.o[0m
[145.809s] [ 71%] [32mBuilding CXX object CMakeFiles/duckietown_msgs__rosidl_typesupport_introspection_cpp.dir/rosidl_typesupport_introspection_cpp/duckietown_msgs/msg/detail/coordination_clearance__type_support.cpp.o[0m
[146.396s] [ 71%] [32mBuilding CXX object CMakeFiles/duckietown_msgs__rosidl_typesupport_introspection_cpp.dir/rosidl_typesupport_introspection_cpp/duckietown_msgs/msg/detail/coordination_clearance_ethz17__type_support.cpp.o[0m
[147.122s] [ 71%] [32mBuilding CXX object CMakeFiles/duckietown_msgs__rosidl_typesupport_introspection_cpp.dir/rosidl_typesupport_introspection_cpp/duckietown_msgs/msg/detail/vehicle_corners__type_support.cpp.o[0m
[147.781s] [ 71%] [32mBuilding CXX object CMakeFiles/duckietown_msgs__rosidl_typesupport_introspection_cpp.dir/rosidl_typesupport_introspection_cpp/duckietown_msgs/msg/detail/vehicle_pose__type_support.cpp.o[0m
[148.357s] [ 72%] [32mBuilding CXX object CMakeFiles/duckietown_msgs__rosidl_typesupport_introspection_cpp.dir/rosidl_typesupport_introspection_cpp/duckietown_msgs/msg/detail/fsm_state__type_support.cpp.o[0m
[148.968s] [ 72%] [32mBuilding CXX object CMakeFiles/duckietown_msgs__rosidl_typesupport_introspection_cpp.dir/rosidl_typesupport_introspection_cpp/duckietown_msgs/msg/detail/bool_stamped__type_support.cpp.o[0m
[149.541s] [ 72%] [32mBuilding CXX object CMakeFiles/duckietown_msgs__rosidl_typesupport_introspection_cpp.dir/rosidl_typesupport_introspection_cpp/duckietown_msgs/msg/detail/bool_stamped_ethz17__type_support.cpp.o[0m
[150.136s] [ 72%] [32mBuilding CXX object CMakeFiles/duckietown_msgs__rosidl_typesupport_introspection_cpp.dir/rosidl_typesupport_introspection_cpp/duckietown_msgs/msg/detail/stop_line_reading__type_support.cpp.o[0m
[150.746s] [ 72%] [32mBuilding CXX object CMakeFiles/duckietown_msgs__rosidl_typesupport_introspection_cpp.dir/rosidl_typesupport_introspection_cpp/duckietown_msgs/msg/detail/led_interpreter__type_support.cpp.o[0m
[151.312s] [ 73%] [32mBuilding CXX object CMakeFiles/duckietown_msgs__rosidl_typesupport_introspection_cpp.dir/rosidl_typesupport_introspection_cpp/duckietown_msgs/msg/detail/anti_instagram_health__type_support.cpp.o[0m
[151.901s] [ 73%] [32mBuilding CXX object CMakeFiles/duckietown_msgs__rosidl_typesupport_introspection_cpp.dir/rosidl_typesupport_introspection_cpp/duckietown_msgs/msg/detail/anti_instagram_transform__type_support.cpp.o[0m
[152.523s] [ 73%] [32mBuilding CXX object CMakeFiles/duckietown_msgs__rosidl_typesupport_introspection_cpp.dir/rosidl_typesupport_introspection_cpp/duckietown_msgs/msg/detail/anti_instagram_transform_cb__type_support.cpp.o[0m
[153.132s] [ 73%] [32mBuilding CXX object CMakeFiles/duckietown_msgs__rosidl_typesupport_introspection_cpp.dir/rosidl_typesupport_introspection_cpp/duckietown_msgs/msg/detail/kinematics_weights__type_support.cpp.o[0m
[153.764s] [ 73%] [32mBuilding CXX object CMakeFiles/duckietown_msgs__rosidl_typesupport_introspection_cpp.dir/rosidl_typesupport_introspection_cpp/duckietown_msgs/msg/detail/kinematics_parameters__type_support.cpp.o[0m
[154.377s] [ 74%] [32mBuilding CXX object CMakeFiles/duckietown_msgs__rosidl_typesupport_introspection_cpp.dir/rosidl_typesupport_introspection_cpp/duckietown_msgs/msg/detail/theta_dot_sample__type_support.cpp.o[0m
[155.458s] [ 74%] [32mBuilding CXX object CMakeFiles/duckietown_msgs__rosidl_typesupport_introspection_cpp.dir/rosidl_typesupport_introspection_cpp/duckietown_msgs/msg/detail/vsample__type_support.cpp.o[0m
[156.453s] [ 74%] [32mBuilding CXX object CMakeFiles/duckietown_msgs__rosidl_typesupport_introspection_cpp.dir/rosidl_typesupport_introspection_cpp/duckietown_msgs/msg/detail/trajectory__type_support.cpp.o[0m
[157.528s] [ 74%] [32mBuilding CXX object CMakeFiles/duckietown_msgs__rosidl_typesupport_introspection_cpp.dir/rosidl_typesupport_introspection_cpp/duckietown_msgs/msg/detail/obstacle_type__type_support.cpp.o[0m
[158.972s] [ 74%] [32mBuilding CXX object CMakeFiles/duckietown_msgs__rosidl_typesupport_introspection_cpp.dir/rosidl_typesupport_introspection_cpp/duckietown_msgs/msg/detail/obstacle_image_detection__type_support.cpp.o[0m
[160.497s] [ 75%] [32mBuilding CXX object CMakeFiles/duckietown_msgs__rosidl_typesupport_introspection_cpp.dir/rosidl_typesupport_introspection_cpp/duckietown_msgs/msg/detail/obstacle_image_detection_list__type_support.cpp.o[0m
[161.684s] [ 75%] [32mBuilding CXX object CMakeFiles/duckietown_msgs__rosidl_typesupport_introspection_cpp.dir/rosidl_typesupport_introspection_cpp/duckietown_msgs/msg/detail/obstacle_projected_detection__type_support.cpp.o[0m
[163.099s] [ 75%] [32mBuilding CXX object CMakeFiles/duckietown_msgs__rosidl_typesupport_introspection_cpp.dir/rosidl_typesupport_introspection_cpp/duckietown_msgs/msg/detail/obstacle_projected_detection_list__type_support.cpp.o[0m
[164.296s] [ 75%] [32mBuilding CXX object CMakeFiles/duckietown_msgs__rosidl_typesupport_introspection_cpp.dir/rosidl_typesupport_introspection_cpp/duckietown_msgs/msg/detail/num__type_support.cpp.o[0m
[165.770s] [ 75%] [32mBuilding CXX object CMakeFiles/duckietown_msgs__rosidl_typesupport_introspection_cpp.dir/rosidl_typesupport_introspection_cpp/duckietown_msgs/srv/detail/set_fsm_state__type_support.cpp.o[0m
[166.680s] [ 76%] [32mBuilding CXX object CMakeFiles/duckietown_msgs__rosidl_typesupport_introspection_cpp.dir/rosidl_typesupport_introspection_cpp/duckietown_msgs/srv/detail/set_value__type_support.cpp.o[0m
[167.359s] [ 76%] [32mBuilding CXX object CMakeFiles/duckietown_msgs__rosidl_typesupport_introspection_cpp.dir/rosidl_typesupport_introspection_cpp/duckietown_msgs/srv/detail/set_variable__type_support.cpp.o[0m
[168.066s] [ 76%] [32mBuilding CXX object CMakeFiles/duckietown_msgs__rosidl_typesupport_introspection_cpp.dir/rosidl_typesupport_introspection_cpp/duckietown_msgs/srv/detail/get_variable__type_support.cpp.o[0m
[168.815s] [ 76%] [32m[1mLinking CXX shared library libduckietown_msgs__rosidl_typesupport_introspection_cpp.so[0m
[169.342s] [ 76%] Built target duckietown_msgs__rosidl_typesupport_introspection_cpp
[169.380s] [ 76%] [34m[1mGenerating C++ type support dispatch for ROS interfaces[0m
[173.681s] [ 76%] [32mBuilding CXX object CMakeFiles/duckietown_msgs__rosidl_typesupport_cpp.dir/rosidl_typesupport_cpp/duckietown_msgs/msg/car_control__type_support.cpp.o[0m
[174.142s] [ 77%] [32mBuilding CXX object CMakeFiles/duckietown_msgs__rosidl_typesupport_cpp.dir/rosidl_typesupport_cpp/duckietown_msgs/msg/coordination_signal__type_support.cpp.o[0m
[174.639s] [ 77%] [32mBuilding CXX object CMakeFiles/duckietown_msgs__rosidl_typesupport_cpp.dir/rosidl_typesupport_cpp/duckietown_msgs/msg/coordination_signal_ethz17__type_support.cpp.o[0m
[175.151s] [ 77%] [32mBuilding CXX object CMakeFiles/duckietown_msgs__rosidl_typesupport_cpp.dir/rosidl_typesupport_cpp/duckietown_msgs/msg/duckie_sensor__type_support.cpp.o[0m
[175.662s] [ 77%] [32mBuilding CXX object CMakeFiles/duckietown_msgs__rosidl_typesupport_cpp.dir/rosidl_typesupport_cpp/duckietown_msgs/msg/lane_pose__type_support.cpp.o[0m
[176.236s] [ 77%] [32mBuilding CXX object CMakeFiles/duckietown_msgs__rosidl_typesupport_cpp.dir/rosidl_typesupport_cpp/duckietown_msgs/msg/intersection_pose__type_support.cpp.o[0m
[176.697s] [ 78%] [32mBuilding CXX object CMakeFiles/duckietown_msgs__rosidl_typesupport_cpp.dir/rosidl_typesupport_cpp/duckietown_msgs/msg/intersection_pose_img__type_support.cpp.o[0m
[177.172s] [ 78%] [32mBuilding CXX object CMakeFiles/duckietown_msgs__rosidl_typesupport_cpp.dir/rosidl_typesupport_cpp/duckietown_msgs/msg/intersection_pose_img_debug__type_support.cpp.o[0m
[177.642s] [ 78%] [32mBuilding CXX object CMakeFiles/duckietown_msgs__rosidl_typesupport_cpp.dir/rosidl_typesupport_cpp/duckietown_msgs/msg/turn_i_dand_type__type_support.cpp.o[0m
[178.136s] [ 78%] [32mBuilding CXX object CMakeFiles/duckietown_msgs__rosidl_typesupport_cpp.dir/rosidl_typesupport_cpp/duckietown_msgs/msg/led_detection__type_support.cpp.o[0m
[178.605s] [ 78%] [32mBuilding CXX object CMakeFiles/duckietown_msgs__rosidl_typesupport_cpp.dir/rosidl_typesupport_cpp/duckietown_msgs/msg/maintenance_state__type_support.cpp.o[0m
[179.078s] [ 79%] [32mBuilding CXX object CMakeFiles/duckietown_msgs__rosidl_typesupport_cpp.dir/rosidl_typesupport_cpp/duckietown_msgs/msg/led_detection_array__type_support.cpp.o[0m
[179.523s] [ 79%] [32mBuilding CXX object CMakeFiles/duckietown_msgs__rosidl_typesupport_cpp.dir/rosidl_typesupport_cpp/duckietown_msgs/msg/led_detection_debug_info__type_support.cpp.o[0m
[179.989s] [ 79%] [32mBuilding CXX object CMakeFiles/duckietown_msgs__rosidl_typesupport_cpp.dir/rosidl_typesupport_cpp/duckietown_msgs/msg/wheels_cmd__type_support.cpp.o[0m
[180.466s] [ 79%] [32mBuilding CXX object CMakeFiles/duckietown_msgs__rosidl_typesupport_cpp.dir/rosidl_typesupport_cpp/duckietown_msgs/msg/wheels_cmd_stamped__type_support.cpp.o[0m
[180.932s] [ 79%] [32mBuilding CXX object CMakeFiles/duckietown_msgs__rosidl_typesupport_cpp.dir/rosidl_typesupport_cpp/duckietown_msgs/msg/pose2_d_stamped__type_support.cpp.o[0m
[181.406s] [ 80%] [32mBuilding CXX object CMakeFiles/duckietown_msgs__rosidl_typesupport_cpp.dir/rosidl_typesupport_cpp/duckietown_msgs/msg/signals_detection__type_support.cpp.o[0m
[181.870s] [ 80%] [32mBuilding CXX object CMakeFiles/duckietown_msgs__rosidl_typesupport_cpp.dir/rosidl_typesupport_cpp/duckietown_msgs/msg/signals_detection_ethz17__type_support.cpp.o[0m
[182.367s] [ 80%] [32mBuilding CXX object CMakeFiles/duckietown_msgs__rosidl_typesupport_cpp.dir/rosidl_typesupport_cpp/duckietown_msgs/msg/twist2_d_stamped__type_support.cpp.o[0m
[182.866s] [ 80%] [32mBuilding CXX object CMakeFiles/duckietown_msgs__rosidl_typesupport_cpp.dir/rosidl_typesupport_cpp/duckietown_msgs/msg/twist2_d_stamped_ethz17__type_support.cpp.o[0m
[183.300s] [ 80%] [32mBuilding CXX object CMakeFiles/duckietown_msgs__rosidl_typesupport_cpp.dir/rosidl_typesupport_cpp/duckietown_msgs/msg/april_tag_detection__type_support.cpp.o[0m
[183.758s] [ 81%] [32mBuilding CXX object CMakeFiles/duckietown_msgs__rosidl_typesupport_cpp.dir/rosidl_typesupport_cpp/duckietown_msgs/msg/april_tag_detection_array__type_support.cpp.o[0m
[184.226s] [ 81%] [32mBuilding CXX object CMakeFiles/duckietown_msgs__rosidl_typesupport_cpp.dir/rosidl_typesupport_cpp/duckietown_msgs/msg/april_tags_with_infos__type_support.cpp.o[0m
[184.745s] [ 81%] [32mBuilding CXX object CMakeFiles/duckietown_msgs__rosidl_typesupport_cpp.dir/rosidl_typesupport_cpp/duckietown_msgs/msg/tag_info__type_support.cpp.o[0m
[185.243s] [ 81%] [32mBuilding CXX object CMakeFiles/duckietown_msgs__rosidl_typesupport_cpp.dir/rosidl_typesupport_cpp/duckietown_msgs/msg/pixel__type_support.cpp.o[0m
[185.668s] [ 81%] [32mBuilding CXX object CMakeFiles/duckietown_msgs__rosidl_typesupport_cpp.dir/rosidl_typesupport_cpp/duckietown_msgs/msg/vector2_d__type_support.cpp.o[0m
[186.137s] [ 82%] [32mBuilding CXX object CMakeFiles/duckietown_msgs__rosidl_typesupport_cpp.dir/rosidl_typesupport_cpp/duckietown_msgs/msg/segment__type_support.cpp.o[0m
[186.649s] [ 82%] [32mBuilding CXX object CMakeFiles/duckietown_msgs__rosidl_typesupport_cpp.dir/rosidl_typesupport_cpp/duckietown_msgs/msg/segment_list__type_support.cpp.o[0m
[187.174s] [ 82%] [32mBuilding CXX object CMakeFiles/duckietown_msgs__rosidl_typesupport_cpp.dir/rosidl_typesupport_cpp/duckietown_msgs/msg/rect__type_support.cpp.o[0m
[187.681s] [ 82%] [32mBuilding CXX object CMakeFiles/duckietown_msgs__rosidl_typesupport_cpp.dir/rosidl_typesupport_cpp/duckietown_msgs/msg/rects__type_support.cpp.o[0m
[188.245s] [ 82%] [32mBuilding CXX object CMakeFiles/duckietown_msgs__rosidl_typesupport_cpp.dir/rosidl_typesupport_cpp/duckietown_msgs/msg/scene_segments__type_support.cpp.o[0m
[188.758s] [ 83%] [32mBuilding CXX object CMakeFiles/duckietown_msgs__rosidl_typesupport_cpp.dir/rosidl_typesupport_cpp/duckietown_msgs/msg/source_target_nodes__type_support.cpp.o[0m
[189.258s] [ 83%] [32mBuilding CXX object CMakeFiles/duckietown_msgs__rosidl_typesupport_cpp.dir/rosidl_typesupport_cpp/duckietown_msgs/msg/coordination_clearance__type_support.cpp.o[0m
[189.767s] [ 83%] [32mBuilding CXX object CMakeFiles/duckietown_msgs__rosidl_typesupport_cpp.dir/rosidl_typesupport_cpp/duckietown_msgs/msg/coordination_clearance_ethz17__type_support.cpp.o[0m
[191.002s] [ 83%] [32mBuilding CXX object CMakeFiles/duckietown_msgs__rosidl_typesupport_cpp.dir/rosidl_typesupport_cpp/duckietown_msgs/msg/vehicle_corners__type_support.cpp.o[0m
[192.292s] [ 83%] [32mBuilding CXX object CMakeFiles/duckietown_msgs__rosidl_typesupport_cpp.dir/rosidl_typesupport_cpp/duckietown_msgs/msg/vehicle_pose__type_support.cpp.o[0m
[193.384s] [ 84%] [32mBuilding CXX object CMakeFiles/duckietown_msgs__rosidl_typesupport_cpp.dir/rosidl_typesupport_cpp/duckietown_msgs/msg/fsm_state__type_support.cpp.o[0m
[193.885s] [ 84%] [32mBuilding CXX object CMakeFiles/duckietown_msgs__rosidl_typesupport_cpp.dir/rosidl_typesupport_cpp/duckietown_msgs/msg/bool_stamped__type_support.cpp.o[0m
[194.595s] [ 84%] [32mBuilding CXX object CMakeFiles/duckietown_msgs__rosidl_typesupport_cpp.dir/rosidl_typesupport_cpp/duckietown_msgs/msg/bool_stamped_ethz17__type_support.cpp.o[0m
[195.131s] [ 84%] [32mBuilding CXX object CMakeFiles/duckietown_msgs__rosidl_typesupport_cpp.dir/rosidl_typesupport_cpp/duckietown_msgs/msg/stop_line_reading__type_support.cpp.o[0m
[195.537s] [ 84%] [32mBuilding CXX object CMakeFiles/duckietown_msgs__rosidl_typesupport_cpp.dir/rosidl_typesupport_cpp/duckietown_msgs/msg/led_interpreter__type_support.cpp.o[0m
[196.096s] [ 85%] [32mBuilding CXX object CMakeFiles/duckietown_msgs__rosidl_typesupport_cpp.dir/rosidl_typesupport_cpp/duckietown_msgs/msg/anti_instagram_health__type_support.cpp.o[0m
[196.834s] [ 85%] [32mBuilding CXX object CMakeFiles/duckietown_msgs__rosidl_typesupport_cpp.dir/rosidl_typesupport_cpp/duckietown_msgs/msg/anti_instagram_transform__type_support.cpp.o[0m
[197.227s] [ 85%] [32mBuilding CXX object CMakeFiles/duckietown_msgs__rosidl_typesupport_cpp.dir/rosidl_typesupport_cpp/duckietown_msgs/msg/anti_instagram_transform_cb__type_support.cpp.o[0m
[197.638s] [ 85%] [32mBuilding CXX object CMakeFiles/duckietown_msgs__rosidl_typesupport_cpp.dir/rosidl_typesupport_cpp/duckietown_msgs/msg/kinematics_weights__type_support.cpp.o[0m
[198.107s] [ 85%] [32mBuilding CXX object CMakeFiles/duckietown_msgs__rosidl_typesupport_cpp.dir/rosidl_typesupport_cpp/duckietown_msgs/msg/kinematics_parameters__type_support.cpp.o[0m
[198.527s] [ 86%] [32mBuilding CXX object CMakeFiles/duckietown_msgs__rosidl_typesupport_cpp.dir/rosidl_typesupport_cpp/duckietown_msgs/msg/theta_dot_sample__type_support.cpp.o[0m
[199.202s] [ 86%] [32mBuilding CXX object CMakeFiles/duckietown_msgs__rosidl_typesupport_cpp.dir/rosidl_typesupport_cpp/duckietown_msgs/msg/vsample__type_support.cpp.o[0m
[199.805s] [ 86%] [32mBuilding CXX object CMakeFiles/duckietown_msgs__rosidl_typesupport_cpp.dir/rosidl_typesupport_cpp/duckietown_msgs/msg/trajectory__type_support.cpp.o[0m
[200.966s] [ 86%] [32mBuilding CXX object CMakeFiles/duckietown_msgs__rosidl_typesupport_cpp.dir/rosidl_typesupport_cpp/duckietown_msgs/msg/obstacle_type__type_support.cpp.o[0m
[201.873s] [ 86%] [32mBuilding CXX object CMakeFiles/duckietown_msgs__rosidl_typesupport_cpp.dir/rosidl_typesupport_cpp/duckietown_msgs/msg/obstacle_image_detection__type_support.cpp.o[0m
[202.497s] [ 87%] [32mBuilding CXX object CMakeFiles/duckietown_msgs__rosidl_typesupport_cpp.dir/rosidl_typesupport_cpp/duckietown_msgs/msg/obstacle_image_detection_list__type_support.cpp.o[0m
[203.005s] [ 87%] [32mBuilding CXX object CMakeFiles/duckietown_msgs__rosidl_typesupport_cpp.dir/rosidl_typesupport_cpp/duckietown_msgs/msg/obstacle_projected_detection__type_support.cpp.o[0m
[203.429s] [ 87%] [32mBuilding CXX object CMakeFiles/duckietown_msgs__rosidl_typesupport_cpp.dir/rosidl_typesupport_cpp/duckietown_msgs/msg/obstacle_projected_detection_list__type_support.cpp.o[0m
[204.130s] [ 87%] [32mBuilding CXX object CMakeFiles/duckietown_msgs__rosidl_typesupport_cpp.dir/rosidl_typesupport_cpp/duckietown_msgs/msg/num__type_support.cpp.o[0m
[207.141s] [ 87%] [32mBuilding CXX object CMakeFiles/duckietown_msgs__rosidl_typesupport_cpp.dir/rosidl_typesupport_cpp/duckietown_msgs/srv/set_fsm_state__type_support.cpp.o[0m
[208.246s] [ 88%] [32mBuilding CXX object CMakeFiles/duckietown_msgs__rosidl_typesupport_cpp.dir/rosidl_typesupport_cpp/duckietown_msgs/srv/set_value__type_support.cpp.o[0m
[208.789s] [ 88%] [32mBuilding CXX object CMakeFiles/duckietown_msgs__rosidl_typesupport_cpp.dir/rosidl_typesupport_cpp/duckietown_msgs/srv/set_variable__type_support.cpp.o[0m
[209.793s] [ 88%] [32mBuilding CXX object CMakeFiles/duckietown_msgs__rosidl_typesupport_cpp.dir/rosidl_typesupport_cpp/duckietown_msgs/srv/get_variable__type_support.cpp.o[0m
[210.537s] [ 88%] [32m[1mLinking CXX shared library libduckietown_msgs__rosidl_typesupport_cpp.so[0m
[210.656s] [ 88%] Built target duckietown_msgs__rosidl_typesupport_cpp
[210.713s] [ 88%] Built target duckietown_msgs
[210.774s] [ 88%] Built target ament_cmake_python_symlink_duckietown_msgs
[211.163s] running egg_info
[211.166s] creating duckietown_msgs.egg-info
[211.166s] writing duckietown_msgs.egg-info/PKG-INFO
[211.166s] writing dependency_links to duckietown_msgs.egg-info/dependency_links.txt
[211.166s] writing top-level names to duckietown_msgs.egg-info/top_level.txt
[211.173s] writing manifest file 'duckietown_msgs.egg-info/SOURCES.txt'
[211.183s] reading manifest file 'duckietown_msgs.egg-info/SOURCES.txt'
[211.183s] writing manifest file 'duckietown_msgs.egg-info/SOURCES.txt'
[211.291s] [ 88%] Built target ament_cmake_python_build_duckietown_msgs_egg
[211.349s] [ 88%] [34m[1mGenerating Python code for ROS interfaces[0m
[224.654s] [ 88%] Built target duckietown_msgs__py
[224.723s] [ 88%] [32mBuilding C object CMakeFiles/duckietown_msgs__rosidl_generator_py.dir/rosidl_generator_py/duckietown_msgs/msg/_car_control_s.c.o[0m
[224.926s] [ 89%] [32mBuilding C object CMakeFiles/duckietown_msgs__rosidl_generator_py.dir/rosidl_generator_py/duckietown_msgs/msg/_coordination_signal_s.c.o[0m
[225.166s] [ 89%] [32mBuilding C object CMakeFiles/duckietown_msgs__rosidl_generator_py.dir/rosidl_generator_py/duckietown_msgs/msg/_coordination_signal_ethz17_s.c.o[0m
[225.467s] [ 89%] [32mBuilding C object CMakeFiles/duckietown_msgs__rosidl_generator_py.dir/rosidl_generator_py/duckietown_msgs/msg/_duckie_sensor_s.c.o[0m
[225.676s] [ 89%] [32mBuilding C object CMakeFiles/duckietown_msgs__rosidl_generator_py.dir/rosidl_generator_py/duckietown_msgs/msg/_lane_pose_s.c.o[0m
[225.881s] [ 89%] [32mBuilding C object CMakeFiles/duckietown_msgs__rosidl_generator_py.dir/rosidl_generator_py/duckietown_msgs/msg/_intersection_pose_s.c.o[0m
[226.154s] [ 90%] [32mBuilding C object CMakeFiles/duckietown_msgs__rosidl_generator_py.dir/rosidl_generator_py/duckietown_msgs/msg/_intersection_pose_img_s.c.o[0m
[226.349s] [ 90%] [32mBuilding C object CMakeFiles/duckietown_msgs__rosidl_generator_py.dir/rosidl_generator_py/duckietown_msgs/msg/_intersection_pose_img_debug_s.c.o[0m
[226.597s] [ 90%] [32mBuilding C object CMakeFiles/duckietown_msgs__rosidl_generator_py.dir/rosidl_generator_py/duckietown_msgs/msg/_turn_i_dand_type_s.c.o[0m
[226.782s] [ 90%] [32mBuilding C object CMakeFiles/duckietown_msgs__rosidl_generator_py.dir/rosidl_generator_py/duckietown_msgs/msg/_led_detection_s.c.o[0m
[227.004s] [ 90%] [32mBuilding C object CMakeFiles/duckietown_msgs__rosidl_generator_py.dir/rosidl_generator_py/duckietown_msgs/msg/_maintenance_state_s.c.o[0m
[227.207s] [ 91%] [32mBuilding C object CMakeFiles/duckietown_msgs__rosidl_generator_py.dir/rosidl_generator_py/duckietown_msgs/msg/_led_detection_array_s.c.o[0m
[227.401s] [ 91%] [32mBuilding C object CMakeFiles/duckietown_msgs__rosidl_generator_py.dir/rosidl_generator_py/duckietown_msgs/msg/_led_detection_debug_info_s.c.o[0m
[227.677s] [ 91%] [32mBuilding C object CMakeFiles/duckietown_msgs__rosidl_generator_py.dir/rosidl_generator_py/duckietown_msgs/msg/_wheels_cmd_s.c.o[0m
[227.856s] [ 91%] [32mBuilding C object CMakeFiles/duckietown_msgs__rosidl_generator_py.dir/rosidl_generator_py/duckietown_msgs/msg/_wheels_cmd_stamped_s.c.o[0m
[228.033s] [ 91%] [32mBuilding C object CMakeFiles/duckietown_msgs__rosidl_generator_py.dir/rosidl_generator_py/duckietown_msgs/msg/_pose2_d_stamped_s.c.o[0m
[228.249s] [ 92%] [32mBuilding C object CMakeFiles/duckietown_msgs__rosidl_generator_py.dir/rosidl_generator_py/duckietown_msgs/msg/_signals_detection_s.c.o[0m
[228.447s] [ 92%] [32mBuilding C object CMakeFiles/duckietown_msgs__rosidl_generator_py.dir/rosidl_generator_py/duckietown_msgs/msg/_signals_detection_ethz17_s.c.o[0m
[228.624s] [ 92%] [32mBuilding C object CMakeFiles/duckietown_msgs__rosidl_generator_py.dir/rosidl_generator_py/duckietown_msgs/msg/_twist2_d_stamped_s.c.o[0m
[228.818s] [ 92%] [32mBuilding C object CMakeFiles/duckietown_msgs__rosidl_generator_py.dir/rosidl_generator_py/duckietown_msgs/msg/_twist2_d_stamped_ethz17_s.c.o[0m
[229.055s] [ 92%] [32mBuilding C object CMakeFiles/duckietown_msgs__rosidl_generator_py.dir/rosidl_generator_py/duckietown_msgs/msg/_april_tag_detection_s.c.o[0m
[229.256s] [ 93%] [32mBuilding C object CMakeFiles/duckietown_msgs__rosidl_generator_py.dir/rosidl_generator_py/duckietown_msgs/msg/_april_tag_detection_array_s.c.o[0m
[229.438s] [ 93%] [32mBuilding C object CMakeFiles/duckietown_msgs__rosidl_generator_py.dir/rosidl_generator_py/duckietown_msgs/msg/_april_tags_with_infos_s.c.o[0m
[229.614s] [ 93%] [32mBuilding C object CMakeFiles/duckietown_msgs__rosidl_generator_py.dir/rosidl_generator_py/duckietown_msgs/msg/_tag_info_s.c.o[0m
[229.807s] [ 93%] [32mBuilding C object CMakeFiles/duckietown_msgs__rosidl_generator_py.dir/rosidl_generator_py/duckietown_msgs/msg/_pixel_s.c.o[0m
[230.222s] [ 93%] [32mBuilding C object CMakeFiles/duckietown_msgs__rosidl_generator_py.dir/rosidl_generator_py/duckietown_msgs/msg/_vector2_d_s.c.o[0m
[230.594s] [ 94%] [32mBuilding C object CMakeFiles/duckietown_msgs__rosidl_generator_py.dir/rosidl_generator_py/duckietown_msgs/msg/_segment_s.c.o[0m
[230.952s] [ 94%] [32mBuilding C object CMakeFiles/duckietown_msgs__rosidl_generator_py.dir/rosidl_generator_py/duckietown_msgs/msg/_segment_list_s.c.o[0m
[231.158s] [ 94%] [32mBuilding C object CMakeFiles/duckietown_msgs__rosidl_generator_py.dir/rosidl_generator_py/duckietown_msgs/msg/_rect_s.c.o[0m
[231.340s] [ 94%] [32mBuilding C object CMakeFiles/duckietown_msgs__rosidl_generator_py.dir/rosidl_generator_py/duckietown_msgs/msg/_rects_s.c.o[0m
[231.530s] [ 94%] [32mBuilding C object CMakeFiles/duckietown_msgs__rosidl_generator_py.dir/rosidl_generator_py/duckietown_msgs/msg/_scene_segments_s.c.o[0m
[231.705s] [ 95%] [32mBuilding C object CMakeFiles/duckietown_msgs__rosidl_generator_py.dir/rosidl_generator_py/duckietown_msgs/msg/_source_target_nodes_s.c.o[0m
[231.886s] [ 95%] [32mBuilding C object CMakeFiles/duckietown_msgs__rosidl_generator_py.dir/rosidl_generator_py/duckietown_msgs/msg/_coordination_clearance_s.c.o[0m
[232.064s] [ 95%] [32mBuilding C object CMakeFiles/duckietown_msgs__rosidl_generator_py.dir/rosidl_generator_py/duckietown_msgs/msg/_coordination_clearance_ethz17_s.c.o[0m
[232.237s] [ 95%] [32mBuilding C object CMakeFiles/duckietown_msgs__rosidl_generator_py.dir/rosidl_generator_py/duckietown_msgs/msg/_vehicle_corners_s.c.o[0m
[232.432s] [ 95%] [32mBuilding C object CMakeFiles/duckietown_msgs__rosidl_generator_py.dir/rosidl_generator_py/duckietown_msgs/msg/_vehicle_pose_s.c.o[0m
[232.640s] [ 96%] [32mBuilding C object CMakeFiles/duckietown_msgs__rosidl_generator_py.dir/rosidl_generator_py/duckietown_msgs/msg/_fsm_state_s.c.o[0m
[232.840s] [ 96%] [32mBuilding C object CMakeFiles/duckietown_msgs__rosidl_generator_py.dir/rosidl_generator_py/duckietown_msgs/msg/_bool_stamped_s.c.o[0m
[233.037s] [ 96%] [32mBuilding C object CMakeFiles/duckietown_msgs__rosidl_generator_py.dir/rosidl_generator_py/duckietown_msgs/msg/_bool_stamped_ethz17_s.c.o[0m
[233.242s] [ 96%] [32mBuilding C object CMakeFiles/duckietown_msgs__rosidl_generator_py.dir/rosidl_generator_py/duckietown_msgs/msg/_stop_line_reading_s.c.o[0m
[233.425s] [ 96%] [32mBuilding C object CMakeFiles/duckietown_msgs__rosidl_generator_py.dir/rosidl_generator_py/duckietown_msgs/msg/_led_interpreter_s.c.o[0m
[233.590s] [ 97%] [32mBuilding C object CMakeFiles/duckietown_msgs__rosidl_generator_py.dir/rosidl_generator_py/duckietown_msgs/msg/_anti_instagram_health_s.c.o[0m
[233.802s] [ 97%] [32mBuilding C object CMakeFiles/duckietown_msgs__rosidl_generator_py.dir/rosidl_generator_py/duckietown_msgs/msg/_anti_instagram_transform_s.c.o[0m
[233.974s] [ 97%] [32mBuilding C object CMakeFiles/duckietown_msgs__rosidl_generator_py.dir/rosidl_generator_py/duckietown_msgs/msg/_anti_instagram_transform_cb_s.c.o[0m
[234.171s] [ 97%] [32mBuilding C object CMakeFiles/duckietown_msgs__rosidl_generator_py.dir/rosidl_generator_py/duckietown_msgs/msg/_kinematics_weights_s.c.o[0m
[234.366s] [ 97%] [32mBuilding C object CMakeFiles/duckietown_msgs__rosidl_generator_py.dir/rosidl_generator_py/duckietown_msgs/msg/_kinematics_parameters_s.c.o[0m
[234.547s] [ 98%] [32mBuilding C object CMakeFiles/duckietown_msgs__rosidl_generator_py.dir/rosidl_generator_py/duckietown_msgs/msg/_theta_dot_sample_s.c.o[0m
[234.720s] [ 98%] [32mBuilding C object CMakeFiles/duckietown_msgs__rosidl_generator_py.dir/rosidl_generator_py/duckietown_msgs/msg/_vsample_s.c.o[0m
[234.913s] [ 98%] [32mBuilding C object CMakeFiles/duckietown_msgs__rosidl_generator_py.dir/rosidl_generator_py/duckietown_msgs/msg/_trajectory_s.c.o[0m
[235.112s] [ 98%] [32mBuilding C object CMakeFiles/duckietown_msgs__rosidl_generator_py.dir/rosidl_generator_py/duckietown_msgs/msg/_obstacle_type_s.c.o[0m
[235.313s] [ 98%] [32mBuilding C object CMakeFiles/duckietown_msgs__rosidl_generator_py.dir/rosidl_generator_py/duckietown_msgs/msg/_obstacle_image_detection_s.c.o[0m
[235.508s] [ 99%] [32mBuilding C object CMakeFiles/duckietown_msgs__rosidl_generator_py.dir/rosidl_generator_py/duckietown_msgs/msg/_obstacle_image_detection_list_s.c.o[0m
[235.721s] [ 99%] [32mBuilding C object CMakeFiles/duckietown_msgs__rosidl_generator_py.dir/rosidl_generator_py/duckietown_msgs/msg/_obstacle_projected_detection_s.c.o[0m
[235.915s] [ 99%] [32mBuilding C object CMakeFiles/duckietown_msgs__rosidl_generator_py.dir/rosidl_generator_py/duckietown_msgs/msg/_obstacle_projected_detection_list_s.c.o[0m
[236.126s] [ 99%] [32mBuilding C object CMakeFiles/duckietown_msgs__rosidl_generator_py.dir/rosidl_generator_py/duckietown_msgs/msg/_num_s.c.o[0m
[236.334s] [ 99%] [32mBuilding C object CMakeFiles/duckietown_msgs__rosidl_generator_py.dir/rosidl_generator_py/duckietown_msgs/srv/_set_fsm_state_s.c.o[0m
[236.568s] [100%] [32mBuilding C object CMakeFiles/duckietown_msgs__rosidl_generator_py.dir/rosidl_generator_py/duckietown_msgs/srv/_set_value_s.c.o[0m
[236.770s] [100%] [32mBuilding C object CMakeFiles/duckietown_msgs__rosidl_generator_py.dir/rosidl_generator_py/duckietown_msgs/srv/_set_variable_s.c.o[0m
[236.959s] [100%] [32mBuilding C object CMakeFiles/duckietown_msgs__rosidl_generator_py.dir/rosidl_generator_py/duckietown_msgs/srv/_get_variable_s.c.o[0m
[237.161s] [100%] [32m[1mLinking C shared library rosidl_generator_py/duckietown_msgs/libduckietown_msgs__rosidl_generator_py.so[0m
[237.320s] [100%] Built target duckietown_msgs__rosidl_generator_py
[237.379s] [100%] [32mBuilding C object CMakeFiles/duckietown_msgs__rosidl_typesupport_fastrtps_c__pyext.dir/rosidl_generator_py/duckietown_msgs/_duckietown_msgs_s.ep.rosidl_typesupport_fastrtps_c.c.o[0m
[237.821s] [100%] [32m[1mLinking C shared library rosidl_generator_py/duckietown_msgs/duckietown_msgs_s__rosidl_typesupport_fastrtps_c.cpython-310-x86_64-linux-gnu.so[0m
[237.944s] [100%] Built target duckietown_msgs__rosidl_typesupport_fastrtps_c__pyext
[237.999s] [100%] [32mBuilding C object CMakeFiles/duckietown_msgs__rosidl_typesupport_introspection_c__pyext.dir/rosidl_generator_py/duckietown_msgs/_duckietown_msgs_s.ep.rosidl_typesupport_introspection_c.c.o[0m
[238.438s] [100%] [32m[1mLinking C shared library rosidl_generator_py/duckietown_msgs/duckietown_msgs_s__rosidl_typesupport_introspection_c.cpython-310-x86_64-linux-gnu.so[0m
[238.538s] [100%] Built target duckietown_msgs__rosidl_typesupport_introspection_c__pyext
[238.579s] [100%] [32mBuilding C object CMakeFiles/duckietown_msgs__rosidl_typesupport_c__pyext.dir/rosidl_generator_py/duckietown_msgs/_duckietown_msgs_s.ep.rosidl_typesupport_c.c.o[0m
[239.038s] [100%] [32m[1mLinking C shared library rosidl_generator_py/duckietown_msgs/duckietown_msgs_s__rosidl_typesupport_c.cpython-310-x86_64-linux-gnu.so[0m
[239.140s] [100%] Built target duckietown_msgs__rosidl_typesupport_c__pyext
[239.181s] Invoked command in '/home/vboxuser/duckietown_ws/build/duckietown_msgs' returned '0': CMAKE_PREFIX_PATH=/opt/ros/humble /usr/bin/cmake --build /home/vboxuser/duckietown_ws/build/duckietown_msgs -- -j1 -l1
[239.204s] Invoking command in '/home/vboxuser/duckietown_ws/build/duckietown_msgs': CMAKE_PREFIX_PATH=/opt/ros/humble /usr/bin/cmake --install /home/vboxuser/duckietown_ws/build/duckietown_msgs
[239.224s] -- Install configuration: ""
[239.225s] -- Execute custom install script
[239.225s] -- Symlinking: /home/vboxuser/duckietown_ws/install/duckietown_msgs/share/ament_index/resource_index/rosidl_interfaces/duckietown_msgs
[239.257s] -- Symlinking: /home/vboxuser/duckietown_ws/install/duckietown_msgs/include/duckietown_msgs/duckietown_msgs/msg/anti_instagram_health.h
[239.274s] -- Symlinking: /home/vboxuser/duckietown_ws/install/duckietown_msgs/include/duckietown_msgs/duckietown_msgs/msg/anti_instagram_transform.h
[239.308s] -- Symlinking: /home/vboxuser/duckietown_ws/install/duckietown_msgs/include/duckietown_msgs/duckietown_msgs/msg/anti_instagram_transform_cb.h
[239.328s] -- Symlinking: /home/vboxuser/duckietown_ws/install/duckietown_msgs/include/duckietown_msgs/duckietown_msgs/msg/april_tag_detection.h
[239.356s] -- Symlinking: /home/vboxuser/duckietown_ws/install/duckietown_msgs/include/duckietown_msgs/duckietown_msgs/msg/april_tag_detection_array.h
[239.374s] -- Symlinking: /home/vboxuser/duckietown_ws/install/duckietown_msgs/include/duckietown_msgs/duckietown_msgs/msg/april_tags_with_infos.h
[239.394s] -- Symlinking: /home/vboxuser/duckietown_ws/install/duckietown_msgs/include/duckietown_msgs/duckietown_msgs/msg/bool_stamped.h
[239.412s] -- Symlinking: /home/vboxuser/duckietown_ws/install/duckietown_msgs/include/duckietown_msgs/duckietown_msgs/msg/bool_stamped_ethz17.h
[239.430s] -- Symlinking: /home/vboxuser/duckietown_ws/install/duckietown_msgs/include/duckietown_msgs/duckietown_msgs/msg/car_control.h
[239.456s] -- Symlinking: /home/vboxuser/duckietown_ws/install/duckietown_msgs/include/duckietown_msgs/duckietown_msgs/msg/coordination_clearance.h
[239.474s] -- Symlinking: /home/vboxuser/duckietown_ws/install/duckietown_msgs/include/duckietown_msgs/duckietown_msgs/msg/coordination_clearance_ethz17.h
[239.491s] -- Symlinking: /home/vboxuser/duckietown_ws/install/duckietown_msgs/include/duckietown_msgs/duckietown_msgs/msg/coordination_signal.h
[239.507s] -- Symlinking: /home/vboxuser/duckietown_ws/install/duckietown_msgs/include/duckietown_msgs/duckietown_msgs/msg/coordination_signal_ethz17.h
[239.527s] -- Symlinking: /home/vboxuser/duckietown_ws/install/duckietown_msgs/include/duckietown_msgs/duckietown_msgs/msg/detail/anti_instagram_health__functions.h
[239.555s] -- Symlinking: /home/vboxuser/duckietown_ws/install/duckietown_msgs/include/duckietown_msgs/duckietown_msgs/msg/detail/anti_instagram_health__struct.h
[239.574s] -- Symlinking: /home/vboxuser/duckietown_ws/install/duckietown_msgs/include/duckietown_msgs/duckietown_msgs/msg/detail/anti_instagram_health__type_support.h
[239.590s] -- Symlinking: /home/vboxuser/duckietown_ws/install/duckietown_msgs/include/duckietown_msgs/duckietown_msgs/msg/detail/anti_instagram_transform__functions.h
[239.607s] -- Symlinking: /home/vboxuser/duckietown_ws/install/duckietown_msgs/include/duckietown_msgs/duckietown_msgs/msg/detail/anti_instagram_transform__struct.h
[239.625s] -- Symlinking: /home/vboxuser/duckietown_ws/install/duckietown_msgs/include/duckietown_msgs/duckietown_msgs/msg/detail/anti_instagram_transform__type_support.h
[239.652s] -- Symlinking: /home/vboxuser/duckietown_ws/install/duckietown_msgs/include/duckietown_msgs/duckietown_msgs/msg/detail/anti_instagram_transform_cb__functions.h
[239.671s] -- Symlinking: /home/vboxuser/duckietown_ws/install/duckietown_msgs/include/duckietown_msgs/duckietown_msgs/msg/detail/anti_instagram_transform_cb__struct.h
[239.685s] -- Symlinking: /home/vboxuser/duckietown_ws/install/duckietown_msgs/include/duckietown_msgs/duckietown_msgs/msg/detail/anti_instagram_transform_cb__type_support.h
[239.703s] -- Symlinking: /home/vboxuser/duckietown_ws/install/duckietown_msgs/include/duckietown_msgs/duckietown_msgs/msg/detail/april_tag_detection__functions.h
[239.725s] -- Symlinking: /home/vboxuser/duckietown_ws/install/duckietown_msgs/include/duckietown_msgs/duckietown_msgs/msg/detail/april_tag_detection__struct.h
[239.752s] -- Symlinking: /home/vboxuser/duckietown_ws/install/duckietown_msgs/include/duckietown_msgs/duckietown_msgs/msg/detail/april_tag_detection__type_support.h
[239.770s] -- Symlinking: /home/vboxuser/duckietown_ws/install/duckietown_msgs/include/duckietown_msgs/duckietown_msgs/msg/detail/april_tag_detection_array__functions.h
[239.785s] -- Symlinking: /home/vboxuser/duckietown_ws/install/duckietown_msgs/include/duckietown_msgs/duckietown_msgs/msg/detail/april_tag_detection_array__struct.h
[239.803s] -- Symlinking: /home/vboxuser/duckietown_ws/install/duckietown_msgs/include/duckietown_msgs/duckietown_msgs/msg/detail/april_tag_detection_array__type_support.h
[239.818s] -- Symlinking: /home/vboxuser/duckietown_ws/install/duckietown_msgs/include/duckietown_msgs/duckietown_msgs/msg/detail/april_tags_with_infos__functions.h
[239.836s] -- Symlinking: /home/vboxuser/duckietown_ws/install/duckietown_msgs/include/duckietown_msgs/duckietown_msgs/msg/detail/april_tags_with_infos__struct.h
[239.864s] -- Symlinking: /home/vboxuser/duckietown_ws/install/duckietown_msgs/include/duckietown_msgs/duckietown_msgs/msg/detail/april_tags_with_infos__type_support.h
[239.887s] -- Symlinking: /home/vboxuser/duckietown_ws/install/duckietown_msgs/include/duckietown_msgs/duckietown_msgs/msg/detail/bool_stamped__functions.h
[239.903s] -- Symlinking: /home/vboxuser/duckietown_ws/install/duckietown_msgs/include/duckietown_msgs/duckietown_msgs/msg/detail/bool_stamped__struct.h
[239.922s] -- Symlinking: /home/vboxuser/duckietown_ws/install/duckietown_msgs/include/duckietown_msgs/duckietown_msgs/msg/detail/bool_stamped__type_support.h
[239.949s] -- Symlinking: /home/vboxuser/duckietown_ws/install/duckietown_msgs/include/duckietown_msgs/duckietown_msgs/msg/detail/bool_stamped_ethz17__functions.h
[239.967s] -- Symlinking: /home/vboxuser/duckietown_ws/install/duckietown_msgs/include/duckietown_msgs/duckietown_msgs/msg/detail/bool_stamped_ethz17__struct.h
[239.984s] -- Symlinking: /home/vboxuser/duckietown_ws/install/duckietown_msgs/include/duckietown_msgs/duckietown_msgs/msg/detail/bool_stamped_ethz17__type_support.h
[240.001s] -- Symlinking: /home/vboxuser/duckietown_ws/install/duckietown_msgs/include/duckietown_msgs/duckietown_msgs/msg/detail/car_control__functions.h
[240.018s] -- Symlinking: /home/vboxuser/duckietown_ws/install/duckietown_msgs/include/duckietown_msgs/duckietown_msgs/msg/detail/car_control__struct.h
[240.033s] -- Symlinking: /home/vboxuser/duckietown_ws/install/duckietown_msgs/include/duckietown_msgs/duckietown_msgs/msg/detail/car_control__type_support.h
[240.060s] -- Symlinking: /home/vboxuser/duckietown_ws/install/duckietown_msgs/include/duckietown_msgs/duckietown_msgs/msg/detail/coordination_clearance__functions.h
[240.078s] -- Symlinking: /home/vboxuser/duckietown_ws/install/duckietown_msgs/include/duckietown_msgs/duckietown_msgs/msg/detail/coordination_clearance__struct.h
[240.099s] -- Symlinking: /home/vboxuser/duckietown_ws/install/duckietown_msgs/include/duckietown_msgs/duckietown_msgs/msg/detail/coordination_clearance__type_support.h
[240.113s] -- Symlinking: /home/vboxuser/duckietown_ws/install/duckietown_msgs/include/duckietown_msgs/duckietown_msgs/msg/detail/coordination_clearance_ethz17__functions.h
[240.131s] -- Symlinking: /home/vboxuser/duckietown_ws/install/duckietown_msgs/include/duckietown_msgs/duckietown_msgs/msg/detail/coordination_clearance_ethz17__struct.h
[240.167s] -- Symlinking: /home/vboxuser/duckietown_ws/install/duckietown_msgs/include/duckietown_msgs/duckietown_msgs/msg/detail/coordination_clearance_ethz17__type_support.h
[240.199s] -- Symlinking: /home/vboxuser/duckietown_ws/install/duckietown_msgs/include/duckietown_msgs/duckietown_msgs/msg/detail/coordination_signal__functions.h
[240.217s] -- Symlinking: /home/vboxuser/duckietown_ws/install/duckietown_msgs/include/duckietown_msgs/duckietown_msgs/msg/detail/coordination_signal__struct.h
[240.232s] -- Symlinking: /home/vboxuser/duckietown_ws/install/duckietown_msgs/include/duckietown_msgs/duckietown_msgs/msg/detail/coordination_signal__type_support.h
[240.251s] -- Symlinking: /home/vboxuser/duckietown_ws/install/duckietown_msgs/include/duckietown_msgs/duckietown_msgs/msg/detail/coordination_signal_ethz17__functions.h
[240.282s] -- Symlinking: /home/vboxuser/duckietown_ws/install/duckietown_msgs/include/duckietown_msgs/duckietown_msgs/msg/detail/coordination_signal_ethz17__struct.h
[240.300s] -- Symlinking: /home/vboxuser/duckietown_ws/install/duckietown_msgs/include/duckietown_msgs/duckietown_msgs/msg/detail/coordination_signal_ethz17__type_support.h
[240.326s] -- Symlinking: /home/vboxuser/duckietown_ws/install/duckietown_msgs/include/duckietown_msgs/duckietown_msgs/msg/detail/duckie_sensor__functions.h
[240.346s] -- Symlinking: /home/vboxuser/duckietown_ws/install/duckietown_msgs/include/duckietown_msgs/duckietown_msgs/msg/detail/duckie_sensor__struct.h
[240.377s] -- Symlinking: /home/vboxuser/duckietown_ws/install/duckietown_msgs/include/duckietown_msgs/duckietown_msgs/msg/detail/duckie_sensor__type_support.h
[240.395s] -- Symlinking: /home/vboxuser/duckietown_ws/install/duckietown_msgs/include/duckietown_msgs/duckietown_msgs/msg/detail/fsm_state__functions.h
[240.413s] -- Symlinking: /home/vboxuser/duckietown_ws/install/duckietown_msgs/include/duckietown_msgs/duckietown_msgs/msg/detail/fsm_state__struct.h
[240.430s] -- Symlinking: /home/vboxuser/duckietown_ws/install/duckietown_msgs/include/duckietown_msgs/duckietown_msgs/msg/detail/fsm_state__type_support.h
[240.446s] -- Symlinking: /home/vboxuser/duckietown_ws/install/duckietown_msgs/include/duckietown_msgs/duckietown_msgs/msg/detail/intersection_pose__functions.h
[240.487s] -- Symlinking: /home/vboxuser/duckietown_ws/install/duckietown_msgs/include/duckietown_msgs/duckietown_msgs/msg/detail/intersection_pose__struct.h
[240.504s] -- Symlinking: /home/vboxuser/duckietown_ws/install/duckietown_msgs/include/duckietown_msgs/duckietown_msgs/msg/detail/intersection_pose__type_support.h
[240.522s] -- Symlinking: /home/vboxuser/duckietown_ws/install/duckietown_msgs/include/duckietown_msgs/duckietown_msgs/msg/detail/intersection_pose_img__functions.h
[240.538s] -- Symlinking: /home/vboxuser/duckietown_ws/install/duckietown_msgs/include/duckietown_msgs/duckietown_msgs/msg/detail/intersection_pose_img__struct.h
[240.555s] -- Symlinking: /home/vboxuser/duckietown_ws/install/duckietown_msgs/include/duckietown_msgs/duckietown_msgs/msg/detail/intersection_pose_img__type_support.h
[240.580s] -- Symlinking: /home/vboxuser/duckietown_ws/install/duckietown_msgs/include/duckietown_msgs/duckietown_msgs/msg/detail/intersection_pose_img_debug__functions.h
[240.597s] -- Symlinking: /home/vboxuser/duckietown_ws/install/duckietown_msgs/include/duckietown_msgs/duckietown_msgs/msg/detail/intersection_pose_img_debug__struct.h
[240.614s] -- Symlinking: /home/vboxuser/duckietown_ws/install/duckietown_msgs/include/duckietown_msgs/duckietown_msgs/msg/detail/intersection_pose_img_debug__type_support.h
[240.632s] -- Symlinking: /home/vboxuser/duckietown_ws/install/duckietown_msgs/include/duckietown_msgs/duckietown_msgs/msg/detail/kinematics_parameters__functions.h
[240.650s] -- Symlinking: /home/vboxuser/duckietown_ws/install/duckietown_msgs/include/duckietown_msgs/duckietown_msgs/msg/detail/kinematics_parameters__struct.h
[240.676s] -- Symlinking: /home/vboxuser/duckietown_ws/install/duckietown_msgs/include/duckietown_msgs/duckietown_msgs/msg/detail/kinematics_parameters__type_support.h
[240.695s] -- Symlinking: /home/vboxuser/duckietown_ws/install/duckietown_msgs/include/duckietown_msgs/duckietown_msgs/msg/detail/kinematics_weights__functions.h
[240.714s] -- Symlinking: /home/vboxuser/duckietown_ws/install/duckietown_msgs/include/duckietown_msgs/duckietown_msgs/msg/detail/kinematics_weights__struct.h
[240.734s] -- Symlinking: /home/vboxuser/duckietown_ws/install/duckietown_msgs/include/duckietown_msgs/duckietown_msgs/msg/detail/kinematics_weights__type_support.h
[240.751s] -- Symlinking: /home/vboxuser/duckietown_ws/install/duckietown_msgs/include/duckietown_msgs/duckietown_msgs/msg/detail/lane_pose__functions.h
[240.770s] -- Symlinking: /home/vboxuser/duckietown_ws/install/duckietown_msgs/include/duckietown_msgs/duckietown_msgs/msg/detail/lane_pose__struct.h
[240.796s] -- Symlinking: /home/vboxuser/duckietown_ws/install/duckietown_msgs/include/duckietown_msgs/duckietown_msgs/msg/detail/lane_pose__type_support.h
[240.812s] -- Symlinking: /home/vboxuser/duckietown_ws/install/duckietown_msgs/include/duckietown_msgs/duckietown_msgs/msg/detail/led_detection__functions.h
[240.828s] -- Symlinking: /home/vboxuser/duckietown_ws/install/duckietown_msgs/include/duckietown_msgs/duckietown_msgs/msg/detail/led_detection__struct.h
[240.845s] -- Symlinking: /home/vboxuser/duckietown_ws/install/duckietown_msgs/include/duckietown_msgs/duckietown_msgs/msg/detail/led_detection__type_support.h
[240.862s] -- Symlinking: /home/vboxuser/duckietown_ws/install/duckietown_msgs/include/duckietown_msgs/duckietown_msgs/msg/detail/led_detection_array__functions.h
[240.893s] -- Symlinking: /home/vboxuser/duckietown_ws/install/duckietown_msgs/include/duckietown_msgs/duckietown_msgs/msg/detail/led_detection_array__struct.h
[240.912s] -- Symlinking: /home/vboxuser/duckietown_ws/install/duckietown_msgs/include/duckietown_msgs/duckietown_msgs/msg/detail/led_detection_array__type_support.h
[240.940s] -- Symlinking: /home/vboxuser/duckietown_ws/install/duckietown_msgs/include/duckietown_msgs/duckietown_msgs/msg/detail/led_detection_debug_info__functions.h
[240.957s] -- Symlinking: /home/vboxuser/duckietown_ws/install/duckietown_msgs/include/duckietown_msgs/duckietown_msgs/msg/detail/led_detection_debug_info__struct.h
[240.983s] -- Symlinking: /home/vboxuser/duckietown_ws/install/duckietown_msgs/include/duckietown_msgs/duckietown_msgs/msg/detail/led_detection_debug_info__type_support.h
[241.002s] -- Symlinking: /home/vboxuser/duckietown_ws/install/duckietown_msgs/include/duckietown_msgs/duckietown_msgs/msg/detail/led_interpreter__functions.h
[241.020s] -- Symlinking: /home/vboxuser/duckietown_ws/install/duckietown_msgs/include/duckietown_msgs/duckietown_msgs/msg/detail/led_interpreter__struct.h
[241.034s] -- Symlinking: /home/vboxuser/duckietown_ws/install/duckietown_msgs/include/duckietown_msgs/duckietown_msgs/msg/detail/led_interpreter__type_support.h
[241.052s] -- Symlinking: /home/vboxuser/duckietown_ws/install/duckietown_msgs/include/duckietown_msgs/duckietown_msgs/msg/detail/maintenance_state__functions.h
[241.069s] -- Symlinking: /home/vboxuser/duckietown_ws/install/duckietown_msgs/include/duckietown_msgs/duckietown_msgs/msg/detail/maintenance_state__struct.h
[241.096s] -- Symlinking: /home/vboxuser/duckietown_ws/install/duckietown_msgs/include/duckietown_msgs/duckietown_msgs/msg/detail/maintenance_state__type_support.h
[241.115s] -- Symlinking: /home/vboxuser/duckietown_ws/install/duckietown_msgs/include/duckietown_msgs/duckietown_msgs/msg/detail/num__functions.h
[241.131s] -- Symlinking: /home/vboxuser/duckietown_ws/install/duckietown_msgs/include/duckietown_msgs/duckietown_msgs/msg/detail/num__struct.h
[241.161s] -- Symlinking: /home/vboxuser/duckietown_ws/install/duckietown_msgs/include/duckietown_msgs/duckietown_msgs/msg/detail/num__type_support.h
[241.189s] -- Symlinking: /home/vboxuser/duckietown_ws/install/duckietown_msgs/include/duckietown_msgs/duckietown_msgs/msg/detail/obstacle_image_detection__functions.h
[241.222s] -- Symlinking: /home/vboxuser/duckietown_ws/install/duckietown_msgs/include/duckietown_msgs/duckietown_msgs/msg/detail/obstacle_image_detection__struct.h
[241.238s] -- Symlinking: /home/vboxuser/duckietown_ws/install/duckietown_msgs/include/duckietown_msgs/duckietown_msgs/msg/detail/obstacle_image_detection__type_support.h
[241.257s] -- Symlinking: /home/vboxuser/duckietown_ws/install/duckietown_msgs/include/duckietown_msgs/duckietown_msgs/msg/detail/obstacle_image_detection_list__functions.h
[241.274s] -- Symlinking: /home/vboxuser/duckietown_ws/install/duckietown_msgs/include/duckietown_msgs/duckietown_msgs/msg/detail/obstacle_image_detection_list__struct.h
[241.304s] -- Symlinking: /home/vboxuser/duckietown_ws/install/duckietown_msgs/include/duckietown_msgs/duckietown_msgs/msg/detail/obstacle_image_detection_list__type_support.h
[241.321s] -- Symlinking: /home/vboxuser/duckietown_ws/install/duckietown_msgs/include/duckietown_msgs/duckietown_msgs/msg/detail/obstacle_projected_detection__functions.h
[241.341s] -- Symlinking: /home/vboxuser/duckietown_ws/install/duckietown_msgs/include/duckietown_msgs/duckietown_msgs/msg/detail/obstacle_projected_detection__struct.h
[241.360s] -- Symlinking: /home/vboxuser/duckietown_ws/install/duckietown_msgs/include/duckietown_msgs/duckietown_msgs/msg/detail/obstacle_projected_detection__type_support.h
[241.377s] -- Symlinking: /home/vboxuser/duckietown_ws/install/duckietown_msgs/include/duckietown_msgs/duckietown_msgs/msg/detail/obstacle_projected_detection_list__functions.h
[241.406s] -- Symlinking: /home/vboxuser/duckietown_ws/install/duckietown_msgs/include/duckietown_msgs/duckietown_msgs/msg/detail/obstacle_projected_detection_list__struct.h
[241.424s] -- Symlinking: /home/vboxuser/duckietown_ws/install/duckietown_msgs/include/duckietown_msgs/duckietown_msgs/msg/detail/obstacle_projected_detection_list__type_support.h
[241.438s] -- Symlinking: /home/vboxuser/duckietown_ws/install/duckietown_msgs/include/duckietown_msgs/duckietown_msgs/msg/detail/obstacle_type__functions.h
[241.456s] -- Symlinking: /home/vboxuser/duckietown_ws/install/duckietown_msgs/include/duckietown_msgs/duckietown_msgs/msg/detail/obstacle_type__struct.h
[241.473s] -- Symlinking: /home/vboxuser/duckietown_ws/install/duckietown_msgs/include/duckietown_msgs/duckietown_msgs/msg/detail/obstacle_type__type_support.h
[241.500s] -- Symlinking: /home/vboxuser/duckietown_ws/install/duckietown_msgs/include/duckietown_msgs/duckietown_msgs/msg/detail/pixel__functions.h
[241.518s] -- Symlinking: /home/vboxuser/duckietown_ws/install/duckietown_msgs/include/duckietown_msgs/duckietown_msgs/msg/detail/pixel__struct.h
[241.545s] -- Symlinking: /home/vboxuser/duckietown_ws/install/duckietown_msgs/include/duckietown_msgs/duckietown_msgs/msg/detail/pixel__type_support.h
[241.562s] -- Symlinking: /home/vboxuser/duckietown_ws/install/duckietown_msgs/include/duckietown_msgs/duckietown_msgs/msg/detail/pose2_d_stamped__functions.h
[241.579s] -- Symlinking: /home/vboxuser/duckietown_ws/install/duckietown_msgs/include/duckietown_msgs/duckietown_msgs/msg/detail/pose2_d_stamped__struct.h
[241.607s] -- Symlinking: /home/vboxuser/duckietown_ws/install/duckietown_msgs/include/duckietown_msgs/duckietown_msgs/msg/detail/pose2_d_stamped__type_support.h
[241.625s] -- Symlinking: /home/vboxuser/duckietown_ws/install/duckietown_msgs/include/duckietown_msgs/duckietown_msgs/msg/detail/rect__functions.h
[241.640s] -- Symlinking: /home/vboxuser/duckietown_ws/install/duckietown_msgs/include/duckietown_msgs/duckietown_msgs/msg/detail/rect__struct.h
[241.658s] -- Symlinking: /home/vboxuser/duckietown_ws/install/duckietown_msgs/include/duckietown_msgs/duckietown_msgs/msg/detail/rect__type_support.h
[241.677s] -- Symlinking: /home/vboxuser/duckietown_ws/install/duckietown_msgs/include/duckietown_msgs/duckietown_msgs/msg/detail/rects__functions.h
[241.703s] -- Symlinking: /home/vboxuser/duckietown_ws/install/duckietown_msgs/include/duckietown_msgs/duckietown_msgs/msg/detail/rects__struct.h
[241.725s] -- Symlinking: /home/vboxuser/duckietown_ws/install/duckietown_msgs/include/duckietown_msgs/duckietown_msgs/msg/detail/rects__type_support.h
[241.743s] -- Symlinking: /home/vboxuser/duckietown_ws/install/duckietown_msgs/include/duckietown_msgs/duckietown_msgs/msg/detail/scene_segments__functions.h
[241.763s] -- Symlinking: /home/vboxuser/duckietown_ws/install/duckietown_msgs/include/duckietown_msgs/duckietown_msgs/msg/detail/scene_segments__struct.h
[241.781s] -- Symlinking: /home/vboxuser/duckietown_ws/install/duckietown_msgs/include/duckietown_msgs/duckietown_msgs/msg/detail/scene_segments__type_support.h
[241.807s] -- Symlinking: /home/vboxuser/duckietown_ws/install/duckietown_msgs/include/duckietown_msgs/duckietown_msgs/msg/detail/segment__functions.h
[241.826s] -- Symlinking: /home/vboxuser/duckietown_ws/install/duckietown_msgs/include/duckietown_msgs/duckietown_msgs/msg/detail/segment__struct.h
[241.841s] -- Symlinking: /home/vboxuser/duckietown_ws/install/duckietown_msgs/include/duckietown_msgs/duckietown_msgs/msg/detail/segment__type_support.h
[241.857s] -- Symlinking: /home/vboxuser/duckietown_ws/install/duckietown_msgs/include/duckietown_msgs/duckietown_msgs/msg/detail/segment_list__functions.h
[241.875s] -- Symlinking: /home/vboxuser/duckietown_ws/install/duckietown_msgs/include/duckietown_msgs/duckietown_msgs/msg/detail/segment_list__struct.h
[241.906s] -- Symlinking: /home/vboxuser/duckietown_ws/install/duckietown_msgs/include/duckietown_msgs/duckietown_msgs/msg/detail/segment_list__type_support.h
[241.928s] -- Symlinking: /home/vboxuser/duckietown_ws/install/duckietown_msgs/include/duckietown_msgs/duckietown_msgs/msg/detail/signals_detection__functions.h
[241.944s] -- Symlinking: /home/vboxuser/duckietown_ws/install/duckietown_msgs/include/duckietown_msgs/duckietown_msgs/msg/detail/signals_detection__struct.h
[241.961s] -- Symlinking: /home/vboxuser/duckietown_ws/install/duckietown_msgs/include/duckietown_msgs/duckietown_msgs/msg/detail/signals_detection__type_support.h
[241.978s] -- Symlinking: /home/vboxuser/duckietown_ws/install/duckietown_msgs/include/duckietown_msgs/duckietown_msgs/msg/detail/signals_detection_ethz17__functions.h
[242.003s] -- Symlinking: /home/vboxuser/duckietown_ws/install/duckietown_msgs/include/duckietown_msgs/duckietown_msgs/msg/detail/signals_detection_ethz17__struct.h
[242.022s] -- Symlinking: /home/vboxuser/duckietown_ws/install/duckietown_msgs/include/duckietown_msgs/duckietown_msgs/msg/detail/signals_detection_ethz17__type_support.h
[242.039s] -- Symlinking: /home/vboxuser/duckietown_ws/install/duckietown_msgs/include/duckietown_msgs/duckietown_msgs/msg/detail/source_target_nodes__functions.h
[242.056s] -- Symlinking: /home/vboxuser/duckietown_ws/install/duckietown_msgs/include/duckietown_msgs/duckietown_msgs/msg/detail/source_target_nodes__struct.h
[242.072s] -- Symlinking: /home/vboxuser/duckietown_ws/install/duckietown_msgs/include/duckietown_msgs/duckietown_msgs/msg/detail/source_target_nodes__type_support.h
[242.089s] -- Symlinking: /home/vboxuser/duckietown_ws/install/duckietown_msgs/include/duckietown_msgs/duckietown_msgs/msg/detail/stop_line_reading__functions.h
[242.119s] -- Symlinking: /home/vboxuser/duckietown_ws/install/duckietown_msgs/include/duckietown_msgs/duckietown_msgs/msg/detail/stop_line_reading__struct.h
[242.154s] -- Symlinking: /home/vboxuser/duckietown_ws/install/duckietown_msgs/include/duckietown_msgs/duckietown_msgs/msg/detail/stop_line_reading__type_support.h
[242.182s] -- Symlinking: /home/vboxuser/duckietown_ws/install/duckietown_msgs/include/duckietown_msgs/duckietown_msgs/msg/detail/tag_info__functions.h
[242.221s] -- Symlinking: /home/vboxuser/duckietown_ws/install/duckietown_msgs/include/duckietown_msgs/duckietown_msgs/msg/detail/tag_info__struct.h
[242.238s] -- Symlinking: /home/vboxuser/duckietown_ws/install/duckietown_msgs/include/duckietown_msgs/duckietown_msgs/msg/detail/tag_info__type_support.h
[242.254s] -- Symlinking: /home/vboxuser/duckietown_ws/install/duckietown_msgs/include/duckietown_msgs/duckietown_msgs/msg/detail/theta_dot_sample__functions.h
[242.270s] -- Symlinking: /home/vboxuser/duckietown_ws/install/duckietown_msgs/include/duckietown_msgs/duckietown_msgs/msg/detail/theta_dot_sample__struct.h
[242.290s] -- Symlinking: /home/vboxuser/duckietown_ws/install/duckietown_msgs/include/duckietown_msgs/duckietown_msgs/msg/detail/theta_dot_sample__type_support.h
[242.317s] -- Symlinking: /home/vboxuser/duckietown_ws/install/duckietown_msgs/include/duckietown_msgs/duckietown_msgs/msg/detail/trajectory__functions.h
[242.334s] -- Symlinking: /home/vboxuser/duckietown_ws/install/duckietown_msgs/include/duckietown_msgs/duckietown_msgs/msg/detail/trajectory__struct.h
[242.352s] -- Symlinking: /home/vboxuser/duckietown_ws/install/duckietown_msgs/include/duckietown_msgs/duckietown_msgs/msg/detail/trajectory__type_support.h
[242.370s] -- Symlinking: /home/vboxuser/duckietown_ws/install/duckietown_msgs/include/duckietown_msgs/duckietown_msgs/msg/detail/turn_i_dand_type__functions.h
[242.386s] -- Symlinking: /home/vboxuser/duckietown_ws/install/duckietown_msgs/include/duckietown_msgs/duckietown_msgs/msg/detail/turn_i_dand_type__struct.h
[242.404s] -- Symlinking: /home/vboxuser/duckietown_ws/install/duckietown_msgs/include/duckietown_msgs/duckietown_msgs/msg/detail/turn_i_dand_type__type_support.h
[242.432s] -- Symlinking: /home/vboxuser/duckietown_ws/install/duckietown_msgs/include/duckietown_msgs/duckietown_msgs/msg/detail/twist2_d_stamped__functions.h
[242.450s] -- Symlinking: /home/vboxuser/duckietown_ws/install/duckietown_msgs/include/duckietown_msgs/duckietown_msgs/msg/detail/twist2_d_stamped__struct.h
[242.466s] -- Symlinking: /home/vboxuser/duckietown_ws/install/duckietown_msgs/include/duckietown_msgs/duckietown_msgs/msg/detail/twist2_d_stamped__type_support.h
[242.482s] -- Symlinking: /home/vboxuser/duckietown_ws/install/duckietown_msgs/include/duckietown_msgs/duckietown_msgs/msg/detail/twist2_d_stamped_ethz17__functions.h
[242.500s] -- Symlinking: /home/vboxuser/duckietown_ws/install/duckietown_msgs/include/duckietown_msgs/duckietown_msgs/msg/detail/twist2_d_stamped_ethz17__struct.h
[242.524s] -- Symlinking: /home/vboxuser/duckietown_ws/install/duckietown_msgs/include/duckietown_msgs/duckietown_msgs/msg/detail/twist2_d_stamped_ethz17__type_support.h
[242.542s] -- Symlinking: /home/vboxuser/duckietown_ws/install/duckietown_msgs/include/duckietown_msgs/duckietown_msgs/msg/detail/vector2_d__functions.h
[242.558s] -- Symlinking: /home/vboxuser/duckietown_ws/install/duckietown_msgs/include/duckietown_msgs/duckietown_msgs/msg/detail/vector2_d__struct.h
[242.591s] -- Symlinking: /home/vboxuser/duckietown_ws/install/duckietown_msgs/include/duckietown_msgs/duckietown_msgs/msg/detail/vector2_d__type_support.h
[242.608s] -- Symlinking: /home/vboxuser/duckietown_ws/install/duckietown_msgs/include/duckietown_msgs/duckietown_msgs/msg/detail/vehicle_corners__functions.h
[242.633s] -- Symlinking: /home/vboxuser/duckietown_ws/install/duckietown_msgs/include/duckietown_msgs/duckietown_msgs/msg/detail/vehicle_corners__struct.h
[242.651s] -- Symlinking: /home/vboxuser/duckietown_ws/install/duckietown_msgs/include/duckietown_msgs/duckietown_msgs/msg/detail/vehicle_corners__type_support.h
[242.667s] -- Symlinking: /home/vboxuser/duckietown_ws/install/duckietown_msgs/include/duckietown_msgs/duckietown_msgs/msg/detail/vehicle_pose__functions.h
[242.684s] -- Symlinking: /home/vboxuser/duckietown_ws/install/duckietown_msgs/include/duckietown_msgs/duckietown_msgs/msg/detail/vehicle_pose__struct.h
[242.701s] -- Symlinking: /home/vboxuser/duckietown_ws/install/duckietown_msgs/include/duckietown_msgs/duckietown_msgs/msg/detail/vehicle_pose__type_support.h
[242.732s] -- Symlinking: /home/vboxuser/duckietown_ws/install/duckietown_msgs/include/duckietown_msgs/duckietown_msgs/msg/detail/vsample__functions.h
[242.757s] -- Symlinking: /home/vboxuser/duckietown_ws/install/duckietown_msgs/include/duckietown_msgs/duckietown_msgs/msg/detail/vsample__struct.h
[242.776s] -- Symlinking: /home/vboxuser/duckietown_ws/install/duckietown_msgs/include/duckietown_msgs/duckietown_msgs/msg/detail/vsample__type_support.h
[242.793s] -- Symlinking: /home/vboxuser/duckietown_ws/install/duckietown_msgs/include/duckietown_msgs/duckietown_msgs/msg/detail/wheels_cmd__functions.h
[242.812s] -- Symlinking: /home/vboxuser/duckietown_ws/install/duckietown_msgs/include/duckietown_msgs/duckietown_msgs/msg/detail/wheels_cmd__struct.h
[242.839s] -- Symlinking: /home/vboxuser/duckietown_ws/install/duckietown_msgs/include/duckietown_msgs/duckietown_msgs/msg/detail/wheels_cmd__type_support.h
[242.856s] -- Symlinking: /home/vboxuser/duckietown_ws/install/duckietown_msgs/include/duckietown_msgs/duckietown_msgs/msg/detail/wheels_cmd_stamped__functions.h
[242.875s] -- Symlinking: /home/vboxuser/duckietown_ws/install/duckietown_msgs/include/duckietown_msgs/duckietown_msgs/msg/detail/wheels_cmd_stamped__struct.h
[242.894s] -- Symlinking: /home/vboxuser/duckietown_ws/install/duckietown_msgs/include/duckietown_msgs/duckietown_msgs/msg/detail/wheels_cmd_stamped__type_support.h
[242.912s] -- Symlinking: /home/vboxuser/duckietown_ws/install/duckietown_msgs/include/duckietown_msgs/duckietown_msgs/msg/duckie_sensor.h
[242.947s] -- Symlinking: /home/vboxuser/duckietown_ws/install/duckietown_msgs/include/duckietown_msgs/duckietown_msgs/msg/fsm_state.h
[242.965s] -- Symlinking: /home/vboxuser/duckietown_ws/install/duckietown_msgs/include/duckietown_msgs/duckietown_msgs/msg/intersection_pose.h
[242.981s] -- Symlinking: /home/vboxuser/duckietown_ws/install/duckietown_msgs/include/duckietown_msgs/duckietown_msgs/msg/intersection_pose_img.h
[243.000s] -- Symlinking: /home/vboxuser/duckietown_ws/install/duckietown_msgs/include/duckietown_msgs/duckietown_msgs/msg/intersection_pose_img_debug.h
[243.020s] -- Symlinking: /home/vboxuser/duckietown_ws/install/duckietown_msgs/include/duckietown_msgs/duckietown_msgs/msg/kinematics_parameters.h
[243.045s] -- Symlinking: /home/vboxuser/duckietown_ws/install/duckietown_msgs/include/duckietown_msgs/duckietown_msgs/msg/kinematics_weights.h
[243.064s] -- Symlinking: /home/vboxuser/duckietown_ws/install/duckietown_msgs/include/duckietown_msgs/duckietown_msgs/msg/lane_pose.h
[243.080s] -- Symlinking: /home/vboxuser/duckietown_ws/install/duckietown_msgs/include/duckietown_msgs/duckietown_msgs/msg/led_detection.h
[243.097s] -- Symlinking: /home/vboxuser/duckietown_ws/install/duckietown_msgs/include/duckietown_msgs/duckietown_msgs/msg/led_detection_array.h
[243.114s] -- Symlinking: /home/vboxuser/duckietown_ws/install/duckietown_msgs/include/duckietown_msgs/duckietown_msgs/msg/led_detection_debug_info.h
[243.140s] -- Symlinking: /home/vboxuser/duckietown_ws/install/duckietown_msgs/include/duckietown_msgs/duckietown_msgs/msg/led_interpreter.h
[243.166s] -- Symlinking: /home/vboxuser/duckietown_ws/install/duckietown_msgs/include/duckietown_msgs/duckietown_msgs/msg/maintenance_state.h
[243.199s] -- Symlinking: /home/vboxuser/duckietown_ws/install/duckietown_msgs/include/duckietown_msgs/duckietown_msgs/msg/num.h
[243.218s] -- Symlinking: /home/vboxuser/duckietown_ws/install/duckietown_msgs/include/duckietown_msgs/duckietown_msgs/msg/obstacle_image_detection.h
[243.244s] -- Symlinking: /home/vboxuser/duckietown_ws/install/duckietown_msgs/include/duckietown_msgs/duckietown_msgs/msg/obstacle_image_detection_list.h
[243.262s] -- Symlinking: /home/vboxuser/duckietown_ws/install/duckietown_msgs/include/duckietown_msgs/duckietown_msgs/msg/obstacle_projected_detection.h
[243.278s] -- Symlinking: /home/vboxuser/duckietown_ws/install/duckietown_msgs/include/duckietown_msgs/duckietown_msgs/msg/obstacle_projected_detection_list.h
[243.296s] -- Symlinking: /home/vboxuser/duckietown_ws/install/duckietown_msgs/include/duckietown_msgs/duckietown_msgs/msg/obstacle_type.h
[243.316s] -- Symlinking: /home/vboxuser/duckietown_ws/install/duckietown_msgs/include/duckietown_msgs/duckietown_msgs/msg/pixel.h
[243.338s] -- Symlinking: /home/vboxuser/duckietown_ws/install/duckietown_msgs/include/duckietown_msgs/duckietown_msgs/msg/pose2_d_stamped.h
[243.357s] -- Symlinking: /home/vboxuser/duckietown_ws/install/duckietown_msgs/include/duckietown_msgs/duckietown_msgs/msg/rect.h
[243.374s] -- Symlinking: /home/vboxuser/duckietown_ws/install/duckietown_msgs/include/duckietown_msgs/duckietown_msgs/msg/rects.h
[243.394s] -- Symlinking: /home/vboxuser/duckietown_ws/install/duckietown_msgs/include/duckietown_msgs/duckietown_msgs/msg/rosidl_generator_c__visibility_control.h
[243.415s] -- Symlinking: /home/vboxuser/duckietown_ws/install/duckietown_msgs/include/duckietown_msgs/duckietown_msgs/msg/scene_segments.h
[243.441s] -- Symlinking: /home/vboxuser/duckietown_ws/install/duckietown_msgs/include/duckietown_msgs/duckietown_msgs/msg/segment.h
[243.459s] -- Symlinking: /home/vboxuser/duckietown_ws/install/duckietown_msgs/include/duckietown_msgs/duckietown_msgs/msg/segment_list.h
[243.477s] -- Symlinking: /home/vboxuser/duckietown_ws/install/duckietown_msgs/include/duckietown_msgs/duckietown_msgs/msg/signals_detection.h
[243.492s] -- Symlinking: /home/vboxuser/duckietown_ws/install/duckietown_msgs/include/duckietown_msgs/duckietown_msgs/msg/signals_detection_ethz17.h
[243.509s] -- Symlinking: /home/vboxuser/duckietown_ws/install/duckietown_msgs/include/duckietown_msgs/duckietown_msgs/msg/source_target_nodes.h
[243.536s] -- Symlinking: /home/vboxuser/duckietown_ws/install/duckietown_msgs/include/duckietown_msgs/duckietown_msgs/msg/stop_line_reading.h
[243.555s] -- Symlinking: /home/vboxuser/duckietown_ws/install/duckietown_msgs/include/duckietown_msgs/duckietown_msgs/msg/tag_info.h
[243.571s] -- Symlinking: /home/vboxuser/duckietown_ws/install/duckietown_msgs/include/duckietown_msgs/duckietown_msgs/msg/theta_dot_sample.h
[243.587s] -- Symlinking: /home/vboxuser/duckietown_ws/install/duckietown_msgs/include/duckietown_msgs/duckietown_msgs/msg/trajectory.h
[243.603s] -- Symlinking: /home/vboxuser/duckietown_ws/install/duckietown_msgs/include/duckietown_msgs/duckietown_msgs/msg/turn_i_dand_type.h
[243.623s] -- Symlinking: /home/vboxuser/duckietown_ws/install/duckietown_msgs/include/duckietown_msgs/duckietown_msgs/msg/twist2_d_stamped.h
[243.650s] -- Symlinking: /home/vboxuser/duckietown_ws/install/duckietown_msgs/include/duckietown_msgs/duckietown_msgs/msg/twist2_d_stamped_ethz17.h
[243.668s] -- Symlinking: /home/vboxuser/duckietown_ws/install/duckietown_msgs/include/duckietown_msgs/duckietown_msgs/msg/vector2_d.h
[243.684s] -- Symlinking: /home/vboxuser/duckietown_ws/install/duckietown_msgs/include/duckietown_msgs/duckietown_msgs/msg/vehicle_corners.h
[243.701s] -- Symlinking: /home/vboxuser/duckietown_ws/install/duckietown_msgs/include/duckietown_msgs/duckietown_msgs/msg/vehicle_pose.h
[243.723s] -- Symlinking: /home/vboxuser/duckietown_ws/install/duckietown_msgs/include/duckietown_msgs/duckietown_msgs/msg/vsample.h
[243.750s] -- Symlinking: /home/vboxuser/duckietown_ws/install/duckietown_msgs/include/duckietown_msgs/duckietown_msgs/msg/wheels_cmd.h
[243.769s] -- Symlinking: /home/vboxuser/duckietown_ws/install/duckietown_msgs/include/duckietown_msgs/duckietown_msgs/msg/wheels_cmd_stamped.h
[243.787s] -- Symlinking: /home/vboxuser/duckietown_ws/install/duckietown_msgs/include/duckietown_msgs/duckietown_msgs/srv/detail/get_variable__functions.h
[243.804s] -- Symlinking: /home/vboxuser/duckietown_ws/install/duckietown_msgs/include/duckietown_msgs/duckietown_msgs/srv/detail/get_variable__struct.h
[243.820s] -- Symlinking: /home/vboxuser/duckietown_ws/install/duckietown_msgs/include/duckietown_msgs/duckietown_msgs/srv/detail/get_variable__type_support.h
[243.846s] -- Symlinking: /home/vboxuser/duckietown_ws/install/duckietown_msgs/include/duckietown_msgs/duckietown_msgs/srv/detail/set_fsm_state__functions.h
[243.862s] -- Symlinking: /home/vboxuser/duckietown_ws/install/duckietown_msgs/include/duckietown_msgs/duckietown_msgs/srv/detail/set_fsm_state__struct.h
[243.881s] -- Symlinking: /home/vboxuser/duckietown_ws/install/duckietown_msgs/include/duckietown_msgs/duckietown_msgs/srv/detail/set_fsm_state__type_support.h
[243.896s] -- Symlinking: /home/vboxuser/duckietown_ws/install/duckietown_msgs/include/duckietown_msgs/duckietown_msgs/srv/detail/set_value__functions.h
[243.912s] -- Symlinking: /home/vboxuser/duckietown_ws/install/duckietown_msgs/include/duckietown_msgs/duckietown_msgs/srv/detail/set_value__struct.h
[243.932s] -- Symlinking: /home/vboxuser/duckietown_ws/install/duckietown_msgs/include/duckietown_msgs/duckietown_msgs/srv/detail/set_value__type_support.h
[243.962s] -- Symlinking: /home/vboxuser/duckietown_ws/install/duckietown_msgs/include/duckietown_msgs/duckietown_msgs/srv/detail/set_variable__functions.h
[243.979s] -- Symlinking: /home/vboxuser/duckietown_ws/install/duckietown_msgs/include/duckietown_msgs/duckietown_msgs/srv/detail/set_variable__struct.h
[243.995s] -- Symlinking: /home/vboxuser/duckietown_ws/install/duckietown_msgs/include/duckietown_msgs/duckietown_msgs/srv/detail/set_variable__type_support.h
[244.012s] -- Symlinking: /home/vboxuser/duckietown_ws/install/duckietown_msgs/include/duckietown_msgs/duckietown_msgs/srv/get_variable.h
[244.031s] -- Symlinking: /home/vboxuser/duckietown_ws/install/duckietown_msgs/include/duckietown_msgs/duckietown_msgs/srv/set_fsm_state.h
[244.049s] -- Symlinking: /home/vboxuser/duckietown_ws/install/duckietown_msgs/include/duckietown_msgs/duckietown_msgs/srv/set_value.h
[244.073s] -- Symlinking: /home/vboxuser/duckietown_ws/install/duckietown_msgs/include/duckietown_msgs/duckietown_msgs/srv/set_variable.h
[244.093s] -- Symlinking: /home/vboxuser/duckietown_ws/install/duckietown_msgs/share/duckietown_msgs/environment/library_path.sh
[244.108s] -- Symlinking: /home/vboxuser/duckietown_ws/install/duckietown_msgs/share/duckietown_msgs/environment/library_path.dsv
[244.129s] -- Symlinking: /home/vboxuser/duckietown_ws/install/duckietown_msgs/include/duckietown_msgs/duckietown_msgs/msg/detail/anti_instagram_health__rosidl_typesupport_fastrtps_c.h
[244.159s] -- Symlinking: /home/vboxuser/duckietown_ws/install/duckietown_msgs/include/duckietown_msgs/duckietown_msgs/msg/detail/anti_instagram_transform__rosidl_typesupport_fastrtps_c.h
[244.192s] -- Symlinking: /home/vboxuser/duckietown_ws/install/duckietown_msgs/include/duckietown_msgs/duckietown_msgs/msg/detail/anti_instagram_transform_cb__rosidl_typesupport_fastrtps_c.h
[244.211s] -- Symlinking: /home/vboxuser/duckietown_ws/install/duckietown_msgs/include/duckietown_msgs/duckietown_msgs/msg/detail/april_tag_detection__rosidl_typesupport_fastrtps_c.h
[244.228s] -- Symlinking: /home/vboxuser/duckietown_ws/install/duckietown_msgs/include/duckietown_msgs/duckietown_msgs/msg/detail/april_tag_detection_array__rosidl_typesupport_fastrtps_c.h
[244.253s] -- Symlinking: /home/vboxuser/duckietown_ws/install/duckietown_msgs/include/duckietown_msgs/duckietown_msgs/msg/detail/april_tags_with_infos__rosidl_typesupport_fastrtps_c.h
[244.273s] -- Symlinking: /home/vboxuser/duckietown_ws/install/duckietown_msgs/include/duckietown_msgs/duckietown_msgs/msg/detail/bool_stamped__rosidl_typesupport_fastrtps_c.h
[244.293s] -- Symlinking: /home/vboxuser/duckietown_ws/install/duckietown_msgs/include/duckietown_msgs/duckietown_msgs/msg/detail/bool_stamped_ethz17__rosidl_typesupport_fastrtps_c.h
[244.312s] -- Symlinking: /home/vboxuser/duckietown_ws/install/duckietown_msgs/include/duckietown_msgs/duckietown_msgs/msg/detail/car_control__rosidl_typesupport_fastrtps_c.h
[244.329s] -- Symlinking: /home/vboxuser/duckietown_ws/install/duckietown_msgs/include/duckietown_msgs/duckietown_msgs/msg/detail/coordination_clearance__rosidl_typesupport_fastrtps_c.h
[244.357s] -- Symlinking: /home/vboxuser/duckietown_ws/install/duckietown_msgs/include/duckietown_msgs/duckietown_msgs/msg/detail/coordination_clearance_ethz17__rosidl_typesupport_fastrtps_c.h
[244.376s] -- Symlinking: /home/vboxuser/duckietown_ws/install/duckietown_msgs/include/duckietown_msgs/duckietown_msgs/msg/detail/coordination_signal__rosidl_typesupport_fastrtps_c.h
[244.394s] -- Symlinking: /home/vboxuser/duckietown_ws/install/duckietown_msgs/include/duckietown_msgs/duckietown_msgs/msg/detail/coordination_signal_ethz17__rosidl_typesupport_fastrtps_c.h
[244.412s] -- Symlinking: /home/vboxuser/duckietown_ws/install/duckietown_msgs/include/duckietown_msgs/duckietown_msgs/msg/detail/duckie_sensor__rosidl_typesupport_fastrtps_c.h
[244.430s] -- Symlinking: /home/vboxuser/duckietown_ws/install/duckietown_msgs/include/duckietown_msgs/duckietown_msgs/msg/detail/fsm_state__rosidl_typesupport_fastrtps_c.h
[244.457s] -- Symlinking: /home/vboxuser/duckietown_ws/install/duckietown_msgs/include/duckietown_msgs/duckietown_msgs/msg/detail/intersection_pose__rosidl_typesupport_fastrtps_c.h
[244.473s] -- Symlinking: /home/vboxuser/duckietown_ws/install/duckietown_msgs/include/duckietown_msgs/duckietown_msgs/msg/detail/intersection_pose_img__rosidl_typesupport_fastrtps_c.h
[244.489s] -- Symlinking: /home/vboxuser/duckietown_ws/install/duckietown_msgs/include/duckietown_msgs/duckietown_msgs/msg/detail/intersection_pose_img_debug__rosidl_typesupport_fastrtps_c.h
[244.505s] -- Symlinking: /home/vboxuser/duckietown_ws/install/duckietown_msgs/include/duckietown_msgs/duckietown_msgs/msg/detail/kinematics_parameters__rosidl_typesupport_fastrtps_c.h
[244.522s] -- Symlinking: /home/vboxuser/duckietown_ws/install/duckietown_msgs/include/duckietown_msgs/duckietown_msgs/msg/detail/kinematics_weights__rosidl_typesupport_fastrtps_c.h
[244.548s] -- Symlinking: /home/vboxuser/duckietown_ws/install/duckietown_msgs/include/duckietown_msgs/duckietown_msgs/msg/detail/lane_pose__rosidl_typesupport_fastrtps_c.h
[244.567s] -- Symlinking: /home/vboxuser/duckietown_ws/install/duckietown_msgs/include/duckietown_msgs/duckietown_msgs/msg/detail/led_detection__rosidl_typesupport_fastrtps_c.h
[244.584s] -- Symlinking: /home/vboxuser/duckietown_ws/install/duckietown_msgs/include/duckietown_msgs/duckietown_msgs/msg/detail/led_detection_array__rosidl_typesupport_fastrtps_c.h
[244.600s] -- Symlinking: /home/vboxuser/duckietown_ws/install/duckietown_msgs/include/duckietown_msgs/duckietown_msgs/msg/detail/led_detection_debug_info__rosidl_typesupport_fastrtps_c.h
[244.617s] -- Symlinking: /home/vboxuser/duckietown_ws/install/duckietown_msgs/include/duckietown_msgs/duckietown_msgs/msg/detail/led_interpreter__rosidl_typesupport_fastrtps_c.h
[244.634s] -- Symlinking: /home/vboxuser/duckietown_ws/install/duckietown_msgs/include/duckietown_msgs/duckietown_msgs/msg/detail/maintenance_state__rosidl_typesupport_fastrtps_c.h
[244.659s] -- Symlinking: /home/vboxuser/duckietown_ws/install/duckietown_msgs/include/duckietown_msgs/duckietown_msgs/msg/detail/num__rosidl_typesupport_fastrtps_c.h
[244.676s] -- Symlinking: /home/vboxuser/duckietown_ws/install/duckietown_msgs/include/duckietown_msgs/duckietown_msgs/msg/detail/obstacle_image_detection__rosidl_typesupport_fastrtps_c.h
[244.695s] -- Symlinking: /home/vboxuser/duckietown_ws/install/duckietown_msgs/include/duckietown_msgs/duckietown_msgs/msg/detail/obstacle_image_detection_list__rosidl_typesupport_fastrtps_c.h
[244.711s] -- Symlinking: /home/vboxuser/duckietown_ws/install/duckietown_msgs/include/duckietown_msgs/duckietown_msgs/msg/detail/obstacle_projected_detection__rosidl_typesupport_fastrtps_c.h
[244.735s] -- Symlinking: /home/vboxuser/duckietown_ws/install/duckietown_msgs/include/duckietown_msgs/duckietown_msgs/msg/detail/obstacle_projected_detection_list__rosidl_typesupport_fastrtps_c.h
[244.765s] -- Symlinking: /home/vboxuser/duckietown_ws/install/duckietown_msgs/include/duckietown_msgs/duckietown_msgs/msg/detail/obstacle_type__rosidl_typesupport_fastrtps_c.h
[244.780s] -- Symlinking: /home/vboxuser/duckietown_ws/install/duckietown_msgs/include/duckietown_msgs/duckietown_msgs/msg/detail/pixel__rosidl_typesupport_fastrtps_c.h
[244.798s] -- Symlinking: /home/vboxuser/duckietown_ws/install/duckietown_msgs/include/duckietown_msgs/duckietown_msgs/msg/detail/pose2_d_stamped__rosidl_typesupport_fastrtps_c.h
[244.814s] -- Symlinking: /home/vboxuser/duckietown_ws/install/duckietown_msgs/include/duckietown_msgs/duckietown_msgs/msg/detail/rect__rosidl_typesupport_fastrtps_c.h
[244.830s] -- Symlinking: /home/vboxuser/duckietown_ws/install/duckietown_msgs/include/duckietown_msgs/duckietown_msgs/msg/detail/rects__rosidl_typesupport_fastrtps_c.h
[244.847s] -- Symlinking: /home/vboxuser/duckietown_ws/install/duckietown_msgs/include/duckietown_msgs/duckietown_msgs/msg/detail/scene_segments__rosidl_typesupport_fastrtps_c.h
[244.872s] -- Symlinking: /home/vboxuser/duckietown_ws/install/duckietown_msgs/include/duckietown_msgs/duckietown_msgs/msg/detail/segment__rosidl_typesupport_fastrtps_c.h
[244.892s] -- Symlinking: /home/vboxuser/duckietown_ws/install/duckietown_msgs/include/duckietown_msgs/duckietown_msgs/msg/detail/segment_list__rosidl_typesupport_fastrtps_c.h
[244.907s] -- Symlinking: /home/vboxuser/duckietown_ws/install/duckietown_msgs/include/duckietown_msgs/duckietown_msgs/msg/detail/signals_detection__rosidl_typesupport_fastrtps_c.h
[244.924s] -- Symlinking: /home/vboxuser/duckietown_ws/install/duckietown_msgs/include/duckietown_msgs/duckietown_msgs/msg/detail/signals_detection_ethz17__rosidl_typesupport_fastrtps_c.h
[244.943s] -- Symlinking: /home/vboxuser/duckietown_ws/install/duckietown_msgs/include/duckietown_msgs/duckietown_msgs/msg/detail/source_target_nodes__rosidl_typesupport_fastrtps_c.h
[244.976s] -- Symlinking: /home/vboxuser/duckietown_ws/install/duckietown_msgs/include/duckietown_msgs/duckietown_msgs/msg/detail/stop_line_reading__rosidl_typesupport_fastrtps_c.h
[244.997s] -- Symlinking: /home/vboxuser/duckietown_ws/install/duckietown_msgs/include/duckietown_msgs/duckietown_msgs/msg/detail/tag_info__rosidl_typesupport_fastrtps_c.h
[245.012s] -- Symlinking: /home/vboxuser/duckietown_ws/install/duckietown_msgs/include/duckietown_msgs/duckietown_msgs/msg/detail/theta_dot_sample__rosidl_typesupport_fastrtps_c.h
[245.030s] -- Symlinking: /home/vboxuser/duckietown_ws/install/duckietown_msgs/include/duckietown_msgs/duckietown_msgs/msg/detail/trajectory__rosidl_typesupport_fastrtps_c.h
[245.048s] -- Symlinking: /home/vboxuser/duckietown_ws/install/duckietown_msgs/include/duckietown_msgs/duckietown_msgs/msg/detail/turn_i_dand_type__rosidl_typesupport_fastrtps_c.h
[245.073s] -- Symlinking: /home/vboxuser/duckietown_ws/install/duckietown_msgs/include/duckietown_msgs/duckietown_msgs/msg/detail/twist2_d_stamped__rosidl_typesupport_fastrtps_c.h
[245.090s] -- Symlinking: /home/vboxuser/duckietown_ws/install/duckietown_msgs/include/duckietown_msgs/duckietown_msgs/msg/detail/twist2_d_stamped_ethz17__rosidl_typesupport_fastrtps_c.h
[245.125s] -- Symlinking: /home/vboxuser/duckietown_ws/install/duckietown_msgs/include/duckietown_msgs/duckietown_msgs/msg/detail/vector2_d__rosidl_typesupport_fastrtps_c.h
[245.161s] -- Symlinking: /home/vboxuser/duckietown_ws/install/duckietown_msgs/include/duckietown_msgs/duckietown_msgs/msg/detail/vehicle_corners__rosidl_typesupport_fastrtps_c.h
[245.195s] -- Symlinking: /home/vboxuser/duckietown_ws/install/duckietown_msgs/include/duckietown_msgs/duckietown_msgs/msg/detail/vehicle_pose__rosidl_typesupport_fastrtps_c.h
[245.224s] -- Symlinking: /home/vboxuser/duckietown_ws/install/duckietown_msgs/include/duckietown_msgs/duckietown_msgs/msg/detail/vsample__rosidl_typesupport_fastrtps_c.h
[245.242s] -- Symlinking: /home/vboxuser/duckietown_ws/install/duckietown_msgs/include/duckietown_msgs/duckietown_msgs/msg/detail/wheels_cmd__rosidl_typesupport_fastrtps_c.h
[245.260s] -- Symlinking: /home/vboxuser/duckietown_ws/install/duckietown_msgs/include/duckietown_msgs/duckietown_msgs/msg/detail/wheels_cmd_stamped__rosidl_typesupport_fastrtps_c.h
[245.284s] -- Symlinking: /home/vboxuser/duckietown_ws/install/duckietown_msgs/include/duckietown_msgs/duckietown_msgs/msg/rosidl_typesupport_fastrtps_c__visibility_control.h
[245.304s] -- Symlinking: /home/vboxuser/duckietown_ws/install/duckietown_msgs/include/duckietown_msgs/duckietown_msgs/srv/detail/get_variable__rosidl_typesupport_fastrtps_c.h
[245.322s] -- Symlinking: /home/vboxuser/duckietown_ws/install/duckietown_msgs/include/duckietown_msgs/duckietown_msgs/srv/detail/set_fsm_state__rosidl_typesupport_fastrtps_c.h
[245.341s] -- Symlinking: /home/vboxuser/duckietown_ws/install/duckietown_msgs/include/duckietown_msgs/duckietown_msgs/srv/detail/set_value__rosidl_typesupport_fastrtps_c.h
[245.357s] -- Symlinking: /home/vboxuser/duckietown_ws/install/duckietown_msgs/include/duckietown_msgs/duckietown_msgs/srv/detail/set_variable__rosidl_typesupport_fastrtps_c.h
[245.384s] -- Symlinking: /home/vboxuser/duckietown_ws/install/duckietown_msgs/include/duckietown_msgs/duckietown_msgs/msg/detail/anti_instagram_health__rosidl_typesupport_introspection_c.h
[245.405s] -- Symlinking: /home/vboxuser/duckietown_ws/install/duckietown_msgs/include/duckietown_msgs/duckietown_msgs/msg/detail/anti_instagram_transform__rosidl_typesupport_introspection_c.h
[245.421s] -- Symlinking: /home/vboxuser/duckietown_ws/install/duckietown_msgs/include/duckietown_msgs/duckietown_msgs/msg/detail/anti_instagram_transform_cb__rosidl_typesupport_introspection_c.h
[245.440s] -- Symlinking: /home/vboxuser/duckietown_ws/install/duckietown_msgs/include/duckietown_msgs/duckietown_msgs/msg/detail/april_tag_detection__rosidl_typesupport_introspection_c.h
[245.458s] -- Symlinking: /home/vboxuser/duckietown_ws/install/duckietown_msgs/include/duckietown_msgs/duckietown_msgs/msg/detail/april_tag_detection_array__rosidl_typesupport_introspection_c.h
[245.483s] -- Symlinking: /home/vboxuser/duckietown_ws/install/duckietown_msgs/include/duckietown_msgs/duckietown_msgs/msg/detail/april_tags_with_infos__rosidl_typesupport_introspection_c.h
[245.505s] -- Symlinking: /home/vboxuser/duckietown_ws/install/duckietown_msgs/include/duckietown_msgs/duckietown_msgs/msg/detail/bool_stamped__rosidl_typesupport_introspection_c.h
[245.524s] -- Symlinking: /home/vboxuser/duckietown_ws/install/duckietown_msgs/include/duckietown_msgs/duckietown_msgs/msg/detail/bool_stamped_ethz17__rosidl_typesupport_introspection_c.h
[245.542s] -- Symlinking: /home/vboxuser/duckietown_ws/install/duckietown_msgs/include/duckietown_msgs/duckietown_msgs/msg/detail/car_control__rosidl_typesupport_introspection_c.h
[245.562s] -- Symlinking: /home/vboxuser/duckietown_ws/install/duckietown_msgs/include/duckietown_msgs/duckietown_msgs/msg/detail/coordination_clearance__rosidl_typesupport_introspection_c.h
[245.587s] -- Symlinking: /home/vboxuser/duckietown_ws/install/duckietown_msgs/include/duckietown_msgs/duckietown_msgs/msg/detail/coordination_clearance_ethz17__rosidl_typesupport_introspection_c.h
[245.606s] -- Symlinking: /home/vboxuser/duckietown_ws/install/duckietown_msgs/include/duckietown_msgs/duckietown_msgs/msg/detail/coordination_signal__rosidl_typesupport_introspection_c.h
[245.625s] -- Symlinking: /home/vboxuser/duckietown_ws/install/duckietown_msgs/include/duckietown_msgs/duckietown_msgs/msg/detail/coordination_signal_ethz17__rosidl_typesupport_introspection_c.h
[245.643s] -- Symlinking: /home/vboxuser/duckietown_ws/install/duckietown_msgs/include/duckietown_msgs/duckietown_msgs/msg/detail/duckie_sensor__rosidl_typesupport_introspection_c.h
[245.659s] -- Symlinking: /home/vboxuser/duckietown_ws/install/duckietown_msgs/include/duckietown_msgs/duckietown_msgs/msg/detail/fsm_state__rosidl_typesupport_introspection_c.h
[245.685s] -- Symlinking: /home/vboxuser/duckietown_ws/install/duckietown_msgs/include/duckietown_msgs/duckietown_msgs/msg/detail/intersection_pose__rosidl_typesupport_introspection_c.h
[245.709s] -- Symlinking: /home/vboxuser/duckietown_ws/install/duckietown_msgs/include/duckietown_msgs/duckietown_msgs/msg/detail/intersection_pose_img__rosidl_typesupport_introspection_c.h
[245.729s] -- Symlinking: /home/vboxuser/duckietown_ws/install/duckietown_msgs/include/duckietown_msgs/duckietown_msgs/msg/detail/intersection_pose_img_debug__rosidl_typesupport_introspection_c.h
[245.758s] -- Symlinking: /home/vboxuser/duckietown_ws/install/duckietown_msgs/include/duckietown_msgs/duckietown_msgs/msg/detail/kinematics_parameters__rosidl_typesupport_introspection_c.h
[245.782s] -- Symlinking: /home/vboxuser/duckietown_ws/install/duckietown_msgs/include/duckietown_msgs/duckietown_msgs/msg/detail/kinematics_weights__rosidl_typesupport_introspection_c.h
[245.801s] -- Symlinking: /home/vboxuser/duckietown_ws/install/duckietown_msgs/include/duckietown_msgs/duckietown_msgs/msg/detail/lane_pose__rosidl_typesupport_introspection_c.h
[245.818s] -- Symlinking: /home/vboxuser/duckietown_ws/install/duckietown_msgs/include/duckietown_msgs/duckietown_msgs/msg/detail/led_detection__rosidl_typesupport_introspection_c.h
[245.834s] -- Symlinking: /home/vboxuser/duckietown_ws/install/duckietown_msgs/include/duckietown_msgs/duckietown_msgs/msg/detail/led_detection_array__rosidl_typesupport_introspection_c.h
[245.852s] -- Symlinking: /home/vboxuser/duckietown_ws/install/duckietown_msgs/include/duckietown_msgs/duckietown_msgs/msg/detail/led_detection_debug_info__rosidl_typesupport_introspection_c.h
[245.876s] -- Symlinking: /home/vboxuser/duckietown_ws/install/duckietown_msgs/include/duckietown_msgs/duckietown_msgs/msg/detail/led_interpreter__rosidl_typesupport_introspection_c.h
[245.895s] -- Symlinking: /home/vboxuser/duckietown_ws/install/duckietown_msgs/include/duckietown_msgs/duckietown_msgs/msg/detail/maintenance_state__rosidl_typesupport_introspection_c.h
[245.912s] -- Symlinking: /home/vboxuser/duckietown_ws/install/duckietown_msgs/include/duckietown_msgs/duckietown_msgs/msg/detail/num__rosidl_typesupport_introspection_c.h
[245.932s] -- Symlinking: /home/vboxuser/duckietown_ws/install/duckietown_msgs/include/duckietown_msgs/duckietown_msgs/msg/detail/obstacle_image_detection__rosidl_typesupport_introspection_c.h
[245.947s] -- Symlinking: /home/vboxuser/duckietown_ws/install/duckietown_msgs/include/duckietown_msgs/duckietown_msgs/msg/detail/obstacle_image_detection_list__rosidl_typesupport_introspection_c.h
[245.964s] -- Symlinking: /home/vboxuser/duckietown_ws/install/duckietown_msgs/include/duckietown_msgs/duckietown_msgs/msg/detail/obstacle_projected_detection__rosidl_typesupport_introspection_c.h
[245.994s] -- Symlinking: /home/vboxuser/duckietown_ws/install/duckietown_msgs/include/duckietown_msgs/duckietown_msgs/msg/detail/obstacle_projected_detection_list__rosidl_typesupport_introspection_c.h
[246.016s] -- Symlinking: /home/vboxuser/duckietown_ws/install/duckietown_msgs/include/duckietown_msgs/duckietown_msgs/msg/detail/obstacle_type__rosidl_typesupport_introspection_c.h
[246.034s] -- Symlinking: /home/vboxuser/duckietown_ws/install/duckietown_msgs/include/duckietown_msgs/duckietown_msgs/msg/detail/pixel__rosidl_typesupport_introspection_c.h
[246.049s] -- Symlinking: /home/vboxuser/duckietown_ws/install/duckietown_msgs/include/duckietown_msgs/duckietown_msgs/msg/detail/pose2_d_stamped__rosidl_typesupport_introspection_c.h
[246.068s] -- Symlinking: /home/vboxuser/duckietown_ws/install/duckietown_msgs/include/duckietown_msgs/duckietown_msgs/msg/detail/rect__rosidl_typesupport_introspection_c.h
[246.096s] -- Symlinking: /home/vboxuser/duckietown_ws/install/duckietown_msgs/include/duckietown_msgs/duckietown_msgs/msg/detail/rects__rosidl_typesupport_introspection_c.h
[246.114s] -- Symlinking: /home/vboxuser/duckietown_ws/install/duckietown_msgs/include/duckietown_msgs/duckietown_msgs/msg/detail/scene_segments__rosidl_typesupport_introspection_c.h
[246.130s] -- Symlinking: /home/vboxuser/duckietown_ws/install/duckietown_msgs/include/duckietown_msgs/duckietown_msgs/msg/detail/segment__rosidl_typesupport_introspection_c.h
[246.145s] -- Symlinking: /home/vboxuser/duckietown_ws/install/duckietown_msgs/include/duckietown_msgs/duckietown_msgs/msg/detail/segment_list__rosidl_typesupport_introspection_c.h
[246.166s] -- Symlinking: /home/vboxuser/duckietown_ws/install/duckietown_msgs/include/duckietown_msgs/duckietown_msgs/msg/detail/signals_detection__rosidl_typesupport_introspection_c.h
[246.198s] -- Symlinking: /home/vboxuser/duckietown_ws/install/duckietown_msgs/include/duckietown_msgs/duckietown_msgs/msg/detail/signals_detection_ethz17__rosidl_typesupport_introspection_c.h
[246.227s] -- Symlinking: /home/vboxuser/duckietown_ws/install/duckietown_msgs/include/duckietown_msgs/duckietown_msgs/msg/detail/source_target_nodes__rosidl_typesupport_introspection_c.h
[246.245s] -- Symlinking: /home/vboxuser/duckietown_ws/install/duckietown_msgs/include/duckietown_msgs/duckietown_msgs/msg/detail/stop_line_reading__rosidl_typesupport_introspection_c.h
[246.264s] -- Symlinking: /home/vboxuser/duckietown_ws/install/duckietown_msgs/include/duckietown_msgs/duckietown_msgs/msg/detail/tag_info__rosidl_typesupport_introspection_c.h
[246.292s] -- Symlinking: /home/vboxuser/duckietown_ws/install/duckietown_msgs/include/duckietown_msgs/duckietown_msgs/msg/detail/theta_dot_sample__rosidl_typesupport_introspection_c.h
[246.310s] -- Symlinking: /home/vboxuser/duckietown_ws/install/duckietown_msgs/include/duckietown_msgs/duckietown_msgs/msg/detail/trajectory__rosidl_typesupport_introspection_c.h
[246.327s] -- Symlinking: /home/vboxuser/duckietown_ws/install/duckietown_msgs/include/duckietown_msgs/duckietown_msgs/msg/detail/turn_i_dand_type__rosidl_typesupport_introspection_c.h
[246.353s] -- Symlinking: /home/vboxuser/duckietown_ws/install/duckietown_msgs/include/duckietown_msgs/duckietown_msgs/msg/detail/twist2_d_stamped__rosidl_typesupport_introspection_c.h
[246.371s] -- Symlinking: /home/vboxuser/duckietown_ws/install/duckietown_msgs/include/duckietown_msgs/duckietown_msgs/msg/detail/twist2_d_stamped_ethz17__rosidl_typesupport_introspection_c.h
[246.399s] -- Symlinking: /home/vboxuser/duckietown_ws/install/duckietown_msgs/include/duckietown_msgs/duckietown_msgs/msg/detail/vector2_d__rosidl_typesupport_introspection_c.h
[246.420s] -- Symlinking: /home/vboxuser/duckietown_ws/install/duckietown_msgs/include/duckietown_msgs/duckietown_msgs/msg/detail/vehicle_corners__rosidl_typesupport_introspection_c.h
[246.439s] -- Symlinking: /home/vboxuser/duckietown_ws/install/duckietown_msgs/include/duckietown_msgs/duckietown_msgs/msg/detail/vehicle_pose__rosidl_typesupport_introspection_c.h
[246.458s] -- Symlinking: /home/vboxuser/duckietown_ws/install/duckietown_msgs/include/duckietown_msgs/duckietown_msgs/msg/detail/vsample__rosidl_typesupport_introspection_c.h
[246.475s] -- Symlinking: /home/vboxuser/duckietown_ws/install/duckietown_msgs/include/duckietown_msgs/duckietown_msgs/msg/detail/wheels_cmd__rosidl_typesupport_introspection_c.h
[246.504s] -- Symlinking: /home/vboxuser/duckietown_ws/install/duckietown_msgs/include/duckietown_msgs/duckietown_msgs/msg/detail/wheels_cmd_stamped__rosidl_typesupport_introspection_c.h
[246.522s] -- Symlinking: /home/vboxuser/duckietown_ws/install/duckietown_msgs/include/duckietown_msgs/duckietown_msgs/msg/rosidl_typesupport_introspection_c__visibility_control.h
[246.539s] -- Symlinking: /home/vboxuser/duckietown_ws/install/duckietown_msgs/include/duckietown_msgs/duckietown_msgs/srv/detail/get_variable__rosidl_typesupport_introspection_c.h
[246.556s] -- Symlinking: /home/vboxuser/duckietown_ws/install/duckietown_msgs/include/duckietown_msgs/duckietown_msgs/srv/detail/set_fsm_state__rosidl_typesupport_introspection_c.h
[246.578s] -- Symlinking: /home/vboxuser/duckietown_ws/install/duckietown_msgs/include/duckietown_msgs/duckietown_msgs/srv/detail/set_value__rosidl_typesupport_introspection_c.h
[246.608s] -- Symlinking: /home/vboxuser/duckietown_ws/install/duckietown_msgs/include/duckietown_msgs/duckietown_msgs/srv/detail/set_variable__rosidl_typesupport_introspection_c.h
[246.639s] -- Symlinking: /home/vboxuser/duckietown_ws/install/duckietown_msgs/include/duckietown_msgs/duckietown_msgs/msg/anti_instagram_health.hpp
[246.657s] -- Symlinking: /home/vboxuser/duckietown_ws/install/duckietown_msgs/include/duckietown_msgs/duckietown_msgs/msg/anti_instagram_transform.hpp
[246.676s] -- Symlinking: /home/vboxuser/duckietown_ws/install/duckietown_msgs/include/duckietown_msgs/duckietown_msgs/msg/anti_instagram_transform_cb.hpp
[246.717s] -- Symlinking: /home/vboxuser/duckietown_ws/install/duckietown_msgs/include/duckietown_msgs/duckietown_msgs/msg/april_tag_detection.hpp
[246.747s] -- Symlinking: /home/vboxuser/duckietown_ws/install/duckietown_msgs/include/duckietown_msgs/duckietown_msgs/msg/april_tag_detection_array.hpp
[246.767s] -- Symlinking: /home/vboxuser/duckietown_ws/install/duckietown_msgs/include/duckietown_msgs/duckietown_msgs/msg/april_tags_with_infos.hpp
[246.792s] -- Symlinking: /home/vboxuser/duckietown_ws/install/duckietown_msgs/include/duckietown_msgs/duckietown_msgs/msg/bool_stamped.hpp
[246.811s] -- Symlinking: /home/vboxuser/duckietown_ws/install/duckietown_msgs/include/duckietown_msgs/duckietown_msgs/msg/bool_stamped_ethz17.hpp
[246.828s] -- Symlinking: /home/vboxuser/duckietown_ws/install/duckietown_msgs/include/duckietown_msgs/duckietown_msgs/msg/car_control.hpp
[246.844s] -- Symlinking: /home/vboxuser/duckietown_ws/install/duckietown_msgs/include/duckietown_msgs/duckietown_msgs/msg/coordination_clearance.hpp
[246.861s] -- Symlinking: /home/vboxuser/duckietown_ws/install/duckietown_msgs/include/duckietown_msgs/duckietown_msgs/msg/coordination_clearance_ethz17.hpp
[246.879s] -- Symlinking: /home/vboxuser/duckietown_ws/install/duckietown_msgs/include/duckietown_msgs/duckietown_msgs/msg/coordination_signal.hpp
[246.905s] -- Symlinking: /home/vboxuser/duckietown_ws/install/duckietown_msgs/include/duckietown_msgs/duckietown_msgs/msg/coordination_signal_ethz17.hpp
[246.923s] -- Symlinking: /home/vboxuser/duckietown_ws/install/duckietown_msgs/include/duckietown_msgs/duckietown_msgs/msg/detail/anti_instagram_health__builder.hpp
[246.948s] -- Symlinking: /home/vboxuser/duckietown_ws/install/duckietown_msgs/include/duckietown_msgs/duckietown_msgs/msg/detail/anti_instagram_health__struct.hpp
[246.968s] -- Symlinking: /home/vboxuser/duckietown_ws/install/duckietown_msgs/include/duckietown_msgs/duckietown_msgs/msg/detail/anti_instagram_health__traits.hpp
[246.990s] -- Symlinking: /home/vboxuser/duckietown_ws/install/duckietown_msgs/include/duckietown_msgs/duckietown_msgs/msg/detail/anti_instagram_health__type_support.hpp
[247.016s] -- Symlinking: /home/vboxuser/duckietown_ws/install/duckietown_msgs/include/duckietown_msgs/duckietown_msgs/msg/detail/anti_instagram_transform__builder.hpp
[247.038s] -- Symlinking: /home/vboxuser/duckietown_ws/install/duckietown_msgs/include/duckietown_msgs/duckietown_msgs/msg/detail/anti_instagram_transform__struct.hpp
[247.055s] -- Symlinking: /home/vboxuser/duckietown_ws/install/duckietown_msgs/include/duckietown_msgs/duckietown_msgs/msg/detail/anti_instagram_transform__traits.hpp
[247.072s] -- Symlinking: /home/vboxuser/duckietown_ws/install/duckietown_msgs/include/duckietown_msgs/duckietown_msgs/msg/detail/anti_instagram_transform__type_support.hpp
[247.099s] -- Symlinking: /home/vboxuser/duckietown_ws/install/duckietown_msgs/include/duckietown_msgs/duckietown_msgs/msg/detail/anti_instagram_transform_cb__builder.hpp
[247.115s] -- Symlinking: /home/vboxuser/duckietown_ws/install/duckietown_msgs/include/duckietown_msgs/duckietown_msgs/msg/detail/anti_instagram_transform_cb__struct.hpp
[247.132s] -- Symlinking: /home/vboxuser/duckietown_ws/install/duckietown_msgs/include/duckietown_msgs/duckietown_msgs/msg/detail/anti_instagram_transform_cb__traits.hpp
[247.153s] -- Symlinking: /home/vboxuser/duckietown_ws/install/duckietown_msgs/include/duckietown_msgs/duckietown_msgs/msg/detail/anti_instagram_transform_cb__type_support.hpp
[247.176s] -- Symlinking: /home/vboxuser/duckietown_ws/install/duckietown_msgs/include/duckietown_msgs/duckietown_msgs/msg/detail/april_tag_detection__builder.hpp
[247.203s] -- Symlinking: /home/vboxuser/duckietown_ws/install/duckietown_msgs/include/duckietown_msgs/duckietown_msgs/msg/detail/april_tag_detection__struct.hpp
[247.225s] -- Symlinking: /home/vboxuser/duckietown_ws/install/duckietown_msgs/include/duckietown_msgs/duckietown_msgs/msg/detail/april_tag_detection__traits.hpp
[247.243s] -- Symlinking: /home/vboxuser/duckietown_ws/install/duckietown_msgs/include/duckietown_msgs/duckietown_msgs/msg/detail/april_tag_detection__type_support.hpp
[247.261s] -- Symlinking: /home/vboxuser/duckietown_ws/install/duckietown_msgs/include/duckietown_msgs/duckietown_msgs/msg/detail/april_tag_detection_array__builder.hpp
[247.277s] -- Symlinking: /home/vboxuser/duckietown_ws/install/duckietown_msgs/include/duckietown_msgs/duckietown_msgs/msg/detail/april_tag_detection_array__struct.hpp
[247.307s] -- Symlinking: /home/vboxuser/duckietown_ws/install/duckietown_msgs/include/duckietown_msgs/duckietown_msgs/msg/detail/april_tag_detection_array__traits.hpp
[247.327s] -- Symlinking: /home/vboxuser/duckietown_ws/install/duckietown_msgs/include/duckietown_msgs/duckietown_msgs/msg/detail/april_tag_detection_array__type_support.hpp
[247.343s] -- Symlinking: /home/vboxuser/duckietown_ws/install/duckietown_msgs/include/duckietown_msgs/duckietown_msgs/msg/detail/april_tags_with_infos__builder.hpp
[247.361s] -- Symlinking: /home/vboxuser/duckietown_ws/install/duckietown_msgs/include/duckietown_msgs/duckietown_msgs/msg/detail/april_tags_with_infos__struct.hpp
[247.379s] -- Symlinking: /home/vboxuser/duckietown_ws/install/duckietown_msgs/include/duckietown_msgs/duckietown_msgs/msg/detail/april_tags_with_infos__traits.hpp
[247.410s] -- Symlinking: /home/vboxuser/duckietown_ws/install/duckietown_msgs/include/duckietown_msgs/duckietown_msgs/msg/detail/april_tags_with_infos__type_support.hpp
[247.427s] -- Symlinking: /home/vboxuser/duckietown_ws/install/duckietown_msgs/include/duckietown_msgs/duckietown_msgs/msg/detail/bool_stamped__builder.hpp
[247.443s] -- Symlinking: /home/vboxuser/duckietown_ws/install/duckietown_msgs/include/duckietown_msgs/duckietown_msgs/msg/detail/bool_stamped__struct.hpp
[247.460s] -- Symlinking: /home/vboxuser/duckietown_ws/install/duckietown_msgs/include/duckietown_msgs/duckietown_msgs/msg/detail/bool_stamped__traits.hpp
[247.480s] -- Symlinking: /home/vboxuser/duckietown_ws/install/duckietown_msgs/include/duckietown_msgs/duckietown_msgs/msg/detail/bool_stamped__type_support.hpp
[247.505s] -- Symlinking: /home/vboxuser/duckietown_ws/install/duckietown_msgs/include/duckietown_msgs/duckietown_msgs/msg/detail/bool_stamped_ethz17__builder.hpp
[247.524s] -- Symlinking: /home/vboxuser/duckietown_ws/install/duckietown_msgs/include/duckietown_msgs/duckietown_msgs/msg/detail/bool_stamped_ethz17__struct.hpp
[247.549s] -- Symlinking: /home/vboxuser/duckietown_ws/install/duckietown_msgs/include/duckietown_msgs/duckietown_msgs/msg/detail/bool_stamped_ethz17__traits.hpp
[247.569s] -- Symlinking: /home/vboxuser/duckietown_ws/install/duckietown_msgs/include/duckietown_msgs/duckietown_msgs/msg/detail/bool_stamped_ethz17__type_support.hpp
[247.586s] -- Symlinking: /home/vboxuser/duckietown_ws/install/duckietown_msgs/include/duckietown_msgs/duckietown_msgs/msg/detail/car_control__builder.hpp
[247.615s] -- Symlinking: /home/vboxuser/duckietown_ws/install/duckietown_msgs/include/duckietown_msgs/duckietown_msgs/msg/detail/car_control__struct.hpp
[247.638s] -- Symlinking: /home/vboxuser/duckietown_ws/install/duckietown_msgs/include/duckietown_msgs/duckietown_msgs/msg/detail/car_control__traits.hpp
[247.690s] -- Symlinking: /home/vboxuser/duckietown_ws/install/duckietown_msgs/include/duckietown_msgs/duckietown_msgs/msg/detail/car_control__type_support.hpp
[247.735s] -- Symlinking: /home/vboxuser/duckietown_ws/install/duckietown_msgs/include/duckietown_msgs/duckietown_msgs/msg/detail/coordination_clearance__builder.hpp
[247.782s] -- Symlinking: /home/vboxuser/duckietown_ws/install/duckietown_msgs/include/duckietown_msgs/duckietown_msgs/msg/detail/coordination_clearance__struct.hpp
[247.808s] -- Symlinking: /home/vboxuser/duckietown_ws/install/duckietown_msgs/include/duckietown_msgs/duckietown_msgs/msg/detail/coordination_clearance__traits.hpp
[247.845s] -- Symlinking: /home/vboxuser/duckietown_ws/install/duckietown_msgs/include/duckietown_msgs/duckietown_msgs/msg/detail/coordination_clearance__type_support.hpp
[247.892s] -- Symlinking: /home/vboxuser/duckietown_ws/install/duckietown_msgs/include/duckietown_msgs/duckietown_msgs/msg/detail/coordination_clearance_ethz17__builder.hpp
[247.925s] -- Symlinking: /home/vboxuser/duckietown_ws/install/duckietown_msgs/include/duckietown_msgs/duckietown_msgs/msg/detail/coordination_clearance_ethz17__struct.hpp
[247.952s] -- Symlinking: /home/vboxuser/duckietown_ws/install/duckietown_msgs/include/duckietown_msgs/duckietown_msgs/msg/detail/coordination_clearance_ethz17__traits.hpp
[247.971s] -- Symlinking: /home/vboxuser/duckietown_ws/install/duckietown_msgs/include/duckietown_msgs/duckietown_msgs/msg/detail/coordination_clearance_ethz17__type_support.hpp
[247.987s] -- Symlinking: /home/vboxuser/duckietown_ws/install/duckietown_msgs/include/duckietown_msgs/duckietown_msgs/msg/detail/coordination_signal__builder.hpp
[248.005s] -- Symlinking: /home/vboxuser/duckietown_ws/install/duckietown_msgs/include/duckietown_msgs/duckietown_msgs/msg/detail/coordination_signal__struct.hpp
[248.034s] -- Symlinking: /home/vboxuser/duckietown_ws/install/duckietown_msgs/include/duckietown_msgs/duckietown_msgs/msg/detail/coordination_signal__traits.hpp
[248.055s] -- Symlinking: /home/vboxuser/duckietown_ws/install/duckietown_msgs/include/duckietown_msgs/duckietown_msgs/msg/detail/coordination_signal__type_support.hpp
[248.072s] -- Symlinking: /home/vboxuser/duckietown_ws/install/duckietown_msgs/include/duckietown_msgs/duckietown_msgs/msg/detail/coordination_signal_ethz17__builder.hpp
[248.087s] -- Symlinking: /home/vboxuser/duckietown_ws/install/duckietown_msgs/include/duckietown_msgs/duckietown_msgs/msg/detail/coordination_signal_ethz17__struct.hpp
[248.105s] -- Symlinking: /home/vboxuser/duckietown_ws/install/duckietown_msgs/include/duckietown_msgs/duckietown_msgs/msg/detail/coordination_signal_ethz17__traits.hpp
[248.130s] -- Symlinking: /home/vboxuser/duckietown_ws/install/duckietown_msgs/include/duckietown_msgs/duckietown_msgs/msg/detail/coordination_signal_ethz17__type_support.hpp
[248.159s] -- Symlinking: /home/vboxuser/duckietown_ws/install/duckietown_msgs/include/duckietown_msgs/duckietown_msgs/msg/detail/duckie_sensor__builder.hpp
[248.183s] -- Symlinking: /home/vboxuser/duckietown_ws/install/duckietown_msgs/include/duckietown_msgs/duckietown_msgs/msg/detail/duckie_sensor__struct.hpp
[248.213s] -- Symlinking: /home/vboxuser/duckietown_ws/install/duckietown_msgs/include/duckietown_msgs/duckietown_msgs/msg/detail/duckie_sensor__traits.hpp
[248.240s] -- Symlinking: /home/vboxuser/duckietown_ws/install/duckietown_msgs/include/duckietown_msgs/duckietown_msgs/msg/detail/duckie_sensor__type_support.hpp
[248.258s] -- Symlinking: /home/vboxuser/duckietown_ws/install/duckietown_msgs/include/duckietown_msgs/duckietown_msgs/msg/detail/fsm_state__builder.hpp
[248.275s] -- Symlinking: /home/vboxuser/duckietown_ws/install/duckietown_msgs/include/duckietown_msgs/duckietown_msgs/msg/detail/fsm_state__struct.hpp
[248.291s] -- Symlinking: /home/vboxuser/duckietown_ws/install/duckietown_msgs/include/duckietown_msgs/duckietown_msgs/msg/detail/fsm_state__traits.hpp
[248.308s] -- Symlinking: /home/vboxuser/duckietown_ws/install/duckietown_msgs/include/duckietown_msgs/duckietown_msgs/msg/detail/fsm_state__type_support.hpp
[248.327s] -- Symlinking: /home/vboxuser/duckietown_ws/install/duckietown_msgs/include/duckietown_msgs/duckietown_msgs/msg/detail/intersection_pose__builder.hpp
[248.353s] -- Symlinking: /home/vboxuser/duckietown_ws/install/duckietown_msgs/include/duckietown_msgs/duckietown_msgs/msg/detail/intersection_pose__struct.hpp
[248.371s] -- Symlinking: /home/vboxuser/duckietown_ws/install/duckietown_msgs/include/duckietown_msgs/duckietown_msgs/msg/detail/intersection_pose__traits.hpp
[248.386s] -- Symlinking: /home/vboxuser/duckietown_ws/install/duckietown_msgs/include/duckietown_msgs/duckietown_msgs/msg/detail/intersection_pose__type_support.hpp
[248.405s] -- Symlinking: /home/vboxuser/duckietown_ws/install/duckietown_msgs/include/duckietown_msgs/duckietown_msgs/msg/detail/intersection_pose_img__builder.hpp
[248.422s] -- Symlinking: /home/vboxuser/duckietown_ws/install/duckietown_msgs/include/duckietown_msgs/duckietown_msgs/msg/detail/intersection_pose_img__struct.hpp
[248.451s] -- Symlinking: /home/vboxuser/duckietown_ws/install/duckietown_msgs/include/duckietown_msgs/duckietown_msgs/msg/detail/intersection_pose_img__traits.hpp
[248.471s] -- Symlinking: /home/vboxuser/duckietown_ws/install/duckietown_msgs/include/duckietown_msgs/duckietown_msgs/msg/detail/intersection_pose_img__type_support.hpp
[248.488s] -- Symlinking: /home/vboxuser/duckietown_ws/install/duckietown_msgs/include/duckietown_msgs/duckietown_msgs/msg/detail/intersection_pose_img_debug__builder.hpp
[248.504s] -- Symlinking: /home/vboxuser/duckietown_ws/install/duckietown_msgs/include/duckietown_msgs/duckietown_msgs/msg/detail/intersection_pose_img_debug__struct.hpp
[248.522s] -- Symlinking: /home/vboxuser/duckietown_ws/install/duckietown_msgs/include/duckietown_msgs/duckietown_msgs/msg/detail/intersection_pose_img_debug__traits.hpp
[248.547s] -- Symlinking: /home/vboxuser/duckietown_ws/install/duckietown_msgs/include/duckietown_msgs/duckietown_msgs/msg/detail/intersection_pose_img_debug__type_support.hpp
[248.565s] -- Symlinking: /home/vboxuser/duckietown_ws/install/duckietown_msgs/include/duckietown_msgs/duckietown_msgs/msg/detail/kinematics_parameters__builder.hpp
[248.582s] -- Symlinking: /home/vboxuser/duckietown_ws/install/duckietown_msgs/include/duckietown_msgs/duckietown_msgs/msg/detail/kinematics_parameters__struct.hpp
[248.598s] -- Symlinking: /home/vboxuser/duckietown_ws/install/duckietown_msgs/include/duckietown_msgs/duckietown_msgs/msg/detail/kinematics_parameters__traits.hpp
[248.618s] -- Symlinking: /home/vboxuser/duckietown_ws/install/duckietown_msgs/include/duckietown_msgs/duckietown_msgs/msg/detail/kinematics_parameters__type_support.hpp
[248.642s] -- Symlinking: /home/vboxuser/duckietown_ws/install/duckietown_msgs/include/duckietown_msgs/duckietown_msgs/msg/detail/kinematics_weights__builder.hpp
[248.659s] -- Symlinking: /home/vboxuser/duckietown_ws/install/duckietown_msgs/include/duckietown_msgs/duckietown_msgs/msg/detail/kinematics_weights__struct.hpp
[248.676s] -- Symlinking: /home/vboxuser/duckietown_ws/install/duckietown_msgs/include/duckietown_msgs/duckietown_msgs/msg/detail/kinematics_weights__traits.hpp
[248.693s] -- Symlinking: /home/vboxuser/duckietown_ws/install/duckietown_msgs/include/duckietown_msgs/duckietown_msgs/msg/detail/kinematics_weights__type_support.hpp
[248.711s] -- Symlinking: /home/vboxuser/duckietown_ws/install/duckietown_msgs/include/duckietown_msgs/duckietown_msgs/msg/detail/lane_pose__builder.hpp
[248.742s] -- Symlinking: /home/vboxuser/duckietown_ws/install/duckietown_msgs/include/duckietown_msgs/duckietown_msgs/msg/detail/lane_pose__struct.hpp
[248.768s] -- Symlinking: /home/vboxuser/duckietown_ws/install/duckietown_msgs/include/duckietown_msgs/duckietown_msgs/msg/detail/lane_pose__traits.hpp
[248.786s] -- Symlinking: /home/vboxuser/duckietown_ws/install/duckietown_msgs/include/duckietown_msgs/duckietown_msgs/msg/detail/lane_pose__type_support.hpp
[248.803s] -- Symlinking: /home/vboxuser/duckietown_ws/install/duckietown_msgs/include/duckietown_msgs/duckietown_msgs/msg/detail/led_detection__builder.hpp
[248.819s] -- Symlinking: /home/vboxuser/duckietown_ws/install/duckietown_msgs/include/duckietown_msgs/duckietown_msgs/msg/detail/led_detection__struct.hpp
[248.847s] -- Symlinking: /home/vboxuser/duckietown_ws/install/duckietown_msgs/include/duckietown_msgs/duckietown_msgs/msg/detail/led_detection__traits.hpp
[248.866s] -- Symlinking: /home/vboxuser/duckietown_ws/install/duckietown_msgs/include/duckietown_msgs/duckietown_msgs/msg/detail/led_detection__type_support.hpp
[248.883s] -- Symlinking: /home/vboxuser/duckietown_ws/install/duckietown_msgs/include/duckietown_msgs/duckietown_msgs/msg/detail/led_detection_array__builder.hpp
[248.899s] -- Symlinking: /home/vboxuser/duckietown_ws/install/duckietown_msgs/include/duckietown_msgs/duckietown_msgs/msg/detail/led_detection_array__struct.hpp
[248.915s] -- Symlinking: /home/vboxuser/duckietown_ws/install/duckietown_msgs/include/duckietown_msgs/duckietown_msgs/msg/detail/led_detection_array__traits.hpp
[248.934s] -- Symlinking: /home/vboxuser/duckietown_ws/install/duckietown_msgs/include/duckietown_msgs/duckietown_msgs/msg/detail/led_detection_array__type_support.hpp
[248.959s] -- Symlinking: /home/vboxuser/duckietown_ws/install/duckietown_msgs/include/duckietown_msgs/duckietown_msgs/msg/detail/led_detection_debug_info__builder.hpp
[248.976s] -- Symlinking: /home/vboxuser/duckietown_ws/install/duckietown_msgs/include/duckietown_msgs/duckietown_msgs/msg/detail/led_detection_debug_info__struct.hpp
[248.992s] -- Symlinking: /home/vboxuser/duckietown_ws/install/duckietown_msgs/include/duckietown_msgs/duckietown_msgs/msg/detail/led_detection_debug_info__traits.hpp
[249.011s] -- Symlinking: /home/vboxuser/duckietown_ws/install/duckietown_msgs/include/duckietown_msgs/duckietown_msgs/msg/detail/led_detection_debug_info__type_support.hpp
[249.030s] -- Symlinking: /home/vboxuser/duckietown_ws/install/duckietown_msgs/include/duckietown_msgs/duckietown_msgs/msg/detail/led_interpreter__builder.hpp
[249.059s] -- Symlinking: /home/vboxuser/duckietown_ws/install/duckietown_msgs/include/duckietown_msgs/duckietown_msgs/msg/detail/led_interpreter__struct.hpp
[249.081s] -- Symlinking: /home/vboxuser/duckietown_ws/install/duckietown_msgs/include/duckietown_msgs/duckietown_msgs/msg/detail/led_interpreter__traits.hpp
[249.096s] -- Symlinking: /home/vboxuser/duckietown_ws/install/duckietown_msgs/include/duckietown_msgs/duckietown_msgs/msg/detail/led_interpreter__type_support.hpp
[249.113s] -- Symlinking: /home/vboxuser/duckietown_ws/install/duckietown_msgs/include/duckietown_msgs/duckietown_msgs/msg/detail/maintenance_state__builder.hpp
[249.129s] -- Symlinking: /home/vboxuser/duckietown_ws/install/duckietown_msgs/include/duckietown_msgs/duckietown_msgs/msg/detail/maintenance_state__struct.hpp
[249.155s] -- Symlinking: /home/vboxuser/duckietown_ws/install/duckietown_msgs/include/duckietown_msgs/duckietown_msgs/msg/detail/maintenance_state__traits.hpp
[249.180s] -- Symlinking: /home/vboxuser/duckietown_ws/install/duckietown_msgs/include/duckietown_msgs/duckietown_msgs/msg/detail/maintenance_state__type_support.hpp
[249.201s] -- Symlinking: /home/vboxuser/duckietown_ws/install/duckietown_msgs/include/duckietown_msgs/duckietown_msgs/msg/detail/num__builder.hpp
[249.227s] -- Symlinking: /home/vboxuser/duckietown_ws/install/duckietown_msgs/include/duckietown_msgs/duckietown_msgs/msg/detail/num__struct.hpp
[249.255s] -- Symlinking: /home/vboxuser/duckietown_ws/install/duckietown_msgs/include/duckietown_msgs/duckietown_msgs/msg/detail/num__traits.hpp
[249.275s] -- Symlinking: /home/vboxuser/duckietown_ws/install/duckietown_msgs/include/duckietown_msgs/duckietown_msgs/msg/detail/num__type_support.hpp
[249.292s] -- Symlinking: /home/vboxuser/duckietown_ws/install/duckietown_msgs/include/duckietown_msgs/duckietown_msgs/msg/detail/obstacle_image_detection__builder.hpp
[249.308s] -- Symlinking: /home/vboxuser/duckietown_ws/install/duckietown_msgs/include/duckietown_msgs/duckietown_msgs/msg/detail/obstacle_image_detection__struct.hpp
[249.333s] -- Symlinking: /home/vboxuser/duckietown_ws/install/duckietown_msgs/include/duckietown_msgs/duckietown_msgs/msg/detail/obstacle_image_detection__traits.hpp
[249.356s] -- Symlinking: /home/vboxuser/duckietown_ws/install/duckietown_msgs/include/duckietown_msgs/duckietown_msgs/msg/detail/obstacle_image_detection__type_support.hpp
[249.381s] -- Symlinking: /home/vboxuser/duckietown_ws/install/duckietown_msgs/include/duckietown_msgs/duckietown_msgs/msg/detail/obstacle_image_detection_list__builder.hpp
[249.399s] -- Symlinking: /home/vboxuser/duckietown_ws/install/duckietown_msgs/include/duckietown_msgs/duckietown_msgs/msg/detail/obstacle_image_detection_list__struct.hpp
[249.415s] -- Symlinking: /home/vboxuser/duckietown_ws/install/duckietown_msgs/include/duckietown_msgs/duckietown_msgs/msg/detail/obstacle_image_detection_list__traits.hpp
[249.435s] -- Symlinking: /home/vboxuser/duckietown_ws/install/duckietown_msgs/include/duckietown_msgs/duckietown_msgs/msg/detail/obstacle_image_detection_list__type_support.hpp
[249.463s] -- Symlinking: /home/vboxuser/duckietown_ws/install/duckietown_msgs/include/duckietown_msgs/duckietown_msgs/msg/detail/obstacle_projected_detection__builder.hpp
[249.481s] -- Symlinking: /home/vboxuser/duckietown_ws/install/duckietown_msgs/include/duckietown_msgs/duckietown_msgs/msg/detail/obstacle_projected_detection__struct.hpp
[249.499s] -- Symlinking: /home/vboxuser/duckietown_ws/install/duckietown_msgs/include/duckietown_msgs/duckietown_msgs/msg/detail/obstacle_projected_detection__traits.hpp
[249.513s] -- Symlinking: /home/vboxuser/duckietown_ws/install/duckietown_msgs/include/duckietown_msgs/duckietown_msgs/msg/detail/obstacle_projected_detection__type_support.hpp
[249.531s] -- Symlinking: /home/vboxuser/duckietown_ws/install/duckietown_msgs/include/duckietown_msgs/duckietown_msgs/msg/detail/obstacle_projected_detection_list__builder.hpp
[249.551s] -- Symlinking: /home/vboxuser/duckietown_ws/install/duckietown_msgs/include/duckietown_msgs/duckietown_msgs/msg/detail/obstacle_projected_detection_list__struct.hpp
[249.577s] -- Symlinking: /home/vboxuser/duckietown_ws/install/duckietown_msgs/include/duckietown_msgs/duckietown_msgs/msg/detail/obstacle_projected_detection_list__traits.hpp
[249.593s] -- Symlinking: /home/vboxuser/duckietown_ws/install/duckietown_msgs/include/duckietown_msgs/duckietown_msgs/msg/detail/obstacle_projected_detection_list__type_support.hpp
[249.611s] -- Symlinking: /home/vboxuser/duckietown_ws/install/duckietown_msgs/include/duckietown_msgs/duckietown_msgs/msg/detail/obstacle_type__builder.hpp
[249.629s] -- Symlinking: /home/vboxuser/duckietown_ws/install/duckietown_msgs/include/duckietown_msgs/duckietown_msgs/msg/detail/obstacle_type__struct.hpp
[249.648s] -- Symlinking: /home/vboxuser/duckietown_ws/install/duckietown_msgs/include/duckietown_msgs/duckietown_msgs/msg/detail/obstacle_type__traits.hpp
[249.673s] -- Symlinking: /home/vboxuser/duckietown_ws/install/duckietown_msgs/include/duckietown_msgs/duckietown_msgs/msg/detail/obstacle_type__type_support.hpp
[249.692s] -- Symlinking: /home/vboxuser/duckietown_ws/install/duckietown_msgs/include/duckietown_msgs/duckietown_msgs/msg/detail/pixel__builder.hpp
[249.709s] -- Symlinking: /home/vboxuser/duckietown_ws/install/duckietown_msgs/include/duckietown_msgs/duckietown_msgs/msg/detail/pixel__struct.hpp
[249.728s] -- Symlinking: /home/vboxuser/duckietown_ws/install/duckietown_msgs/include/duckietown_msgs/duckietown_msgs/msg/detail/pixel__traits.hpp
[249.747s] -- Symlinking: /home/vboxuser/duckietown_ws/install/duckietown_msgs/include/duckietown_msgs/duckietown_msgs/msg/detail/pixel__type_support.hpp
[249.772s] -- Symlinking: /home/vboxuser/duckietown_ws/install/duckietown_msgs/include/duckietown_msgs/duckietown_msgs/msg/detail/pose2_d_stamped__builder.hpp
[249.790s] -- Symlinking: /home/vboxuser/duckietown_ws/install/duckietown_msgs/include/duckietown_msgs/duckietown_msgs/msg/detail/pose2_d_stamped__struct.hpp
[249.806s] -- Symlinking: /home/vboxuser/duckietown_ws/install/duckietown_msgs/include/duckietown_msgs/duckietown_msgs/msg/detail/pose2_d_stamped__traits.hpp
[249.821s] -- Symlinking: /home/vboxuser/duckietown_ws/install/duckietown_msgs/include/duckietown_msgs/duckietown_msgs/msg/detail/pose2_d_stamped__type_support.hpp
[249.838s] -- Symlinking: /home/vboxuser/duckietown_ws/install/duckietown_msgs/include/duckietown_msgs/duckietown_msgs/msg/detail/rect__builder.hpp
[249.856s] -- Symlinking: /home/vboxuser/duckietown_ws/install/duckietown_msgs/include/duckietown_msgs/duckietown_msgs/msg/detail/rect__struct.hpp
[249.882s] -- Symlinking: /home/vboxuser/duckietown_ws/install/duckietown_msgs/include/duckietown_msgs/duckietown_msgs/msg/detail/rect__traits.hpp
[249.900s] -- Symlinking: /home/vboxuser/duckietown_ws/install/duckietown_msgs/include/duckietown_msgs/duckietown_msgs/msg/detail/rect__type_support.hpp
[249.917s] -- Symlinking: /home/vboxuser/duckietown_ws/install/duckietown_msgs/include/duckietown_msgs/duckietown_msgs/msg/detail/rects__builder.hpp
[249.934s] -- Symlinking: /home/vboxuser/duckietown_ws/install/duckietown_msgs/include/duckietown_msgs/duckietown_msgs/msg/detail/rects__struct.hpp
[249.952s] -- Symlinking: /home/vboxuser/duckietown_ws/install/duckietown_msgs/include/duckietown_msgs/duckietown_msgs/msg/detail/rects__traits.hpp
[249.977s] -- Symlinking: /home/vboxuser/duckietown_ws/install/duckietown_msgs/include/duckietown_msgs/duckietown_msgs/msg/detail/rects__type_support.hpp
[249.995s] -- Symlinking: /home/vboxuser/duckietown_ws/install/duckietown_msgs/include/duckietown_msgs/duckietown_msgs/msg/detail/scene_segments__builder.hpp
[250.013s] -- Symlinking: /home/vboxuser/duckietown_ws/install/duckietown_msgs/include/duckietown_msgs/duckietown_msgs/msg/detail/scene_segments__struct.hpp
[250.029s] -- Symlinking: /home/vboxuser/duckietown_ws/install/duckietown_msgs/include/duckietown_msgs/duckietown_msgs/msg/detail/scene_segments__traits.hpp
[250.046s] -- Symlinking: /home/vboxuser/duckietown_ws/install/duckietown_msgs/include/duckietown_msgs/duckietown_msgs/msg/detail/scene_segments__type_support.hpp
[250.063s] -- Symlinking: /home/vboxuser/duckietown_ws/install/duckietown_msgs/include/duckietown_msgs/duckietown_msgs/msg/detail/segment__builder.hpp
[250.096s] -- Symlinking: /home/vboxuser/duckietown_ws/install/duckietown_msgs/include/duckietown_msgs/duckietown_msgs/msg/detail/segment__struct.hpp
[250.114s] -- Symlinking: /home/vboxuser/duckietown_ws/install/duckietown_msgs/include/duckietown_msgs/duckietown_msgs/msg/detail/segment__traits.hpp
[250.131s] -- Symlinking: /home/vboxuser/duckietown_ws/install/duckietown_msgs/include/duckietown_msgs/duckietown_msgs/msg/detail/segment__type_support.hpp
[250.149s] -- Symlinking: /home/vboxuser/duckietown_ws/install/duckietown_msgs/include/duckietown_msgs/duckietown_msgs/msg/detail/segment_list__builder.hpp
[250.168s] -- Symlinking: /home/vboxuser/duckietown_ws/install/duckietown_msgs/include/duckietown_msgs/duckietown_msgs/msg/detail/segment_list__struct.hpp
[250.197s] -- Symlinking: /home/vboxuser/duckietown_ws/install/duckietown_msgs/include/duckietown_msgs/duckietown_msgs/msg/detail/segment_list__traits.hpp
[250.228s] -- Symlinking: /home/vboxuser/duckietown_ws/install/duckietown_msgs/include/duckietown_msgs/duckietown_msgs/msg/detail/segment_list__type_support.hpp
[250.244s] -- Symlinking: /home/vboxuser/duckietown_ws/install/duckietown_msgs/include/duckietown_msgs/duckietown_msgs/msg/detail/signals_detection__builder.hpp
[250.263s] -- Symlinking: /home/vboxuser/duckietown_ws/install/duckietown_msgs/include/duckietown_msgs/duckietown_msgs/msg/detail/signals_detection__struct.hpp
[250.289s] -- Symlinking: /home/vboxuser/duckietown_ws/install/duckietown_msgs/include/duckietown_msgs/duckietown_msgs/msg/detail/signals_detection__traits.hpp
[250.309s] -- Symlinking: /home/vboxuser/duckietown_ws/install/duckietown_msgs/include/duckietown_msgs/duckietown_msgs/msg/detail/signals_detection__type_support.hpp
[250.327s] -- Symlinking: /home/vboxuser/duckietown_ws/install/duckietown_msgs/include/duckietown_msgs/duckietown_msgs/msg/detail/signals_detection_ethz17__builder.hpp
[250.345s] -- Symlinking: /home/vboxuser/duckietown_ws/install/duckietown_msgs/include/duckietown_msgs/duckietown_msgs/msg/detail/signals_detection_ethz17__struct.hpp
[250.363s] -- Symlinking: /home/vboxuser/duckietown_ws/install/duckietown_msgs/include/duckietown_msgs/duckietown_msgs/msg/detail/signals_detection_ethz17__traits.hpp
[250.389s] -- Symlinking: /home/vboxuser/duckietown_ws/install/duckietown_msgs/include/duckietown_msgs/duckietown_msgs/msg/detail/signals_detection_ethz17__type_support.hpp
[250.407s] -- Symlinking: /home/vboxuser/duckietown_ws/install/duckietown_msgs/include/duckietown_msgs/duckietown_msgs/msg/detail/source_target_nodes__builder.hpp
[250.424s] -- Symlinking: /home/vboxuser/duckietown_ws/install/duckietown_msgs/include/duckietown_msgs/duckietown_msgs/msg/detail/source_target_nodes__struct.hpp
[250.444s] -- Symlinking: /home/vboxuser/duckietown_ws/install/duckietown_msgs/include/duckietown_msgs/duckietown_msgs/msg/detail/source_target_nodes__traits.hpp
[250.461s] -- Symlinking: /home/vboxuser/duckietown_ws/install/duckietown_msgs/include/duckietown_msgs/duckietown_msgs/msg/detail/source_target_nodes__type_support.hpp
[250.487s] -- Symlinking: /home/vboxuser/duckietown_ws/install/duckietown_msgs/include/duckietown_msgs/duckietown_msgs/msg/detail/stop_line_reading__builder.hpp
[250.511s] -- Symlinking: /home/vboxuser/duckietown_ws/install/duckietown_msgs/include/duckietown_msgs/duckietown_msgs/msg/detail/stop_line_reading__struct.hpp
[250.531s] -- Symlinking: /home/vboxuser/duckietown_ws/install/duckietown_msgs/include/duckietown_msgs/duckietown_msgs/msg/detail/stop_line_reading__traits.hpp
[250.550s] -- Symlinking: /home/vboxuser/duckietown_ws/install/duckietown_msgs/include/duckietown_msgs/duckietown_msgs/msg/detail/stop_line_reading__type_support.hpp
[250.567s] -- Symlinking: /home/vboxuser/duckietown_ws/install/duckietown_msgs/include/duckietown_msgs/duckietown_msgs/msg/detail/tag_info__builder.hpp
[250.592s] -- Symlinking: /home/vboxuser/duckietown_ws/install/duckietown_msgs/include/duckietown_msgs/duckietown_msgs/msg/detail/tag_info__struct.hpp
[250.612s] -- Symlinking: /home/vboxuser/duckietown_ws/install/duckietown_msgs/include/duckietown_msgs/duckietown_msgs/msg/detail/tag_info__traits.hpp
[250.630s] -- Symlinking: /home/vboxuser/duckietown_ws/install/duckietown_msgs/include/duckietown_msgs/duckietown_msgs/msg/detail/tag_info__type_support.hpp
[250.650s] -- Symlinking: /home/vboxuser/duckietown_ws/install/duckietown_msgs/include/duckietown_msgs/duckietown_msgs/msg/detail/theta_dot_sample__builder.hpp
[250.667s] -- Symlinking: /home/vboxuser/duckietown_ws/install/duckietown_msgs/include/duckietown_msgs/duckietown_msgs/msg/detail/theta_dot_sample__struct.hpp
[250.692s] -- Symlinking: /home/vboxuser/duckietown_ws/install/duckietown_msgs/include/duckietown_msgs/duckietown_msgs/msg/detail/theta_dot_sample__traits.hpp
[250.712s] -- Symlinking: /home/vboxuser/duckietown_ws/install/duckietown_msgs/include/duckietown_msgs/duckietown_msgs/msg/detail/theta_dot_sample__type_support.hpp
[250.732s] -- Symlinking: /home/vboxuser/duckietown_ws/install/duckietown_msgs/include/duckietown_msgs/duckietown_msgs/msg/detail/trajectory__builder.hpp
[250.749s] -- Symlinking: /home/vboxuser/duckietown_ws/install/duckietown_msgs/include/duckietown_msgs/duckietown_msgs/msg/detail/trajectory__struct.hpp
[250.769s] -- Symlinking: /home/vboxuser/duckietown_ws/install/duckietown_msgs/include/duckietown_msgs/duckietown_msgs/msg/detail/trajectory__traits.hpp
[250.795s] -- Symlinking: /home/vboxuser/duckietown_ws/install/duckietown_msgs/include/duckietown_msgs/duckietown_msgs/msg/detail/trajectory__type_support.hpp
[250.812s] -- Symlinking: /home/vboxuser/duckietown_ws/install/duckietown_msgs/include/duckietown_msgs/duckietown_msgs/msg/detail/turn_i_dand_type__builder.hpp
[250.829s] -- Symlinking: /home/vboxuser/duckietown_ws/install/duckietown_msgs/include/duckietown_msgs/duckietown_msgs/msg/detail/turn_i_dand_type__struct.hpp
[250.844s] -- Symlinking: /home/vboxuser/duckietown_ws/install/duckietown_msgs/include/duckietown_msgs/duckietown_msgs/msg/detail/turn_i_dand_type__traits.hpp
[250.862s] -- Symlinking: /home/vboxuser/duckietown_ws/install/duckietown_msgs/include/duckietown_msgs/duckietown_msgs/msg/detail/turn_i_dand_type__type_support.hpp
[250.888s] -- Symlinking: /home/vboxuser/duckietown_ws/install/duckietown_msgs/include/duckietown_msgs/duckietown_msgs/msg/detail/twist2_d_stamped__builder.hpp
[250.906s] -- Symlinking: /home/vboxuser/duckietown_ws/install/duckietown_msgs/include/duckietown_msgs/duckietown_msgs/msg/detail/twist2_d_stamped__struct.hpp
[250.923s] -- Symlinking: /home/vboxuser/duckietown_ws/install/duckietown_msgs/include/duckietown_msgs/duckietown_msgs/msg/detail/twist2_d_stamped__traits.hpp
[250.939s] -- Symlinking: /home/vboxuser/duckietown_ws/install/duckietown_msgs/include/duckietown_msgs/duckietown_msgs/msg/detail/twist2_d_stamped__type_support.hpp
[250.957s] -- Symlinking: /home/vboxuser/duckietown_ws/install/duckietown_msgs/include/duckietown_msgs/duckietown_msgs/msg/detail/twist2_d_stamped_ethz17__builder.hpp
[250.973s] -- Symlinking: /home/vboxuser/duckietown_ws/install/duckietown_msgs/include/duckietown_msgs/duckietown_msgs/msg/detail/twist2_d_stamped_ethz17__struct.hpp
[250.996s] -- Symlinking: /home/vboxuser/duckietown_ws/install/duckietown_msgs/include/duckietown_msgs/duckietown_msgs/msg/detail/twist2_d_stamped_ethz17__traits.hpp
[251.017s] -- Symlinking: /home/vboxuser/duckietown_ws/install/duckietown_msgs/include/duckietown_msgs/duckietown_msgs/msg/detail/twist2_d_stamped_ethz17__type_support.hpp
[251.033s] -- Symlinking: /home/vboxuser/duckietown_ws/install/duckietown_msgs/include/duckietown_msgs/duckietown_msgs/msg/detail/vector2_d__builder.hpp
[251.050s] -- Symlinking: /home/vboxuser/duckietown_ws/install/duckietown_msgs/include/duckietown_msgs/duckietown_msgs/msg/detail/vector2_d__struct.hpp
[251.067s] -- Symlinking: /home/vboxuser/duckietown_ws/install/duckietown_msgs/include/duckietown_msgs/duckietown_msgs/msg/detail/vector2_d__traits.hpp
[251.090s] -- Symlinking: /home/vboxuser/duckietown_ws/install/duckietown_msgs/include/duckietown_msgs/duckietown_msgs/msg/detail/vector2_d__type_support.hpp
[251.116s] -- Symlinking: /home/vboxuser/duckietown_ws/install/duckietown_msgs/include/duckietown_msgs/duckietown_msgs/msg/detail/vehicle_corners__builder.hpp
[251.135s] -- Symlinking: /home/vboxuser/duckietown_ws/install/duckietown_msgs/include/duckietown_msgs/duckietown_msgs/msg/detail/vehicle_corners__struct.hpp
[251.150s] -- Symlinking: /home/vboxuser/duckietown_ws/install/duckietown_msgs/include/duckietown_msgs/duckietown_msgs/msg/detail/vehicle_corners__traits.hpp
[251.173s] -- Symlinking: /home/vboxuser/duckietown_ws/install/duckietown_msgs/include/duckietown_msgs/duckietown_msgs/msg/detail/vehicle_corners__type_support.hpp
[251.203s] -- Symlinking: /home/vboxuser/duckietown_ws/install/duckietown_msgs/include/duckietown_msgs/duckietown_msgs/msg/detail/vehicle_pose__builder.hpp
[251.231s] -- Symlinking: /home/vboxuser/duckietown_ws/install/duckietown_msgs/include/duckietown_msgs/duckietown_msgs/msg/detail/vehicle_pose__struct.hpp
[251.249s] -- Symlinking: /home/vboxuser/duckietown_ws/install/duckietown_msgs/include/duckietown_msgs/duckietown_msgs/msg/detail/vehicle_pose__traits.hpp
[251.266s] -- Symlinking: /home/vboxuser/duckietown_ws/install/duckietown_msgs/include/duckietown_msgs/duckietown_msgs/msg/detail/vehicle_pose__type_support.hpp
[251.295s] -- Symlinking: /home/vboxuser/duckietown_ws/install/duckietown_msgs/include/duckietown_msgs/duckietown_msgs/msg/detail/vsample__builder.hpp
[251.313s] -- Symlinking: /home/vboxuser/duckietown_ws/install/duckietown_msgs/include/duckietown_msgs/duckietown_msgs/msg/detail/vsample__struct.hpp
[251.332s] -- Symlinking: /home/vboxuser/duckietown_ws/install/duckietown_msgs/include/duckietown_msgs/duckietown_msgs/msg/detail/vsample__traits.hpp
[251.346s] -- Symlinking: /home/vboxuser/duckietown_ws/install/duckietown_msgs/include/duckietown_msgs/duckietown_msgs/msg/detail/vsample__type_support.hpp
[251.363s] -- Symlinking: /home/vboxuser/duckietown_ws/install/duckietown_msgs/include/duckietown_msgs/duckietown_msgs/msg/detail/wheels_cmd__builder.hpp
[251.383s] -- Symlinking: /home/vboxuser/duckietown_ws/install/duckietown_msgs/include/duckietown_msgs/duckietown_msgs/msg/detail/wheels_cmd__struct.hpp
[251.413s] -- Symlinking: /home/vboxuser/duckietown_ws/install/duckietown_msgs/include/duckietown_msgs/duckietown_msgs/msg/detail/wheels_cmd__traits.hpp
[251.429s] -- Symlinking: /home/vboxuser/duckietown_ws/install/duckietown_msgs/include/duckietown_msgs/duckietown_msgs/msg/detail/wheels_cmd__type_support.hpp
[251.447s] -- Symlinking: /home/vboxuser/duckietown_ws/install/duckietown_msgs/include/duckietown_msgs/duckietown_msgs/msg/detail/wheels_cmd_stamped__builder.hpp
[251.465s] -- Symlinking: /home/vboxuser/duckietown_ws/install/duckietown_msgs/include/duckietown_msgs/duckietown_msgs/msg/detail/wheels_cmd_stamped__struct.hpp
[251.482s] -- Symlinking: /home/vboxuser/duckietown_ws/install/duckietown_msgs/include/duckietown_msgs/duckietown_msgs/msg/detail/wheels_cmd_stamped__traits.hpp
[251.507s] -- Symlinking: /home/vboxuser/duckietown_ws/install/duckietown_msgs/include/duckietown_msgs/duckietown_msgs/msg/detail/wheels_cmd_stamped__type_support.hpp
[251.527s] -- Symlinking: /home/vboxuser/duckietown_ws/install/duckietown_msgs/include/duckietown_msgs/duckietown_msgs/msg/duckie_sensor.hpp
[251.542s] -- Symlinking: /home/vboxuser/duckietown_ws/install/duckietown_msgs/include/duckietown_msgs/duckietown_msgs/msg/fsm_state.hpp
[251.559s] -- Symlinking: /home/vboxuser/duckietown_ws/install/duckietown_msgs/include/duckietown_msgs/duckietown_msgs/msg/intersection_pose.hpp
[251.579s] -- Symlinking: /home/vboxuser/duckietown_ws/install/duckietown_msgs/include/duckietown_msgs/duckietown_msgs/msg/intersection_pose_img.hpp
[251.603s] -- Symlinking: /home/vboxuser/duckietown_ws/install/duckietown_msgs/include/duckietown_msgs/duckietown_msgs/msg/intersection_pose_img_debug.hpp
[251.624s] -- Symlinking: /home/vboxuser/duckietown_ws/install/duckietown_msgs/include/duckietown_msgs/duckietown_msgs/msg/kinematics_parameters.hpp
[251.639s] -- Symlinking: /home/vboxuser/duckietown_ws/install/duckietown_msgs/include/duckietown_msgs/duckietown_msgs/msg/kinematics_weights.hpp
[251.656s] -- Symlinking: /home/vboxuser/duckietown_ws/install/duckietown_msgs/include/duckietown_msgs/duckietown_msgs/msg/lane_pose.hpp
[251.672s] -- Symlinking: /home/vboxuser/duckietown_ws/install/duckietown_msgs/include/duckietown_msgs/duckietown_msgs/msg/led_detection.hpp
[251.688s] -- Symlinking: /home/vboxuser/duckietown_ws/install/duckietown_msgs/include/duckietown_msgs/duckietown_msgs/msg/led_detection_array.hpp
[251.718s] -- Symlinking: /home/vboxuser/duckietown_ws/install/duckietown_msgs/include/duckietown_msgs/duckietown_msgs/msg/led_detection_debug_info.hpp
[251.737s] -- Symlinking: /home/vboxuser/duckietown_ws/install/duckietown_msgs/include/duckietown_msgs/duckietown_msgs/msg/led_interpreter.hpp
[251.753s] -- Symlinking: /home/vboxuser/duckietown_ws/install/duckietown_msgs/include/duckietown_msgs/duckietown_msgs/msg/maintenance_state.hpp
[251.779s] -- Symlinking: /home/vboxuser/duckietown_ws/install/duckietown_msgs/include/duckietown_msgs/duckietown_msgs/msg/num.hpp
[251.798s] -- Symlinking: /home/vboxuser/duckietown_ws/install/duckietown_msgs/include/duckietown_msgs/duckietown_msgs/msg/obstacle_image_detection.hpp
[251.822s] -- Symlinking: /home/vboxuser/duckietown_ws/install/duckietown_msgs/include/duckietown_msgs/duckietown_msgs/msg/obstacle_image_detection_list.hpp
[251.846s] -- Symlinking: /home/vboxuser/duckietown_ws/install/duckietown_msgs/include/duckietown_msgs/duckietown_msgs/msg/obstacle_projected_detection.hpp
[251.864s] -- Symlinking: /home/vboxuser/duckietown_ws/install/duckietown_msgs/include/duckietown_msgs/duckietown_msgs/msg/obstacle_projected_detection_list.hpp
[251.880s] -- Symlinking: /home/vboxuser/duckietown_ws/install/duckietown_msgs/include/duckietown_msgs/duckietown_msgs/msg/obstacle_type.hpp
[251.897s] -- Symlinking: /home/vboxuser/duckietown_ws/install/duckietown_msgs/include/duckietown_msgs/duckietown_msgs/msg/pixel.hpp
[251.926s] -- Symlinking: /home/vboxuser/duckietown_ws/install/duckietown_msgs/include/duckietown_msgs/duckietown_msgs/msg/pose2_d_stamped.hpp
[251.946s] -- Symlinking: /home/vboxuser/duckietown_ws/install/duckietown_msgs/include/duckietown_msgs/duckietown_msgs/msg/rect.hpp
[251.986s] -- Symlinking: /home/vboxuser/duckietown_ws/install/duckietown_msgs/include/duckietown_msgs/duckietown_msgs/msg/rects.hpp
[252.039s] -- Symlinking: /home/vboxuser/duckietown_ws/install/duckietown_msgs/include/duckietown_msgs/duckietown_msgs/msg/rosidl_generator_cpp__visibility_control.hpp
[252.059s] -- Symlinking: /home/vboxuser/duckietown_ws/install/duckietown_msgs/include/duckietown_msgs/duckietown_msgs/msg/scene_segments.hpp
[252.083s] -- Symlinking: /home/vboxuser/duckietown_ws/install/duckietown_msgs/include/duckietown_msgs/duckietown_msgs/msg/segment.hpp
[252.102s] -- Symlinking: /home/vboxuser/duckietown_ws/install/duckietown_msgs/include/duckietown_msgs/duckietown_msgs/msg/segment_list.hpp
[252.135s] -- Symlinking: /home/vboxuser/duckietown_ws/install/duckietown_msgs/include/duckietown_msgs/duckietown_msgs/msg/signals_detection.hpp
[252.152s] -- Symlinking: /home/vboxuser/duckietown_ws/install/duckietown_msgs/include/duckietown_msgs/duckietown_msgs/msg/signals_detection_ethz17.hpp
[252.169s] -- Symlinking: /home/vboxuser/duckietown_ws/install/duckietown_msgs/include/duckietown_msgs/duckietown_msgs/msg/source_target_nodes.hpp
[252.194s] -- Symlinking: /home/vboxuser/duckietown_ws/install/duckietown_msgs/include/duckietown_msgs/duckietown_msgs/msg/stop_line_reading.hpp
[252.233s] -- Symlinking: /home/vboxuser/duckietown_ws/install/duckietown_msgs/include/duckietown_msgs/duckietown_msgs/msg/tag_info.hpp
[252.252s] -- Symlinking: /home/vboxuser/duckietown_ws/install/duckietown_msgs/include/duckietown_msgs/duckietown_msgs/msg/theta_dot_sample.hpp
[252.269s] -- Symlinking: /home/vboxuser/duckietown_ws/install/duckietown_msgs/include/duckietown_msgs/duckietown_msgs/msg/trajectory.hpp
[252.289s] -- Symlinking: /home/vboxuser/duckietown_ws/install/duckietown_msgs/include/duckietown_msgs/duckietown_msgs/msg/turn_i_dand_type.hpp
[252.306s] -- Symlinking: /home/vboxuser/duckietown_ws/install/duckietown_msgs/include/duckietown_msgs/duckietown_msgs/msg/twist2_d_stamped.hpp
[252.332s] -- Symlinking: /home/vboxuser/duckietown_ws/install/duckietown_msgs/include/duckietown_msgs/duckietown_msgs/msg/twist2_d_stamped_ethz17.hpp
[252.351s] -- Symlinking: /home/vboxuser/duckietown_ws/install/duckietown_msgs/include/duckietown_msgs/duckietown_msgs/msg/vector2_d.hpp
[252.379s] -- Symlinking: /home/vboxuser/duckietown_ws/install/duckietown_msgs/include/duckietown_msgs/duckietown_msgs/msg/vehicle_corners.hpp
[252.397s] -- Symlinking: /home/vboxuser/duckietown_ws/install/duckietown_msgs/include/duckietown_msgs/duckietown_msgs/msg/vehicle_pose.hpp
[252.415s] -- Symlinking: /home/vboxuser/duckietown_ws/install/duckietown_msgs/include/duckietown_msgs/duckietown_msgs/msg/vsample.hpp
[252.440s] -- Symlinking: /home/vboxuser/duckietown_ws/install/duckietown_msgs/include/duckietown_msgs/duckietown_msgs/msg/wheels_cmd.hpp
[252.460s] -- Symlinking: /home/vboxuser/duckietown_ws/install/duckietown_msgs/include/duckietown_msgs/duckietown_msgs/msg/wheels_cmd_stamped.hpp
[252.475s] -- Symlinking: /home/vboxuser/duckietown_ws/install/duckietown_msgs/include/duckietown_msgs/duckietown_msgs/srv/detail/get_variable__builder.hpp
[252.491s] -- Symlinking: /home/vboxuser/duckietown_ws/install/duckietown_msgs/include/duckietown_msgs/duckietown_msgs/srv/detail/get_variable__struct.hpp
[252.510s] -- Symlinking: /home/vboxuser/duckietown_ws/install/duckietown_msgs/include/duckietown_msgs/duckietown_msgs/srv/detail/get_variable__traits.hpp
[252.534s] -- Symlinking: /home/vboxuser/duckietown_ws/install/duckietown_msgs/include/duckietown_msgs/duckietown_msgs/srv/detail/get_variable__type_support.hpp
[252.554s] -- Symlinking: /home/vboxuser/duckietown_ws/install/duckietown_msgs/include/duckietown_msgs/duckietown_msgs/srv/detail/set_fsm_state__builder.hpp
[252.570s] -- Symlinking: /home/vboxuser/duckietown_ws/install/duckietown_msgs/include/duckietown_msgs/duckietown_msgs/srv/detail/set_fsm_state__struct.hpp
[252.587s] -- Symlinking: /home/vboxuser/duckietown_ws/install/duckietown_msgs/include/duckietown_msgs/duckietown_msgs/srv/detail/set_fsm_state__traits.hpp
[252.604s] -- Symlinking: /home/vboxuser/duckietown_ws/install/duckietown_msgs/include/duckietown_msgs/duckietown_msgs/srv/detail/set_fsm_state__type_support.hpp
[252.622s] -- Symlinking: /home/vboxuser/duckietown_ws/install/duckietown_msgs/include/duckietown_msgs/duckietown_msgs/srv/detail/set_value__builder.hpp
[252.649s] -- Symlinking: /home/vboxuser/duckietown_ws/install/duckietown_msgs/include/duckietown_msgs/duckietown_msgs/srv/detail/set_value__struct.hpp
[252.667s] -- Symlinking: /home/vboxuser/duckietown_ws/install/duckietown_msgs/include/duckietown_msgs/duckietown_msgs/srv/detail/set_value__traits.hpp
[252.683s] -- Symlinking: /home/vboxuser/duckietown_ws/install/duckietown_msgs/include/duckietown_msgs/duckietown_msgs/srv/detail/set_value__type_support.hpp
[252.698s] -- Symlinking: /home/vboxuser/duckietown_ws/install/duckietown_msgs/include/duckietown_msgs/duckietown_msgs/srv/detail/set_variable__builder.hpp
[252.720s] -- Symlinking: /home/vboxuser/duckietown_ws/install/duckietown_msgs/include/duckietown_msgs/duckietown_msgs/srv/detail/set_variable__struct.hpp
[252.746s] -- Symlinking: /home/vboxuser/duckietown_ws/install/duckietown_msgs/include/duckietown_msgs/duckietown_msgs/srv/detail/set_variable__traits.hpp
[252.763s] -- Symlinking: /home/vboxuser/duckietown_ws/install/duckietown_msgs/include/duckietown_msgs/duckietown_msgs/srv/detail/set_variable__type_support.hpp
[252.781s] -- Symlinking: /home/vboxuser/duckietown_ws/install/duckietown_msgs/include/duckietown_msgs/duckietown_msgs/srv/get_variable.hpp
[252.796s] -- Symlinking: /home/vboxuser/duckietown_ws/install/duckietown_msgs/include/duckietown_msgs/duckietown_msgs/srv/set_fsm_state.hpp
[252.814s] -- Symlinking: /home/vboxuser/duckietown_ws/install/duckietown_msgs/include/duckietown_msgs/duckietown_msgs/srv/set_value.hpp
[252.839s] -- Symlinking: /home/vboxuser/duckietown_ws/install/duckietown_msgs/include/duckietown_msgs/duckietown_msgs/srv/set_variable.hpp
[252.860s] -- Symlinking: /home/vboxuser/duckietown_ws/install/duckietown_msgs/include/duckietown_msgs/duckietown_msgs/msg/detail/anti_instagram_health__rosidl_typesupport_fastrtps_cpp.hpp
[252.879s] -- Symlinking: /home/vboxuser/duckietown_ws/install/duckietown_msgs/include/duckietown_msgs/duckietown_msgs/msg/detail/anti_instagram_transform__rosidl_typesupport_fastrtps_cpp.hpp
[252.897s] -- Symlinking: /home/vboxuser/duckietown_ws/install/duckietown_msgs/include/duckietown_msgs/duckietown_msgs/msg/detail/anti_instagram_transform_cb__rosidl_typesupport_fastrtps_cpp.hpp
[252.915s] -- Symlinking: /home/vboxuser/duckietown_ws/install/duckietown_msgs/include/duckietown_msgs/duckietown_msgs/msg/detail/april_tag_detection__rosidl_typesupport_fastrtps_cpp.hpp
[252.942s] -- Symlinking: /home/vboxuser/duckietown_ws/install/duckietown_msgs/include/duckietown_msgs/duckietown_msgs/msg/detail/april_tag_detection_array__rosidl_typesupport_fastrtps_cpp.hpp
[252.959s] -- Symlinking: /home/vboxuser/duckietown_ws/install/duckietown_msgs/include/duckietown_msgs/duckietown_msgs/msg/detail/april_tags_with_infos__rosidl_typesupport_fastrtps_cpp.hpp
[252.985s] -- Symlinking: /home/vboxuser/duckietown_ws/install/duckietown_msgs/include/duckietown_msgs/duckietown_msgs/msg/detail/bool_stamped__rosidl_typesupport_fastrtps_cpp.hpp
[253.002s] -- Symlinking: /home/vboxuser/duckietown_ws/install/duckietown_msgs/include/duckietown_msgs/duckietown_msgs/msg/detail/bool_stamped_ethz17__rosidl_typesupport_fastrtps_cpp.hpp
[253.021s] -- Symlinking: /home/vboxuser/duckietown_ws/install/duckietown_msgs/include/duckietown_msgs/duckietown_msgs/msg/detail/car_control__rosidl_typesupport_fastrtps_cpp.hpp
[253.049s] -- Symlinking: /home/vboxuser/duckietown_ws/install/duckietown_msgs/include/duckietown_msgs/duckietown_msgs/msg/detail/coordination_clearance__rosidl_typesupport_fastrtps_cpp.hpp
[253.066s] -- Symlinking: /home/vboxuser/duckietown_ws/install/duckietown_msgs/include/duckietown_msgs/duckietown_msgs/msg/detail/coordination_clearance_ethz17__rosidl_typesupport_fastrtps_cpp.hpp
[253.083s] -- Symlinking: /home/vboxuser/duckietown_ws/install/duckietown_msgs/include/duckietown_msgs/duckietown_msgs/msg/detail/coordination_signal__rosidl_typesupport_fastrtps_cpp.hpp
[253.098s] -- Symlinking: /home/vboxuser/duckietown_ws/install/duckietown_msgs/include/duckietown_msgs/duckietown_msgs/msg/detail/coordination_signal_ethz17__rosidl_typesupport_fastrtps_cpp.hpp
[253.117s] -- Symlinking: /home/vboxuser/duckietown_ws/install/duckietown_msgs/include/duckietown_msgs/duckietown_msgs/msg/detail/duckie_sensor__rosidl_typesupport_fastrtps_cpp.hpp
[253.145s] -- Symlinking: /home/vboxuser/duckietown_ws/install/duckietown_msgs/include/duckietown_msgs/duckietown_msgs/msg/detail/fsm_state__rosidl_typesupport_fastrtps_cpp.hpp
[253.167s] -- Symlinking: /home/vboxuser/duckietown_ws/install/duckietown_msgs/include/duckietown_msgs/duckietown_msgs/msg/detail/intersection_pose__rosidl_typesupport_fastrtps_cpp.hpp
[253.189s] -- Symlinking: /home/vboxuser/duckietown_ws/install/duckietown_msgs/include/duckietown_msgs/duckietown_msgs/msg/detail/intersection_pose_img__rosidl_typesupport_fastrtps_cpp.hpp
[253.208s] -- Symlinking: /home/vboxuser/duckietown_ws/install/duckietown_msgs/include/duckietown_msgs/duckietown_msgs/msg/detail/intersection_pose_img_debug__rosidl_typesupport_fastrtps_cpp.hpp
[253.248s] -- Symlinking: /home/vboxuser/duckietown_ws/install/duckietown_msgs/include/duckietown_msgs/duckietown_msgs/msg/detail/kinematics_parameters__rosidl_typesupport_fastrtps_cpp.hpp
[253.266s] -- Symlinking: /home/vboxuser/duckietown_ws/install/duckietown_msgs/include/duckietown_msgs/duckietown_msgs/msg/detail/kinematics_weights__rosidl_typesupport_fastrtps_cpp.hpp
[253.285s] -- Symlinking: /home/vboxuser/duckietown_ws/install/duckietown_msgs/include/duckietown_msgs/duckietown_msgs/msg/detail/lane_pose__rosidl_typesupport_fastrtps_cpp.hpp
[253.301s] -- Symlinking: /home/vboxuser/duckietown_ws/install/duckietown_msgs/include/duckietown_msgs/duckietown_msgs/msg/detail/led_detection__rosidl_typesupport_fastrtps_cpp.hpp
[253.318s] -- Symlinking: /home/vboxuser/duckietown_ws/install/duckietown_msgs/include/duckietown_msgs/duckietown_msgs/msg/detail/led_detection_array__rosidl_typesupport_fastrtps_cpp.hpp
[253.345s] -- Symlinking: /home/vboxuser/duckietown_ws/install/duckietown_msgs/include/duckietown_msgs/duckietown_msgs/msg/detail/led_detection_debug_info__rosidl_typesupport_fastrtps_cpp.hpp
[253.362s] -- Symlinking: /home/vboxuser/duckietown_ws/install/duckietown_msgs/include/duckietown_msgs/duckietown_msgs/msg/detail/led_interpreter__rosidl_typesupport_fastrtps_cpp.hpp
[253.379s] -- Symlinking: /home/vboxuser/duckietown_ws/install/duckietown_msgs/include/duckietown_msgs/duckietown_msgs/msg/detail/maintenance_state__rosidl_typesupport_fastrtps_cpp.hpp
[253.397s] -- Symlinking: /home/vboxuser/duckietown_ws/install/duckietown_msgs/include/duckietown_msgs/duckietown_msgs/msg/detail/num__rosidl_typesupport_fastrtps_cpp.hpp
[253.414s] -- Symlinking: /home/vboxuser/duckietown_ws/install/duckietown_msgs/include/duckietown_msgs/duckietown_msgs/msg/detail/obstacle_image_detection__rosidl_typesupport_fastrtps_cpp.hpp
[253.434s] -- Symlinking: /home/vboxuser/duckietown_ws/install/duckietown_msgs/include/duckietown_msgs/duckietown_msgs/msg/detail/obstacle_image_detection_list__rosidl_typesupport_fastrtps_cpp.hpp
[253.463s] -- Symlinking: /home/vboxuser/duckietown_ws/install/duckietown_msgs/include/duckietown_msgs/duckietown_msgs/msg/detail/obstacle_projected_detection__rosidl_typesupport_fastrtps_cpp.hpp
[253.480s] -- Symlinking: /home/vboxuser/duckietown_ws/install/duckietown_msgs/include/duckietown_msgs/duckietown_msgs/msg/detail/obstacle_projected_detection_list__rosidl_typesupport_fastrtps_cpp.hpp
[253.498s] -- Symlinking: /home/vboxuser/duckietown_ws/install/duckietown_msgs/include/duckietown_msgs/duckietown_msgs/msg/detail/obstacle_type__rosidl_typesupport_fastrtps_cpp.hpp
[253.516s] -- Symlinking: /home/vboxuser/duckietown_ws/install/duckietown_msgs/include/duckietown_msgs/duckietown_msgs/msg/detail/pixel__rosidl_typesupport_fastrtps_cpp.hpp
[253.534s] -- Symlinking: /home/vboxuser/duckietown_ws/install/duckietown_msgs/include/duckietown_msgs/duckietown_msgs/msg/detail/pose2_d_stamped__rosidl_typesupport_fastrtps_cpp.hpp
[253.560s] -- Symlinking: /home/vboxuser/duckietown_ws/install/duckietown_msgs/include/duckietown_msgs/duckietown_msgs/msg/detail/rect__rosidl_typesupport_fastrtps_cpp.hpp
[253.583s] -- Symlinking: /home/vboxuser/duckietown_ws/install/duckietown_msgs/include/duckietown_msgs/duckietown_msgs/msg/detail/rects__rosidl_typesupport_fastrtps_cpp.hpp
[253.603s] -- Symlinking: /home/vboxuser/duckietown_ws/install/duckietown_msgs/include/duckietown_msgs/duckietown_msgs/msg/detail/scene_segments__rosidl_typesupport_fastrtps_cpp.hpp
[253.625s] -- Symlinking: /home/vboxuser/duckietown_ws/install/duckietown_msgs/include/duckietown_msgs/duckietown_msgs/msg/detail/segment__rosidl_typesupport_fastrtps_cpp.hpp
[253.641s] -- Symlinking: /home/vboxuser/duckietown_ws/install/duckietown_msgs/include/duckietown_msgs/duckietown_msgs/msg/detail/segment_list__rosidl_typesupport_fastrtps_cpp.hpp
[253.667s] -- Symlinking: /home/vboxuser/duckietown_ws/install/duckietown_msgs/include/duckietown_msgs/duckietown_msgs/msg/detail/signals_detection__rosidl_typesupport_fastrtps_cpp.hpp
[253.685s] -- Symlinking: /home/vboxuser/duckietown_ws/install/duckietown_msgs/include/duckietown_msgs/duckietown_msgs/msg/detail/signals_detection_ethz17__rosidl_typesupport_fastrtps_cpp.hpp
[253.702s] -- Symlinking: /home/vboxuser/duckietown_ws/install/duckietown_msgs/include/duckietown_msgs/duckietown_msgs/msg/detail/source_target_nodes__rosidl_typesupport_fastrtps_cpp.hpp
[253.725s] -- Symlinking: /home/vboxuser/duckietown_ws/install/duckietown_msgs/include/duckietown_msgs/duckietown_msgs/msg/detail/stop_line_reading__rosidl_typesupport_fastrtps_cpp.hpp
[253.745s] -- Symlinking: /home/vboxuser/duckietown_ws/install/duckietown_msgs/include/duckietown_msgs/duckietown_msgs/msg/detail/tag_info__rosidl_typesupport_fastrtps_cpp.hpp
[253.771s] -- Symlinking: /home/vboxuser/duckietown_ws/install/duckietown_msgs/include/duckietown_msgs/duckietown_msgs/msg/detail/theta_dot_sample__rosidl_typesupport_fastrtps_cpp.hpp
[253.791s] -- Symlinking: /home/vboxuser/duckietown_ws/install/duckietown_msgs/include/duckietown_msgs/duckietown_msgs/msg/detail/trajectory__rosidl_typesupport_fastrtps_cpp.hpp
[253.808s] -- Symlinking: /home/vboxuser/duckietown_ws/install/duckietown_msgs/include/duckietown_msgs/duckietown_msgs/msg/detail/turn_i_dand_type__rosidl_typesupport_fastrtps_cpp.hpp
[253.825s] -- Symlinking: /home/vboxuser/duckietown_ws/install/duckietown_msgs/include/duckietown_msgs/duckietown_msgs/msg/detail/twist2_d_stamped__rosidl_typesupport_fastrtps_cpp.hpp
[253.842s] -- Symlinking: /home/vboxuser/duckietown_ws/install/duckietown_msgs/include/duckietown_msgs/duckietown_msgs/msg/detail/twist2_d_stamped_ethz17__rosidl_typesupport_fastrtps_cpp.hpp
[253.869s] -- Symlinking: /home/vboxuser/duckietown_ws/install/duckietown_msgs/include/duckietown_msgs/duckietown_msgs/msg/detail/vector2_d__rosidl_typesupport_fastrtps_cpp.hpp
[253.887s] -- Symlinking: /home/vboxuser/duckietown_ws/install/duckietown_msgs/include/duckietown_msgs/duckietown_msgs/msg/detail/vehicle_corners__rosidl_typesupport_fastrtps_cpp.hpp
[253.905s] -- Symlinking: /home/vboxuser/duckietown_ws/install/duckietown_msgs/include/duckietown_msgs/duckietown_msgs/msg/detail/vehicle_pose__rosidl_typesupport_fastrtps_cpp.hpp
[253.922s] -- Symlinking: /home/vboxuser/duckietown_ws/install/duckietown_msgs/include/duckietown_msgs/duckietown_msgs/msg/detail/vsample__rosidl_typesupport_fastrtps_cpp.hpp
[253.939s] -- Symlinking: /home/vboxuser/duckietown_ws/install/duckietown_msgs/include/duckietown_msgs/duckietown_msgs/msg/detail/wheels_cmd__rosidl_typesupport_fastrtps_cpp.hpp
[253.966s] -- Symlinking: /home/vboxuser/duckietown_ws/install/duckietown_msgs/include/duckietown_msgs/duckietown_msgs/msg/detail/wheels_cmd_stamped__rosidl_typesupport_fastrtps_cpp.hpp
[253.984s] -- Symlinking: /home/vboxuser/duckietown_ws/install/duckietown_msgs/include/duckietown_msgs/duckietown_msgs/msg/rosidl_typesupport_fastrtps_cpp__visibility_control.h
[254.000s] -- Symlinking: /home/vboxuser/duckietown_ws/install/duckietown_msgs/include/duckietown_msgs/duckietown_msgs/srv/detail/get_variable__rosidl_typesupport_fastrtps_cpp.hpp
[254.017s] -- Symlinking: /home/vboxuser/duckietown_ws/install/duckietown_msgs/include/duckietown_msgs/duckietown_msgs/srv/detail/set_fsm_state__rosidl_typesupport_fastrtps_cpp.hpp
[254.034s] -- Symlinking: /home/vboxuser/duckietown_ws/install/duckietown_msgs/include/duckietown_msgs/duckietown_msgs/srv/detail/set_value__rosidl_typesupport_fastrtps_cpp.hpp
[254.052s] -- Symlinking: /home/vboxuser/duckietown_ws/install/duckietown_msgs/include/duckietown_msgs/duckietown_msgs/srv/detail/set_variable__rosidl_typesupport_fastrtps_cpp.hpp
[254.079s] -- Symlinking: /home/vboxuser/duckietown_ws/install/duckietown_msgs/include/duckietown_msgs/duckietown_msgs/msg/detail/anti_instagram_health__rosidl_typesupport_introspection_cpp.hpp
[254.096s] -- Symlinking: /home/vboxuser/duckietown_ws/install/duckietown_msgs/include/duckietown_msgs/duckietown_msgs/msg/detail/anti_instagram_transform__rosidl_typesupport_introspection_cpp.hpp
[254.112s] -- Symlinking: /home/vboxuser/duckietown_ws/install/duckietown_msgs/include/duckietown_msgs/duckietown_msgs/msg/detail/anti_instagram_transform_cb__rosidl_typesupport_introspection_cpp.hpp
[254.129s] -- Symlinking: /home/vboxuser/duckietown_ws/install/duckietown_msgs/include/duckietown_msgs/duckietown_msgs/msg/detail/april_tag_detection__rosidl_typesupport_introspection_cpp.hpp
[254.146s] -- Symlinking: /home/vboxuser/duckietown_ws/install/duckietown_msgs/include/duckietown_msgs/duckietown_msgs/msg/detail/april_tag_detection_array__rosidl_typesupport_introspection_cpp.hpp
[254.180s] -- Symlinking: /home/vboxuser/duckietown_ws/install/duckietown_msgs/include/duckietown_msgs/duckietown_msgs/msg/detail/april_tags_with_infos__rosidl_typesupport_introspection_cpp.hpp
[254.209s] -- Symlinking: /home/vboxuser/duckietown_ws/install/duckietown_msgs/include/duckietown_msgs/duckietown_msgs/msg/detail/bool_stamped__rosidl_typesupport_introspection_cpp.hpp
[254.238s] -- Symlinking: /home/vboxuser/duckietown_ws/install/duckietown_msgs/include/duckietown_msgs/duckietown_msgs/msg/detail/bool_stamped_ethz17__rosidl_typesupport_introspection_cpp.hpp
[254.258s] -- Symlinking: /home/vboxuser/duckietown_ws/install/duckietown_msgs/include/duckietown_msgs/duckietown_msgs/msg/detail/car_control__rosidl_typesupport_introspection_cpp.hpp
[254.288s] -- Symlinking: /home/vboxuser/duckietown_ws/install/duckietown_msgs/include/duckietown_msgs/duckietown_msgs/msg/detail/coordination_clearance__rosidl_typesupport_introspection_cpp.hpp
[254.306s] -- Symlinking: /home/vboxuser/duckietown_ws/install/duckietown_msgs/include/duckietown_msgs/duckietown_msgs/msg/detail/coordination_clearance_ethz17__rosidl_typesupport_introspection_cpp.hpp
[254.324s] -- Symlinking: /home/vboxuser/duckietown_ws/install/duckietown_msgs/include/duckietown_msgs/duckietown_msgs/msg/detail/coordination_signal__rosidl_typesupport_introspection_cpp.hpp
[254.343s] -- Symlinking: /home/vboxuser/duckietown_ws/install/duckietown_msgs/include/duckietown_msgs/duckietown_msgs/msg/detail/coordination_signal_ethz17__rosidl_typesupport_introspection_cpp.hpp
[254.370s] -- Symlinking: /home/vboxuser/duckietown_ws/install/duckietown_msgs/include/duckietown_msgs/duckietown_msgs/msg/detail/duckie_sensor__rosidl_typesupport_introspection_cpp.hpp
[254.387s] -- Symlinking: /home/vboxuser/duckietown_ws/install/duckietown_msgs/include/duckietown_msgs/duckietown_msgs/msg/detail/fsm_state__rosidl_typesupport_introspection_cpp.hpp
[254.407s] -- Symlinking: /home/vboxuser/duckietown_ws/install/duckietown_msgs/include/duckietown_msgs/duckietown_msgs/msg/detail/intersection_pose__rosidl_typesupport_introspection_cpp.hpp
[254.424s] -- Symlinking: /home/vboxuser/duckietown_ws/install/duckietown_msgs/include/duckietown_msgs/duckietown_msgs/msg/detail/intersection_pose_img__rosidl_typesupport_introspection_cpp.hpp
[254.443s] -- Symlinking: /home/vboxuser/duckietown_ws/install/duckietown_msgs/include/duckietown_msgs/duckietown_msgs/msg/detail/intersection_pose_img_debug__rosidl_typesupport_introspection_cpp.hpp
[254.470s] -- Symlinking: /home/vboxuser/duckietown_ws/install/duckietown_msgs/include/duckietown_msgs/duckietown_msgs/msg/detail/kinematics_parameters__rosidl_typesupport_introspection_cpp.hpp
[254.489s] -- Symlinking: /home/vboxuser/duckietown_ws/install/duckietown_msgs/include/duckietown_msgs/duckietown_msgs/msg/detail/kinematics_weights__rosidl_typesupport_introspection_cpp.hpp
[254.504s] -- Symlinking: /home/vboxuser/duckietown_ws/install/duckietown_msgs/include/duckietown_msgs/duckietown_msgs/msg/detail/lane_pose__rosidl_typesupport_introspection_cpp.hpp
[254.521s] -- Symlinking: /home/vboxuser/duckietown_ws/install/duckietown_msgs/include/duckietown_msgs/duckietown_msgs/msg/detail/led_detection__rosidl_typesupport_introspection_cpp.hpp
[254.536s] -- Symlinking: /home/vboxuser/duckietown_ws/install/duckietown_msgs/include/duckietown_msgs/duckietown_msgs/msg/detail/led_detection_array__rosidl_typesupport_introspection_cpp.hpp
[254.553s] -- Symlinking: /home/vboxuser/duckietown_ws/install/duckietown_msgs/include/duckietown_msgs/duckietown_msgs/msg/detail/led_detection_debug_info__rosidl_typesupport_introspection_cpp.hpp
[254.583s] -- Symlinking: /home/vboxuser/duckietown_ws/install/duckietown_msgs/include/duckietown_msgs/duckietown_msgs/msg/detail/led_interpreter__rosidl_typesupport_introspection_cpp.hpp
[254.597s] -- Symlinking: /home/vboxuser/duckietown_ws/install/duckietown_msgs/include/duckietown_msgs/duckietown_msgs/msg/detail/maintenance_state__rosidl_typesupport_introspection_cpp.hpp
[254.613s] -- Symlinking: /home/vboxuser/duckietown_ws/install/duckietown_msgs/include/duckietown_msgs/duckietown_msgs/msg/detail/num__rosidl_typesupport_introspection_cpp.hpp
[254.630s] -- Symlinking: /home/vboxuser/duckietown_ws/install/duckietown_msgs/include/duckietown_msgs/duckietown_msgs/msg/detail/obstacle_image_detection__rosidl_typesupport_introspection_cpp.hpp
[254.648s] -- Symlinking: /home/vboxuser/duckietown_ws/install/duckietown_msgs/include/duckietown_msgs/duckietown_msgs/msg/detail/obstacle_image_detection_list__rosidl_typesupport_introspection_cpp.hpp
[254.672s] -- Symlinking: /home/vboxuser/duckietown_ws/install/duckietown_msgs/include/duckietown_msgs/duckietown_msgs/msg/detail/obstacle_projected_detection__rosidl_typesupport_introspection_cpp.hpp
[254.692s] -- Symlinking: /home/vboxuser/duckietown_ws/install/duckietown_msgs/include/duckietown_msgs/duckietown_msgs/msg/detail/obstacle_projected_detection_list__rosidl_typesupport_introspection_cpp.hpp
[254.712s] -- Symlinking: /home/vboxuser/duckietown_ws/install/duckietown_msgs/include/duckietown_msgs/duckietown_msgs/msg/detail/obstacle_type__rosidl_typesupport_introspection_cpp.hpp
[254.731s] -- Symlinking: /home/vboxuser/duckietown_ws/install/duckietown_msgs/include/duckietown_msgs/duckietown_msgs/msg/detail/pixel__rosidl_typesupport_introspection_cpp.hpp
[254.749s] -- Symlinking: /home/vboxuser/duckietown_ws/install/duckietown_msgs/include/duckietown_msgs/duckietown_msgs/msg/detail/pose2_d_stamped__rosidl_typesupport_introspection_cpp.hpp
[254.773s] -- Symlinking: /home/vboxuser/duckietown_ws/install/duckietown_msgs/include/duckietown_msgs/duckietown_msgs/msg/detail/rect__rosidl_typesupport_introspection_cpp.hpp
[254.801s] -- Symlinking: /home/vboxuser/duckietown_ws/install/duckietown_msgs/include/duckietown_msgs/duckietown_msgs/msg/detail/rects__rosidl_typesupport_introspection_cpp.hpp
[254.820s] -- Symlinking: /home/vboxuser/duckietown_ws/install/duckietown_msgs/include/duckietown_msgs/duckietown_msgs/msg/detail/scene_segments__rosidl_typesupport_introspection_cpp.hpp
[254.837s] -- Symlinking: /home/vboxuser/duckietown_ws/install/duckietown_msgs/include/duckietown_msgs/duckietown_msgs/msg/detail/segment__rosidl_typesupport_introspection_cpp.hpp
[254.854s] -- Symlinking: /home/vboxuser/duckietown_ws/install/duckietown_msgs/include/duckietown_msgs/duckietown_msgs/msg/detail/segment_list__rosidl_typesupport_introspection_cpp.hpp
[254.879s] -- Symlinking: /home/vboxuser/duckietown_ws/install/duckietown_msgs/include/duckietown_msgs/duckietown_msgs/msg/detail/signals_detection__rosidl_typesupport_introspection_cpp.hpp
[254.900s] -- Symlinking: /home/vboxuser/duckietown_ws/install/duckietown_msgs/include/duckietown_msgs/duckietown_msgs/msg/detail/signals_detection_ethz17__rosidl_typesupport_introspection_cpp.hpp
[254.916s] -- Symlinking: /home/vboxuser/duckietown_ws/install/duckietown_msgs/include/duckietown_msgs/duckietown_msgs/msg/detail/source_target_nodes__rosidl_typesupport_introspection_cpp.hpp
[254.936s] -- Symlinking: /home/vboxuser/duckietown_ws/install/duckietown_msgs/include/duckietown_msgs/duckietown_msgs/msg/detail/stop_line_reading__rosidl_typesupport_introspection_cpp.hpp
[254.953s] -- Symlinking: /home/vboxuser/duckietown_ws/install/duckietown_msgs/include/duckietown_msgs/duckietown_msgs/msg/detail/tag_info__rosidl_typesupport_introspection_cpp.hpp
[254.980s] -- Symlinking: /home/vboxuser/duckietown_ws/install/duckietown_msgs/include/duckietown_msgs/duckietown_msgs/msg/detail/theta_dot_sample__rosidl_typesupport_introspection_cpp.hpp
[254.998s] -- Symlinking: /home/vboxuser/duckietown_ws/install/duckietown_msgs/include/duckietown_msgs/duckietown_msgs/msg/detail/trajectory__rosidl_typesupport_introspection_cpp.hpp
[255.014s] -- Symlinking: /home/vboxuser/duckietown_ws/install/duckietown_msgs/include/duckietown_msgs/duckietown_msgs/msg/detail/turn_i_dand_type__rosidl_typesupport_introspection_cpp.hpp
[255.031s] -- Symlinking: /home/vboxuser/duckietown_ws/install/duckietown_msgs/include/duckietown_msgs/duckietown_msgs/msg/detail/twist2_d_stamped__rosidl_typesupport_introspection_cpp.hpp
[255.049s] -- Symlinking: /home/vboxuser/duckietown_ws/install/duckietown_msgs/include/duckietown_msgs/duckietown_msgs/msg/detail/twist2_d_stamped_ethz17__rosidl_typesupport_introspection_cpp.hpp
[255.073s] -- Symlinking: /home/vboxuser/duckietown_ws/install/duckietown_msgs/include/duckietown_msgs/duckietown_msgs/msg/detail/vector2_d__rosidl_typesupport_introspection_cpp.hpp
[255.093s] -- Symlinking: /home/vboxuser/duckietown_ws/install/duckietown_msgs/include/duckietown_msgs/duckietown_msgs/msg/detail/vehicle_corners__rosidl_typesupport_introspection_cpp.hpp
[255.108s] -- Symlinking: /home/vboxuser/duckietown_ws/install/duckietown_msgs/include/duckietown_msgs/duckietown_msgs/msg/detail/vehicle_pose__rosidl_typesupport_introspection_cpp.hpp
[255.124s] -- Symlinking: /home/vboxuser/duckietown_ws/install/duckietown_msgs/include/duckietown_msgs/duckietown_msgs/msg/detail/vsample__rosidl_typesupport_introspection_cpp.hpp
[255.142s] -- Symlinking: /home/vboxuser/duckietown_ws/install/duckietown_msgs/include/duckietown_msgs/duckietown_msgs/msg/detail/wheels_cmd__rosidl_typesupport_introspection_cpp.hpp
[255.158s] -- Symlinking: /home/vboxuser/duckietown_ws/install/duckietown_msgs/include/duckietown_msgs/duckietown_msgs/msg/detail/wheels_cmd_stamped__rosidl_typesupport_introspection_cpp.hpp
[255.196s] -- Symlinking: /home/vboxuser/duckietown_ws/install/duckietown_msgs/include/duckietown_msgs/duckietown_msgs/srv/detail/get_variable__rosidl_typesupport_introspection_cpp.hpp
[255.216s] -- Symlinking: /home/vboxuser/duckietown_ws/install/duckietown_msgs/include/duckietown_msgs/duckietown_msgs/srv/detail/set_fsm_state__rosidl_typesupport_introspection_cpp.hpp
[255.244s] -- Symlinking: /home/vboxuser/duckietown_ws/install/duckietown_msgs/include/duckietown_msgs/duckietown_msgs/srv/detail/set_value__rosidl_typesupport_introspection_cpp.hpp
[255.271s] -- Symlinking: /home/vboxuser/duckietown_ws/install/duckietown_msgs/include/duckietown_msgs/duckietown_msgs/srv/detail/set_variable__rosidl_typesupport_introspection_cpp.hpp
[255.293s] -- Symlinking: /home/vboxuser/duckietown_ws/install/duckietown_msgs/share/duckietown_msgs/environment/pythonpath.sh
[255.311s] -- Symlinking: /home/vboxuser/duckietown_ws/install/duckietown_msgs/share/duckietown_msgs/environment/pythonpath.dsv
[255.331s] -- Symlinking: /home/vboxuser/duckietown_ws/install/duckietown_msgs/local/lib/python3.10/dist-packages/duckietown_msgs-1.0.0-py3.10.egg-info/PKG-INFO
[255.349s] -- Symlinking: /home/vboxuser/duckietown_ws/install/duckietown_msgs/local/lib/python3.10/dist-packages/duckietown_msgs-1.0.0-py3.10.egg-info/SOURCES.txt
[255.367s] -- Symlinking: /home/vboxuser/duckietown_ws/install/duckietown_msgs/local/lib/python3.10/dist-packages/duckietown_msgs-1.0.0-py3.10.egg-info/dependency_links.txt
[255.393s] -- Symlinking: /home/vboxuser/duckietown_ws/install/duckietown_msgs/local/lib/python3.10/dist-packages/duckietown_msgs-1.0.0-py3.10.egg-info/top_level.txt
[255.415s] -- Symlinking: /home/vboxuser/duckietown_ws/install/duckietown_msgs/local/lib/python3.10/dist-packages/duckietown_msgs/__init__.py
[255.432s] -- Symlinking: /home/vboxuser/duckietown_ws/install/duckietown_msgs/local/lib/python3.10/dist-packages/duckietown_msgs/_duckietown_msgs_s.ep.rosidl_typesupport_c.c
[255.451s] -- Symlinking: /home/vboxuser/duckietown_ws/install/duckietown_msgs/local/lib/python3.10/dist-packages/duckietown_msgs/_duckietown_msgs_s.ep.rosidl_typesupport_fastrtps_c.c
[255.469s] -- Symlinking: /home/vboxuser/duckietown_ws/install/duckietown_msgs/local/lib/python3.10/dist-packages/duckietown_msgs/_duckietown_msgs_s.ep.rosidl_typesupport_introspection_c.c
[255.500s] -- Symlinking: /home/vboxuser/duckietown_ws/install/duckietown_msgs/local/lib/python3.10/dist-packages/duckietown_msgs/duckietown_msgs_s__rosidl_typesupport_c.cpython-310-x86_64-linux-gnu.so
[255.522s] -- Symlinking: /home/vboxuser/duckietown_ws/install/duckietown_msgs/local/lib/python3.10/dist-packages/duckietown_msgs/duckietown_msgs_s__rosidl_typesupport_fastrtps_c.cpython-310-x86_64-linux-gnu.so
[255.541s] -- Symlinking: /home/vboxuser/duckietown_ws/install/duckietown_msgs/local/lib/python3.10/dist-packages/duckietown_msgs/duckietown_msgs_s__rosidl_typesupport_introspection_c.cpython-310-x86_64-linux-gnu.so
[255.559s] -- Symlinking: /home/vboxuser/duckietown_ws/install/duckietown_msgs/local/lib/python3.10/dist-packages/duckietown_msgs/libduckietown_msgs__rosidl_generator_py.so
[255.577s] -- Symlinking: /home/vboxuser/duckietown_ws/install/duckietown_msgs/local/lib/python3.10/dist-packages/duckietown_msgs/msg/__init__.py
[255.602s] -- Symlinking: /home/vboxuser/duckietown_ws/install/duckietown_msgs/local/lib/python3.10/dist-packages/duckietown_msgs/msg/_anti_instagram_health.py
[255.623s] -- Symlinking: /home/vboxuser/duckietown_ws/install/duckietown_msgs/local/lib/python3.10/dist-packages/duckietown_msgs/msg/_anti_instagram_health_s.c
[255.641s] -- Symlinking: /home/vboxuser/duckietown_ws/install/duckietown_msgs/local/lib/python3.10/dist-packages/duckietown_msgs/msg/_anti_instagram_transform.py
[255.659s] -- Symlinking: /home/vboxuser/duckietown_ws/install/duckietown_msgs/local/lib/python3.10/dist-packages/duckietown_msgs/msg/_anti_instagram_transform_cb.py
[255.678s] -- Symlinking: /home/vboxuser/duckietown_ws/install/duckietown_msgs/local/lib/python3.10/dist-packages/duckietown_msgs/msg/_anti_instagram_transform_cb_s.c
[255.706s] -- Symlinking: /home/vboxuser/duckietown_ws/install/duckietown_msgs/local/lib/python3.10/dist-packages/duckietown_msgs/msg/_anti_instagram_transform_s.c
[255.728s] -- Symlinking: /home/vboxuser/duckietown_ws/install/duckietown_msgs/local/lib/python3.10/dist-packages/duckietown_msgs/msg/_april_tag_detection.py
[255.745s] -- Symlinking: /home/vboxuser/duckietown_ws/install/duckietown_msgs/local/lib/python3.10/dist-packages/duckietown_msgs/msg/_april_tag_detection_array.py
[255.762s] -- Symlinking: /home/vboxuser/duckietown_ws/install/duckietown_msgs/local/lib/python3.10/dist-packages/duckietown_msgs/msg/_april_tag_detection_array_s.c
[255.779s] -- Symlinking: /home/vboxuser/duckietown_ws/install/duckietown_msgs/local/lib/python3.10/dist-packages/duckietown_msgs/msg/_april_tag_detection_s.c
[255.806s] -- Symlinking: /home/vboxuser/duckietown_ws/install/duckietown_msgs/local/lib/python3.10/dist-packages/duckietown_msgs/msg/_april_tags_with_infos.py
[255.824s] -- Symlinking: /home/vboxuser/duckietown_ws/install/duckietown_msgs/local/lib/python3.10/dist-packages/duckietown_msgs/msg/_april_tags_with_infos_s.c
[255.840s] -- Symlinking: /home/vboxuser/duckietown_ws/install/duckietown_msgs/local/lib/python3.10/dist-packages/duckietown_msgs/msg/_bool_stamped.py
[255.856s] -- Symlinking: /home/vboxuser/duckietown_ws/install/duckietown_msgs/local/lib/python3.10/dist-packages/duckietown_msgs/msg/_bool_stamped_ethz17.py
[255.875s] -- Symlinking: /home/vboxuser/duckietown_ws/install/duckietown_msgs/local/lib/python3.10/dist-packages/duckietown_msgs/msg/_bool_stamped_ethz17_s.c
[255.900s] -- Symlinking: /home/vboxuser/duckietown_ws/install/duckietown_msgs/local/lib/python3.10/dist-packages/duckietown_msgs/msg/_bool_stamped_s.c
[255.919s] -- Symlinking: /home/vboxuser/duckietown_ws/install/duckietown_msgs/local/lib/python3.10/dist-packages/duckietown_msgs/msg/_car_control.py
[255.936s] -- Symlinking: /home/vboxuser/duckietown_ws/install/duckietown_msgs/local/lib/python3.10/dist-packages/duckietown_msgs/msg/_car_control_s.c
[255.955s] -- Symlinking: /home/vboxuser/duckietown_ws/install/duckietown_msgs/local/lib/python3.10/dist-packages/duckietown_msgs/msg/_coordination_clearance.py
[255.973s] -- Symlinking: /home/vboxuser/duckietown_ws/install/duckietown_msgs/local/lib/python3.10/dist-packages/duckietown_msgs/msg/_coordination_clearance_ethz17.py
[256.022s] -- Symlinking: /home/vboxuser/duckietown_ws/install/duckietown_msgs/local/lib/python3.10/dist-packages/duckietown_msgs/msg/_coordination_clearance_ethz17_s.c
[256.096s] -- Symlinking: /home/vboxuser/duckietown_ws/install/duckietown_msgs/local/lib/python3.10/dist-packages/duckietown_msgs/msg/_coordination_clearance_s.c
[256.142s] -- Symlinking: /home/vboxuser/duckietown_ws/install/duckietown_msgs/local/lib/python3.10/dist-packages/duckietown_msgs/msg/_coordination_signal.py
[256.160s] -- Symlinking: /home/vboxuser/duckietown_ws/install/duckietown_msgs/local/lib/python3.10/dist-packages/duckietown_msgs/msg/_coordination_signal_ethz17.py
[256.177s] -- Symlinking: /home/vboxuser/duckietown_ws/install/duckietown_msgs/local/lib/python3.10/dist-packages/duckietown_msgs/msg/_coordination_signal_ethz17_s.c
[256.203s] -- Symlinking: /home/vboxuser/duckietown_ws/install/duckietown_msgs/local/lib/python3.10/dist-packages/duckietown_msgs/msg/_coordination_signal_s.c
[256.251s] -- Symlinking: /home/vboxuser/duckietown_ws/install/duckietown_msgs/local/lib/python3.10/dist-packages/duckietown_msgs/msg/_duckie_sensor.py
[256.271s] -- Symlinking: /home/vboxuser/duckietown_ws/install/duckietown_msgs/local/lib/python3.10/dist-packages/duckietown_msgs/msg/_duckie_sensor_s.c
[256.299s] -- Symlinking: /home/vboxuser/duckietown_ws/install/duckietown_msgs/local/lib/python3.10/dist-packages/duckietown_msgs/msg/_fsm_state.py
[256.324s] -- Symlinking: /home/vboxuser/duckietown_ws/install/duckietown_msgs/local/lib/python3.10/dist-packages/duckietown_msgs/msg/_fsm_state_s.c
[256.340s] -- Symlinking: /home/vboxuser/duckietown_ws/install/duckietown_msgs/local/lib/python3.10/dist-packages/duckietown_msgs/msg/_intersection_pose.py
[256.358s] -- Symlinking: /home/vboxuser/duckietown_ws/install/duckietown_msgs/local/lib/python3.10/dist-packages/duckietown_msgs/msg/_intersection_pose_img.py
[256.375s] -- Symlinking: /home/vboxuser/duckietown_ws/install/duckietown_msgs/local/lib/python3.10/dist-packages/duckietown_msgs/msg/_intersection_pose_img_debug.py
[256.397s] -- Symlinking: /home/vboxuser/duckietown_ws/install/duckietown_msgs/local/lib/python3.10/dist-packages/duckietown_msgs/msg/_intersection_pose_img_debug_s.c
[256.422s] -- Symlinking: /home/vboxuser/duckietown_ws/install/duckietown_msgs/local/lib/python3.10/dist-packages/duckietown_msgs/msg/_intersection_pose_img_s.c
[256.440s] -- Symlinking: /home/vboxuser/duckietown_ws/install/duckietown_msgs/local/lib/python3.10/dist-packages/duckietown_msgs/msg/_intersection_pose_s.c
[256.460s] -- Symlinking: /home/vboxuser/duckietown_ws/install/duckietown_msgs/local/lib/python3.10/dist-packages/duckietown_msgs/msg/_kinematics_parameters.py
[256.477s] -- Symlinking: /home/vboxuser/duckietown_ws/install/duckietown_msgs/local/lib/python3.10/dist-packages/duckietown_msgs/msg/_kinematics_parameters_s.c
[256.495s] -- Symlinking: /home/vboxuser/duckietown_ws/install/duckietown_msgs/local/lib/python3.10/dist-packages/duckietown_msgs/msg/_kinematics_weights.py
[256.520s] -- Symlinking: /home/vboxuser/duckietown_ws/install/duckietown_msgs/local/lib/python3.10/dist-packages/duckietown_msgs/msg/_kinematics_weights_s.c
[256.538s] -- Symlinking: /home/vboxuser/duckietown_ws/install/duckietown_msgs/local/lib/python3.10/dist-packages/duckietown_msgs/msg/_lane_pose.py
[256.554s] -- Symlinking: /home/vboxuser/duckietown_ws/install/duckietown_msgs/local/lib/python3.10/dist-packages/duckietown_msgs/msg/_lane_pose_s.c
[256.594s] -- Symlinking: /home/vboxuser/duckietown_ws/install/duckietown_msgs/local/lib/python3.10/dist-packages/duckietown_msgs/msg/_led_detection.py
[256.622s] -- Symlinking: /home/vboxuser/duckietown_ws/install/duckietown_msgs/local/lib/python3.10/dist-packages/duckietown_msgs/msg/_led_detection_array.py
[256.641s] -- Symlinking: /home/vboxuser/duckietown_ws/install/duckietown_msgs/local/lib/python3.10/dist-packages/duckietown_msgs/msg/_led_detection_array_s.c
[256.656s] -- Symlinking: /home/vboxuser/duckietown_ws/install/duckietown_msgs/local/lib/python3.10/dist-packages/duckietown_msgs/msg/_led_detection_debug_info.py
[256.674s] -- Symlinking: /home/vboxuser/duckietown_ws/install/duckietown_msgs/local/lib/python3.10/dist-packages/duckietown_msgs/msg/_led_detection_debug_info_s.c
[256.690s] -- Symlinking: /home/vboxuser/duckietown_ws/install/duckietown_msgs/local/lib/python3.10/dist-packages/duckietown_msgs/msg/_led_detection_s.c
[256.707s] -- Symlinking: /home/vboxuser/duckietown_ws/install/duckietown_msgs/local/lib/python3.10/dist-packages/duckietown_msgs/msg/_led_interpreter.py
[256.738s] -- Symlinking: /home/vboxuser/duckietown_ws/install/duckietown_msgs/local/lib/python3.10/dist-packages/duckietown_msgs/msg/_led_interpreter_s.c
[256.756s] -- Symlinking: /home/vboxuser/duckietown_ws/install/duckietown_msgs/local/lib/python3.10/dist-packages/duckietown_msgs/msg/_maintenance_state.py
[256.775s] -- Symlinking: /home/vboxuser/duckietown_ws/install/duckietown_msgs/local/lib/python3.10/dist-packages/duckietown_msgs/msg/_maintenance_state_s.c
[256.792s] -- Symlinking: /home/vboxuser/duckietown_ws/install/duckietown_msgs/local/lib/python3.10/dist-packages/duckietown_msgs/msg/_num.py
[256.810s] -- Symlinking: /home/vboxuser/duckietown_ws/install/duckietown_msgs/local/lib/python3.10/dist-packages/duckietown_msgs/msg/_num_s.c
[256.836s] -- Symlinking: /home/vboxuser/duckietown_ws/install/duckietown_msgs/local/lib/python3.10/dist-packages/duckietown_msgs/msg/_obstacle_image_detection.py
[256.853s] -- Symlinking: /home/vboxuser/duckietown_ws/install/duckietown_msgs/local/lib/python3.10/dist-packages/duckietown_msgs/msg/_obstacle_image_detection_list.py
[256.878s] -- Symlinking: /home/vboxuser/duckietown_ws/install/duckietown_msgs/local/lib/python3.10/dist-packages/duckietown_msgs/msg/_obstacle_image_detection_list_s.c
[256.896s] -- Symlinking: /home/vboxuser/duckietown_ws/install/duckietown_msgs/local/lib/python3.10/dist-packages/duckietown_msgs/msg/_obstacle_image_detection_s.c
[256.913s] -- Symlinking: /home/vboxuser/duckietown_ws/install/duckietown_msgs/local/lib/python3.10/dist-packages/duckietown_msgs/msg/_obstacle_projected_detection.py
[256.939s] -- Symlinking: /home/vboxuser/duckietown_ws/install/duckietown_msgs/local/lib/python3.10/dist-packages/duckietown_msgs/msg/_obstacle_projected_detection_list.py
[256.964s] -- Symlinking: /home/vboxuser/duckietown_ws/install/duckietown_msgs/local/lib/python3.10/dist-packages/duckietown_msgs/msg/_obstacle_projected_detection_list_s.c
[256.981s] -- Symlinking: /home/vboxuser/duckietown_ws/install/duckietown_msgs/local/lib/python3.10/dist-packages/duckietown_msgs/msg/_obstacle_projected_detection_s.c
[256.999s] -- Symlinking: /home/vboxuser/duckietown_ws/install/duckietown_msgs/local/lib/python3.10/dist-packages/duckietown_msgs/msg/_obstacle_type.py
[257.018s] -- Symlinking: /home/vboxuser/duckietown_ws/install/duckietown_msgs/local/lib/python3.10/dist-packages/duckietown_msgs/msg/_obstacle_type_s.c
[257.044s] -- Symlinking: /home/vboxuser/duckietown_ws/install/duckietown_msgs/local/lib/python3.10/dist-packages/duckietown_msgs/msg/_pixel.py
[257.062s] -- Symlinking: /home/vboxuser/duckietown_ws/install/duckietown_msgs/local/lib/python3.10/dist-packages/duckietown_msgs/msg/_pixel_s.c
[257.080s] -- Symlinking: /home/vboxuser/duckietown_ws/install/duckietown_msgs/local/lib/python3.10/dist-packages/duckietown_msgs/msg/_pose2_d_stamped.py
[257.098s] -- Symlinking: /home/vboxuser/duckietown_ws/install/duckietown_msgs/local/lib/python3.10/dist-packages/duckietown_msgs/msg/_pose2_d_stamped_s.c
[257.115s] -- Symlinking: /home/vboxuser/duckietown_ws/install/duckietown_msgs/local/lib/python3.10/dist-packages/duckietown_msgs/msg/_rect.py
[257.142s] -- Symlinking: /home/vboxuser/duckietown_ws/install/duckietown_msgs/local/lib/python3.10/dist-packages/duckietown_msgs/msg/_rect_s.c
[257.159s] -- Symlinking: /home/vboxuser/duckietown_ws/install/duckietown_msgs/local/lib/python3.10/dist-packages/duckietown_msgs/msg/_rects.py
[257.177s] -- Symlinking: /home/vboxuser/duckietown_ws/install/duckietown_msgs/local/lib/python3.10/dist-packages/duckietown_msgs/msg/_rects_s.c
[257.208s] -- Symlinking: /home/vboxuser/duckietown_ws/install/duckietown_msgs/local/lib/python3.10/dist-packages/duckietown_msgs/msg/_scene_segments.py
[257.247s] -- Symlinking: /home/vboxuser/duckietown_ws/install/duckietown_msgs/local/lib/python3.10/dist-packages/duckietown_msgs/msg/_scene_segments_s.c
[257.266s] -- Symlinking: /home/vboxuser/duckietown_ws/install/duckietown_msgs/local/lib/python3.10/dist-packages/duckietown_msgs/msg/_segment.py
[257.280s] -- Symlinking: /home/vboxuser/duckietown_ws/install/duckietown_msgs/local/lib/python3.10/dist-packages/duckietown_msgs/msg/_segment_list.py
[257.300s] -- Symlinking: /home/vboxuser/duckietown_ws/install/duckietown_msgs/local/lib/python3.10/dist-packages/duckietown_msgs/msg/_segment_list_s.c
[257.318s] -- Symlinking: /home/vboxuser/duckietown_ws/install/duckietown_msgs/local/lib/python3.10/dist-packages/duckietown_msgs/msg/_segment_s.c
[257.344s] -- Symlinking: /home/vboxuser/duckietown_ws/install/duckietown_msgs/local/lib/python3.10/dist-packages/duckietown_msgs/msg/_signals_detection.py
[257.362s] -- Symlinking: /home/vboxuser/duckietown_ws/install/duckietown_msgs/local/lib/python3.10/dist-packages/duckietown_msgs/msg/_signals_detection_ethz17.py
[257.378s] -- Symlinking: /home/vboxuser/duckietown_ws/install/duckietown_msgs/local/lib/python3.10/dist-packages/duckietown_msgs/msg/_signals_detection_ethz17_s.c
[257.396s] -- Symlinking: /home/vboxuser/duckietown_ws/install/duckietown_msgs/local/lib/python3.10/dist-packages/duckietown_msgs/msg/_signals_detection_s.c
[257.416s] -- Symlinking: /home/vboxuser/duckietown_ws/install/duckietown_msgs/local/lib/python3.10/dist-packages/duckietown_msgs/msg/_source_target_nodes.py
[257.442s] -- Symlinking: /home/vboxuser/duckietown_ws/install/duckietown_msgs/local/lib/python3.10/dist-packages/duckietown_msgs/msg/_source_target_nodes_s.c
[257.481s] -- Symlinking: /home/vboxuser/duckietown_ws/install/duckietown_msgs/local/lib/python3.10/dist-packages/duckietown_msgs/msg/_stop_line_reading.py
[257.496s] -- Symlinking: /home/vboxuser/duckietown_ws/install/duckietown_msgs/local/lib/python3.10/dist-packages/duckietown_msgs/msg/_stop_line_reading_s.c
[257.514s] -- Symlinking: /home/vboxuser/duckietown_ws/install/duckietown_msgs/local/lib/python3.10/dist-packages/duckietown_msgs/msg/_tag_info.py
[257.544s] -- Symlinking: /home/vboxuser/duckietown_ws/install/duckietown_msgs/local/lib/python3.10/dist-packages/duckietown_msgs/msg/_tag_info_s.c
[257.562s] -- Symlinking: /home/vboxuser/duckietown_ws/install/duckietown_msgs/local/lib/python3.10/dist-packages/duckietown_msgs/msg/_theta_dot_sample.py
[257.584s] -- Symlinking: /home/vboxuser/duckietown_ws/install/duckietown_msgs/local/lib/python3.10/dist-packages/duckietown_msgs/msg/_theta_dot_sample_s.c
[257.601s] -- Symlinking: /home/vboxuser/duckietown_ws/install/duckietown_msgs/local/lib/python3.10/dist-packages/duckietown_msgs/msg/_trajectory.py
[257.621s] -- Symlinking: /home/vboxuser/duckietown_ws/install/duckietown_msgs/local/lib/python3.10/dist-packages/duckietown_msgs/msg/_trajectory_s.c
[257.647s] -- Symlinking: /home/vboxuser/duckietown_ws/install/duckietown_msgs/local/lib/python3.10/dist-packages/duckietown_msgs/msg/_turn_i_dand_type.py
[257.666s] -- Symlinking: /home/vboxuser/duckietown_ws/install/duckietown_msgs/local/lib/python3.10/dist-packages/duckietown_msgs/msg/_turn_i_dand_type_s.c
[257.683s] -- Symlinking: /home/vboxuser/duckietown_ws/install/duckietown_msgs/local/lib/python3.10/dist-packages/duckietown_msgs/msg/_twist2_d_stamped.py
[257.701s] -- Symlinking: /home/vboxuser/duckietown_ws/install/duckietown_msgs/local/lib/python3.10/dist-packages/duckietown_msgs/msg/_twist2_d_stamped_ethz17.py
[257.722s] -- Symlinking: /home/vboxuser/duckietown_ws/install/duckietown_msgs/local/lib/python3.10/dist-packages/duckietown_msgs/msg/_twist2_d_stamped_ethz17_s.c
[257.752s] -- Symlinking: /home/vboxuser/duckietown_ws/install/duckietown_msgs/local/lib/python3.10/dist-packages/duckietown_msgs/msg/_twist2_d_stamped_s.c
[257.768s] -- Symlinking: /home/vboxuser/duckietown_ws/install/duckietown_msgs/local/lib/python3.10/dist-packages/duckietown_msgs/msg/_vector2_d.py
[257.785s] -- Symlinking: /home/vboxuser/duckietown_ws/install/duckietown_msgs/local/lib/python3.10/dist-packages/duckietown_msgs/msg/_vector2_d_s.c
[257.811s] -- Symlinking: /home/vboxuser/duckietown_ws/install/duckietown_msgs/local/lib/python3.10/dist-packages/duckietown_msgs/msg/_vehicle_corners.py
[257.829s] -- Symlinking: /home/vboxuser/duckietown_ws/install/duckietown_msgs/local/lib/python3.10/dist-packages/duckietown_msgs/msg/_vehicle_corners_s.c
[257.854s] -- Symlinking: /home/vboxuser/duckietown_ws/install/duckietown_msgs/local/lib/python3.10/dist-packages/duckietown_msgs/msg/_vehicle_pose.py
[257.872s] -- Symlinking: /home/vboxuser/duckietown_ws/install/duckietown_msgs/local/lib/python3.10/dist-packages/duckietown_msgs/msg/_vehicle_pose_s.c
[257.894s] -- Symlinking: /home/vboxuser/duckietown_ws/install/duckietown_msgs/local/lib/python3.10/dist-packages/duckietown_msgs/msg/_vsample.py
[257.915s] -- Symlinking: /home/vboxuser/duckietown_ws/install/duckietown_msgs/local/lib/python3.10/dist-packages/duckietown_msgs/msg/_vsample_s.c
[257.944s] -- Symlinking: /home/vboxuser/duckietown_ws/install/duckietown_msgs/local/lib/python3.10/dist-packages/duckietown_msgs/msg/_wheels_cmd.py
[257.961s] -- Symlinking: /home/vboxuser/duckietown_ws/install/duckietown_msgs/local/lib/python3.10/dist-packages/duckietown_msgs/msg/_wheels_cmd_s.c
[257.983s] -- Symlinking: /home/vboxuser/duckietown_ws/install/duckietown_msgs/local/lib/python3.10/dist-packages/duckietown_msgs/msg/_wheels_cmd_stamped.py
[258.002s] -- Symlinking: /home/vboxuser/duckietown_ws/install/duckietown_msgs/local/lib/python3.10/dist-packages/duckietown_msgs/msg/_wheels_cmd_stamped_s.c
[258.019s] -- Symlinking: /home/vboxuser/duckietown_ws/install/duckietown_msgs/local/lib/python3.10/dist-packages/duckietown_msgs/srv/__init__.py
[258.037s] -- Symlinking: /home/vboxuser/duckietown_ws/install/duckietown_msgs/local/lib/python3.10/dist-packages/duckietown_msgs/srv/_get_variable.py
[258.061s] -- Symlinking: /home/vboxuser/duckietown_ws/install/duckietown_msgs/local/lib/python3.10/dist-packages/duckietown_msgs/srv/_get_variable_s.c
[258.079s] -- Symlinking: /home/vboxuser/duckietown_ws/install/duckietown_msgs/local/lib/python3.10/dist-packages/duckietown_msgs/srv/_set_fsm_state.py
[258.096s] -- Symlinking: /home/vboxuser/duckietown_ws/install/duckietown_msgs/local/lib/python3.10/dist-packages/duckietown_msgs/srv/_set_fsm_state_s.c
[258.113s] -- Symlinking: /home/vboxuser/duckietown_ws/install/duckietown_msgs/local/lib/python3.10/dist-packages/duckietown_msgs/srv/_set_value.py
[258.130s] -- Symlinking: /home/vboxuser/duckietown_ws/install/duckietown_msgs/local/lib/python3.10/dist-packages/duckietown_msgs/srv/_set_value_s.c
[258.156s] -- Symlinking: /home/vboxuser/duckietown_ws/install/duckietown_msgs/local/lib/python3.10/dist-packages/duckietown_msgs/srv/_set_variable.py
[258.173s] -- Symlinking: /home/vboxuser/duckietown_ws/install/duckietown_msgs/local/lib/python3.10/dist-packages/duckietown_msgs/srv/_set_variable_s.c
[258.190s] -- Up-to-date symlink: /home/vboxuser/duckietown_ws/install/duckietown_msgs/local/lib/python3.10/dist-packages/duckietown_msgs/duckietown_msgs_s__rosidl_typesupport_fastrtps_c.cpython-310-x86_64-linux-gnu.so
[258.190s] -- Up-to-date symlink: /home/vboxuser/duckietown_ws/install/duckietown_msgs/local/lib/python3.10/dist-packages/duckietown_msgs/duckietown_msgs_s__rosidl_typesupport_introspection_c.cpython-310-x86_64-linux-gnu.so
[258.191s] -- Up-to-date symlink: /home/vboxuser/duckietown_ws/install/duckietown_msgs/local/lib/python3.10/dist-packages/duckietown_msgs/duckietown_msgs_s__rosidl_typesupport_c.cpython-310-x86_64-linux-gnu.so
[258.197s] -- Symlinking: /home/vboxuser/duckietown_ws/install/duckietown_msgs/share/ament_index/resource_index/rust_packages/duckietown_msgs
[258.217s] -- Symlinking: /home/vboxuser/duckietown_ws/install/duckietown_msgs/share/duckietown_msgs/rust/Cargo.toml
[258.259s] -- Symlinking: /home/vboxuser/duckietown_ws/install/duckietown_msgs/share/duckietown_msgs/rust/build.rs
[258.280s] -- Symlinking: /home/vboxuser/duckietown_ws/install/duckietown_msgs/share/duckietown_msgs/rust/src/lib.rs
[258.299s] -- Symlinking: /home/vboxuser/duckietown_ws/install/duckietown_msgs/share/duckietown_msgs/rust/src/msg.rs
[258.317s] -- Symlinking: /home/vboxuser/duckietown_ws/install/duckietown_msgs/share/duckietown_msgs/rust/src/msg/rmw.rs
[258.334s] -- Symlinking: /home/vboxuser/duckietown_ws/install/duckietown_msgs/share/duckietown_msgs/rust/src/srv.rs
[258.361s] -- Symlinking: /home/vboxuser/duckietown_ws/install/duckietown_msgs/share/duckietown_msgs/rust/src/srv/rmw.rs
[258.382s] -- Symlinking: /home/vboxuser/duckietown_ws/install/duckietown_msgs/share/duckietown_msgs/msg/CarControl.idl
[258.411s] -- Symlinking: /home/vboxuser/duckietown_ws/install/duckietown_msgs/share/duckietown_msgs/msg/CoordinationSignal.idl
[258.426s] -- Symlinking: /home/vboxuser/duckietown_ws/install/duckietown_msgs/share/duckietown_msgs/msg/CoordinationSignalETHZ17.idl
[258.443s] -- Symlinking: /home/vboxuser/duckietown_ws/install/duckietown_msgs/share/duckietown_msgs/msg/DuckieSensor.idl
[258.472s] -- Symlinking: /home/vboxuser/duckietown_ws/install/duckietown_msgs/share/duckietown_msgs/msg/LanePose.idl
[258.490s] -- Symlinking: /home/vboxuser/duckietown_ws/install/duckietown_msgs/share/duckietown_msgs/msg/IntersectionPose.idl
[258.508s] -- Symlinking: /home/vboxuser/duckietown_ws/install/duckietown_msgs/share/duckietown_msgs/msg/IntersectionPoseImg.idl
[258.530s] -- Symlinking: /home/vboxuser/duckietown_ws/install/duckietown_msgs/share/duckietown_msgs/msg/IntersectionPoseImgDebug.idl
[258.549s] -- Symlinking: /home/vboxuser/duckietown_ws/install/duckietown_msgs/share/duckietown_msgs/msg/TurnIDandType.idl
[258.575s] -- Symlinking: /home/vboxuser/duckietown_ws/install/duckietown_msgs/share/duckietown_msgs/msg/LEDDetection.idl
[258.593s] -- Symlinking: /home/vboxuser/duckietown_ws/install/duckietown_msgs/share/duckietown_msgs/msg/MaintenanceState.idl
[258.610s] -- Symlinking: /home/vboxuser/duckietown_ws/install/duckietown_msgs/share/duckietown_msgs/msg/LEDDetectionArray.idl
[258.628s] -- Symlinking: /home/vboxuser/duckietown_ws/install/duckietown_msgs/share/duckietown_msgs/msg/LEDDetectionDebugInfo.idl
[258.647s] -- Symlinking: /home/vboxuser/duckietown_ws/install/duckietown_msgs/share/duckietown_msgs/msg/WheelsCmd.idl
[258.671s] -- Symlinking: /home/vboxuser/duckietown_ws/install/duckietown_msgs/share/duckietown_msgs/msg/WheelsCmdStamped.idl
[258.689s] -- Symlinking: /home/vboxuser/duckietown_ws/install/duckietown_msgs/share/duckietown_msgs/msg/Pose2DStamped.idl
[258.709s] -- Symlinking: /home/vboxuser/duckietown_ws/install/duckietown_msgs/share/duckietown_msgs/msg/SignalsDetection.idl
[258.728s] -- Symlinking: /home/vboxuser/duckietown_ws/install/duckietown_msgs/share/duckietown_msgs/msg/SignalsDetectionETHZ17.idl
[258.746s] -- Symlinking: /home/vboxuser/duckietown_ws/install/duckietown_msgs/share/duckietown_msgs/msg/Twist2DStamped.idl
[258.771s] -- Symlinking: /home/vboxuser/duckietown_ws/install/duckietown_msgs/share/duckietown_msgs/msg/Twist2DStampedETHZ17.idl
[258.791s] -- Symlinking: /home/vboxuser/duckietown_ws/install/duckietown_msgs/share/duckietown_msgs/msg/AprilTagDetection.idl
[258.809s] -- Symlinking: /home/vboxuser/duckietown_ws/install/duckietown_msgs/share/duckietown_msgs/msg/AprilTagDetectionArray.idl
[258.824s] -- Symlinking: /home/vboxuser/duckietown_ws/install/duckietown_msgs/share/duckietown_msgs/msg/AprilTagsWithInfos.idl
[258.843s] -- Symlinking: /home/vboxuser/duckietown_ws/install/duckietown_msgs/share/duckietown_msgs/msg/TagInfo.idl
[258.870s] -- Symlinking: /home/vboxuser/duckietown_ws/install/duckietown_msgs/share/duckietown_msgs/msg/Pixel.idl
[258.887s] -- Symlinking: /home/vboxuser/duckietown_ws/install/duckietown_msgs/share/duckietown_msgs/msg/Vector2D.idl
[258.903s] -- Symlinking: /home/vboxuser/duckietown_ws/install/duckietown_msgs/share/duckietown_msgs/msg/Segment.idl
[258.921s] -- Symlinking: /home/vboxuser/duckietown_ws/install/duckietown_msgs/share/duckietown_msgs/msg/SegmentList.idl
[258.938s] -- Symlinking: /home/vboxuser/duckietown_ws/install/duckietown_msgs/share/duckietown_msgs/msg/Rect.idl
[258.957s] -- Symlinking: /home/vboxuser/duckietown_ws/install/duckietown_msgs/share/duckietown_msgs/msg/Rects.idl
[258.982s] -- Symlinking: /home/vboxuser/duckietown_ws/install/duckietown_msgs/share/duckietown_msgs/msg/SceneSegments.idl
[259.010s] -- Symlinking: /home/vboxuser/duckietown_ws/install/duckietown_msgs/share/duckietown_msgs/msg/SourceTargetNodes.idl
[259.027s] -- Symlinking: /home/vboxuser/duckietown_ws/install/duckietown_msgs/share/duckietown_msgs/msg/CoordinationClearance.idl
[259.047s] -- Symlinking: /home/vboxuser/duckietown_ws/install/duckietown_msgs/share/duckietown_msgs/msg/CoordinationClearanceETHZ17.idl
[259.064s] -- Symlinking: /home/vboxuser/duckietown_ws/install/duckietown_msgs/share/duckietown_msgs/msg/VehicleCorners.idl
[259.090s] -- Symlinking: /home/vboxuser/duckietown_ws/install/duckietown_msgs/share/duckietown_msgs/msg/VehiclePose.idl
[259.107s] -- Symlinking: /home/vboxuser/duckietown_ws/install/duckietown_msgs/share/duckietown_msgs/msg/FSMState.idl
[259.125s] -- Symlinking: /home/vboxuser/duckietown_ws/install/duckietown_msgs/share/duckietown_msgs/msg/BoolStamped.idl
[259.140s] -- Symlinking: /home/vboxuser/duckietown_ws/install/duckietown_msgs/share/duckietown_msgs/msg/BoolStampedETHZ17.idl
[259.156s] -- Symlinking: /home/vboxuser/duckietown_ws/install/duckietown_msgs/share/duckietown_msgs/msg/StopLineReading.idl
[259.181s] -- Symlinking: /home/vboxuser/duckietown_ws/install/duckietown_msgs/share/duckietown_msgs/msg/LEDInterpreter.idl
[259.201s] -- Symlinking: /home/vboxuser/duckietown_ws/install/duckietown_msgs/share/duckietown_msgs/msg/AntiInstagramHealth.idl
[259.220s] -- Symlinking: /home/vboxuser/duckietown_ws/install/duckietown_msgs/share/duckietown_msgs/msg/AntiInstagramTransform.idl
[259.239s] -- Symlinking: /home/vboxuser/duckietown_ws/install/duckietown_msgs/share/duckietown_msgs/msg/AntiInstagramTransformCB.idl
[259.286s] -- Symlinking: /home/vboxuser/duckietown_ws/install/duckietown_msgs/share/duckietown_msgs/msg/KinematicsWeights.idl
[259.304s] -- Symlinking: /home/vboxuser/duckietown_ws/install/duckietown_msgs/share/duckietown_msgs/msg/KinematicsParameters.idl
[259.321s] -- Symlinking: /home/vboxuser/duckietown_ws/install/duckietown_msgs/share/duckietown_msgs/msg/ThetaDotSample.idl
[259.337s] -- Symlinking: /home/vboxuser/duckietown_ws/install/duckietown_msgs/share/duckietown_msgs/msg/Vsample.idl
[259.356s] -- Symlinking: /home/vboxuser/duckietown_ws/install/duckietown_msgs/share/duckietown_msgs/msg/Trajectory.idl
[259.370s] -- Symlinking: /home/vboxuser/duckietown_ws/install/duckietown_msgs/share/duckietown_msgs/msg/ObstacleType.idl
[259.399s] -- Symlinking: /home/vboxuser/duckietown_ws/install/duckietown_msgs/share/duckietown_msgs/msg/ObstacleImageDetection.idl
[259.416s] -- Symlinking: /home/vboxuser/duckietown_ws/install/duckietown_msgs/share/duckietown_msgs/msg/ObstacleImageDetectionList.idl
[259.433s] -- Symlinking: /home/vboxuser/duckietown_ws/install/duckietown_msgs/share/duckietown_msgs/msg/ObstacleProjectedDetection.idl
[259.449s] -- Symlinking: /home/vboxuser/duckietown_ws/install/duckietown_msgs/share/duckietown_msgs/msg/ObstacleProjectedDetectionList.idl
[259.467s] -- Symlinking: /home/vboxuser/duckietown_ws/install/duckietown_msgs/share/duckietown_msgs/msg/Num.idl
[259.494s] -- Symlinking: /home/vboxuser/duckietown_ws/install/duckietown_msgs/share/duckietown_msgs/srv/SetFSMState.idl
[259.512s] -- Symlinking: /home/vboxuser/duckietown_ws/install/duckietown_msgs/share/duckietown_msgs/srv/SetValue.idl
[259.529s] -- Symlinking: /home/vboxuser/duckietown_ws/install/duckietown_msgs/share/duckietown_msgs/srv/SetVariable.idl
[259.544s] -- Symlinking: /home/vboxuser/duckietown_ws/install/duckietown_msgs/share/duckietown_msgs/srv/GetVariable.idl
[259.561s] -- Symlinking: /home/vboxuser/duckietown_ws/install/duckietown_msgs/share/duckietown_msgs/msg/CarControl.msg
[259.580s] -- Symlinking: /home/vboxuser/duckietown_ws/install/duckietown_msgs/share/duckietown_msgs/msg/CoordinationSignal.msg
[259.605s] -- Symlinking: /home/vboxuser/duckietown_ws/install/duckietown_msgs/share/duckietown_msgs/msg/CoordinationSignalETHZ17.msg
[259.636s] -- Symlinking: /home/vboxuser/duckietown_ws/install/duckietown_msgs/share/duckietown_msgs/msg/DuckieSensor.msg
[259.660s] -- Symlinking: /home/vboxuser/duckietown_ws/install/duckietown_msgs/share/duckietown_msgs/msg/LanePose.msg
[259.680s] -- Symlinking: /home/vboxuser/duckietown_ws/install/duckietown_msgs/share/duckietown_msgs/msg/IntersectionPose.msg
[259.713s] -- Symlinking: /home/vboxuser/duckietown_ws/install/duckietown_msgs/share/duckietown_msgs/msg/IntersectionPoseImg.msg
[259.732s] -- Symlinking: /home/vboxuser/duckietown_ws/install/duckietown_msgs/share/duckietown_msgs/msg/IntersectionPoseImgDebug.msg
[259.753s] -- Symlinking: /home/vboxuser/duckietown_ws/install/duckietown_msgs/share/duckietown_msgs/msg/TurnIDandType.msg
[259.772s] -- Symlinking: /home/vboxuser/duckietown_ws/install/duckietown_msgs/share/duckietown_msgs/msg/LEDDetection.msg
[259.792s] -- Symlinking: /home/vboxuser/duckietown_ws/install/duckietown_msgs/share/duckietown_msgs/msg/MaintenanceState.msg
[259.817s] -- Symlinking: /home/vboxuser/duckietown_ws/install/duckietown_msgs/share/duckietown_msgs/msg/LEDDetectionArray.msg
[259.835s] -- Symlinking: /home/vboxuser/duckietown_ws/install/duckietown_msgs/share/duckietown_msgs/msg/LEDDetectionDebugInfo.msg
[259.851s] -- Symlinking: /home/vboxuser/duckietown_ws/install/duckietown_msgs/share/duckietown_msgs/msg/WheelsCmd.msg
[259.867s] -- Symlinking: /home/vboxuser/duckietown_ws/install/duckietown_msgs/share/duckietown_msgs/msg/WheelsCmdStamped.msg
[259.884s] -- Symlinking: /home/vboxuser/duckietown_ws/install/duckietown_msgs/share/duckietown_msgs/msg/Pose2DStamped.msg
[259.902s] -- Symlinking: /home/vboxuser/duckietown_ws/install/duckietown_msgs/share/duckietown_msgs/msg/SignalsDetection.msg
[259.928s] -- Symlinking: /home/vboxuser/duckietown_ws/install/duckietown_msgs/share/duckietown_msgs/msg/SignalsDetectionETHZ17.msg
[259.959s] -- Symlinking: /home/vboxuser/duckietown_ws/install/duckietown_msgs/share/duckietown_msgs/msg/Twist2DStamped.msg
[259.976s] -- Symlinking: /home/vboxuser/duckietown_ws/install/duckietown_msgs/share/duckietown_msgs/msg/Twist2DStampedETHZ17.msg
[260.002s] -- Symlinking: /home/vboxuser/duckietown_ws/install/duckietown_msgs/share/duckietown_msgs/msg/AprilTagDetection.msg
[260.022s] -- Symlinking: /home/vboxuser/duckietown_ws/install/duckietown_msgs/share/duckietown_msgs/msg/AprilTagDetectionArray.msg
[260.038s] -- Symlinking: /home/vboxuser/duckietown_ws/install/duckietown_msgs/share/duckietown_msgs/msg/AprilTagsWithInfos.msg
[260.057s] -- Symlinking: /home/vboxuser/duckietown_ws/install/duckietown_msgs/share/duckietown_msgs/msg/TagInfo.msg
[260.074s] -- Symlinking: /home/vboxuser/duckietown_ws/install/duckietown_msgs/share/duckietown_msgs/msg/Pixel.msg
[260.091s] -- Symlinking: /home/vboxuser/duckietown_ws/install/duckietown_msgs/share/duckietown_msgs/msg/Vector2D.msg
[260.117s] -- Symlinking: /home/vboxuser/duckietown_ws/install/duckietown_msgs/share/duckietown_msgs/msg/Segment.msg
[260.136s] -- Symlinking: /home/vboxuser/duckietown_ws/install/duckietown_msgs/share/duckietown_msgs/msg/SegmentList.msg
[260.153s] -- Symlinking: /home/vboxuser/duckietown_ws/install/duckietown_msgs/share/duckietown_msgs/msg/Rect.msg
[260.171s] -- Symlinking: /home/vboxuser/duckietown_ws/install/duckietown_msgs/share/duckietown_msgs/msg/Rects.msg
[260.187s] -- Symlinking: /home/vboxuser/duckietown_ws/install/duckietown_msgs/share/duckietown_msgs/msg/SceneSegments.msg
[260.220s] -- Symlinking: /home/vboxuser/duckietown_ws/install/duckietown_msgs/share/duckietown_msgs/msg/SourceTargetNodes.msg
[260.250s] -- Symlinking: /home/vboxuser/duckietown_ws/install/duckietown_msgs/share/duckietown_msgs/msg/CoordinationClearance.msg
[260.270s] -- Symlinking: /home/vboxuser/duckietown_ws/install/duckietown_msgs/share/duckietown_msgs/msg/CoordinationClearanceETHZ17.msg
[260.291s] -- Symlinking: /home/vboxuser/duckietown_ws/install/duckietown_msgs/share/duckietown_msgs/msg/VehicleCorners.msg
[260.331s] -- Symlinking: /home/vboxuser/duckietown_ws/install/duckietown_msgs/share/duckietown_msgs/msg/VehiclePose.msg
[260.353s] -- Symlinking: /home/vboxuser/duckietown_ws/install/duckietown_msgs/share/duckietown_msgs/msg/FSMState.msg
[260.373s] -- Symlinking: /home/vboxuser/duckietown_ws/install/duckietown_msgs/share/duckietown_msgs/msg/BoolStamped.msg
[260.399s] -- Symlinking: /home/vboxuser/duckietown_ws/install/duckietown_msgs/share/duckietown_msgs/msg/BoolStampedETHZ17.msg
[260.429s] -- Symlinking: /home/vboxuser/duckietown_ws/install/duckietown_msgs/share/duckietown_msgs/msg/StopLineReading.msg
[260.449s] -- Symlinking: /home/vboxuser/duckietown_ws/install/duckietown_msgs/share/duckietown_msgs/msg/LEDInterpreter.msg
[260.469s] -- Symlinking: /home/vboxuser/duckietown_ws/install/duckietown_msgs/share/duckietown_msgs/msg/AntiInstagramHealth.msg
[260.490s] -- Symlinking: /home/vboxuser/duckietown_ws/install/duckietown_msgs/share/duckietown_msgs/msg/AntiInstagramTransform.msg
[260.522s] -- Symlinking: /home/vboxuser/duckietown_ws/install/duckietown_msgs/share/duckietown_msgs/msg/AntiInstagramTransformCB.msg
[260.541s] -- Symlinking: /home/vboxuser/duckietown_ws/install/duckietown_msgs/share/duckietown_msgs/msg/KinematicsWeights.msg
[260.573s] -- Symlinking: /home/vboxuser/duckietown_ws/install/duckietown_msgs/share/duckietown_msgs/msg/KinematicsParameters.msg
[260.596s] -- Symlinking: /home/vboxuser/duckietown_ws/install/duckietown_msgs/share/duckietown_msgs/msg/ThetaDotSample.msg
[260.626s] -- Symlinking: /home/vboxuser/duckietown_ws/install/duckietown_msgs/share/duckietown_msgs/msg/Vsample.msg
[260.647s] -- Symlinking: /home/vboxuser/duckietown_ws/install/duckietown_msgs/share/duckietown_msgs/msg/Trajectory.msg
[260.666s] -- Symlinking: /home/vboxuser/duckietown_ws/install/duckietown_msgs/share/duckietown_msgs/msg/ObstacleType.msg
[260.689s] -- Symlinking: /home/vboxuser/duckietown_ws/install/duckietown_msgs/share/duckietown_msgs/msg/ObstacleImageDetection.msg
[260.708s] -- Symlinking: /home/vboxuser/duckietown_ws/install/duckietown_msgs/share/duckietown_msgs/msg/ObstacleImageDetectionList.msg
[260.742s] -- Symlinking: /home/vboxuser/duckietown_ws/install/duckietown_msgs/share/duckietown_msgs/msg/ObstacleProjectedDetection.msg
[260.762s] -- Symlinking: /home/vboxuser/duckietown_ws/install/duckietown_msgs/share/duckietown_msgs/msg/ObstacleProjectedDetectionList.msg
[260.779s] -- Symlinking: /home/vboxuser/duckietown_ws/install/duckietown_msgs/share/duckietown_msgs/msg/Num.msg
[260.799s] -- Symlinking: /home/vboxuser/duckietown_ws/install/duckietown_msgs/share/duckietown_msgs/srv/SetFSMState.srv
[260.831s] -- Symlinking: /home/vboxuser/duckietown_ws/install/duckietown_msgs/share/duckietown_msgs/srv/SetFSMState_Request.msg
[260.851s] -- Symlinking: /home/vboxuser/duckietown_ws/install/duckietown_msgs/share/duckietown_msgs/srv/SetFSMState_Response.msg
[260.868s] -- Symlinking: /home/vboxuser/duckietown_ws/install/duckietown_msgs/share/duckietown_msgs/srv/SetValue.srv
[260.886s] -- Symlinking: /home/vboxuser/duckietown_ws/install/duckietown_msgs/share/duckietown_msgs/srv/SetValue_Request.msg
[260.903s] -- Symlinking: /home/vboxuser/duckietown_ws/install/duckietown_msgs/share/duckietown_msgs/srv/SetValue_Response.msg
[260.931s] -- Symlinking: /home/vboxuser/duckietown_ws/install/duckietown_msgs/share/duckietown_msgs/srv/SetVariable.srv
[260.950s] -- Symlinking: /home/vboxuser/duckietown_ws/install/duckietown_msgs/share/duckietown_msgs/srv/SetVariable_Request.msg
[260.966s] -- Symlinking: /home/vboxuser/duckietown_ws/install/duckietown_msgs/share/duckietown_msgs/srv/SetVariable_Response.msg
[260.982s] -- Symlinking: /home/vboxuser/duckietown_ws/install/duckietown_msgs/share/duckietown_msgs/srv/GetVariable.srv
[261.001s] -- Symlinking: /home/vboxuser/duckietown_ws/install/duckietown_msgs/share/duckietown_msgs/srv/GetVariable_Request.msg
[261.028s] -- Symlinking: /home/vboxuser/duckietown_ws/install/duckietown_msgs/share/duckietown_msgs/srv/GetVariable_Response.msg
[261.055s] -- Symlinking: /home/vboxuser/duckietown_ws/install/duckietown_msgs/share/ament_index/resource_index/package_run_dependencies/duckietown_msgs
[261.072s] -- Symlinking: /home/vboxuser/duckietown_ws/install/duckietown_msgs/share/ament_index/resource_index/parent_prefix_path/duckietown_msgs
[261.090s] -- Symlinking: /home/vboxuser/duckietown_ws/install/duckietown_msgs/share/duckietown_msgs/environment/ament_prefix_path.sh
[261.109s] -- Symlinking: /home/vboxuser/duckietown_ws/install/duckietown_msgs/share/duckietown_msgs/environment/ament_prefix_path.dsv
[261.135s] -- Symlinking: /home/vboxuser/duckietown_ws/install/duckietown_msgs/share/duckietown_msgs/environment/path.sh
[261.153s] -- Symlinking: /home/vboxuser/duckietown_ws/install/duckietown_msgs/share/duckietown_msgs/environment/path.dsv
[261.169s] -- Symlinking: /home/vboxuser/duckietown_ws/install/duckietown_msgs/share/duckietown_msgs/local_setup.bash
[261.186s] -- Symlinking: /home/vboxuser/duckietown_ws/install/duckietown_msgs/share/duckietown_msgs/local_setup.sh
[261.206s] -- Symlinking: /home/vboxuser/duckietown_ws/install/duckietown_msgs/share/duckietown_msgs/local_setup.zsh
[261.305s] -- Symlinking: /home/vboxuser/duckietown_ws/install/duckietown_msgs/share/duckietown_msgs/local_setup.dsv
[261.370s] -- Symlinking: /home/vboxuser/duckietown_ws/install/duckietown_msgs/share/duckietown_msgs/package.dsv
[261.459s] -- Symlinking: /home/vboxuser/duckietown_ws/install/duckietown_msgs/share/ament_index/resource_index/packages/duckietown_msgs
[261.498s] -- Symlinking: /home/vboxuser/duckietown_ws/install/duckietown_msgs/share/duckietown_msgs/cmake/rosidl_cmake-extras.cmake
[261.519s] -- Symlinking: /home/vboxuser/duckietown_ws/install/duckietown_msgs/share/duckietown_msgs/cmake/ament_cmake_export_dependencies-extras.cmake
[261.537s] -- Symlinking: /home/vboxuser/duckietown_ws/install/duckietown_msgs/share/duckietown_msgs/cmake/ament_cmake_export_include_directories-extras.cmake
[261.564s] -- Symlinking: /home/vboxuser/duckietown_ws/install/duckietown_msgs/share/duckietown_msgs/cmake/ament_cmake_export_libraries-extras.cmake
[261.581s] -- Symlinking: /home/vboxuser/duckietown_ws/install/duckietown_msgs/share/duckietown_msgs/cmake/ament_cmake_export_targets-extras.cmake
[261.598s] -- Symlinking: /home/vboxuser/duckietown_ws/install/duckietown_msgs/share/duckietown_msgs/cmake/rosidl_cmake_export_typesupport_targets-extras.cmake
[261.615s] -- Symlinking: /home/vboxuser/duckietown_ws/install/duckietown_msgs/share/duckietown_msgs/cmake/rosidl_cmake_export_typesupport_libraries-extras.cmake
[261.641s] -- Symlinking: /home/vboxuser/duckietown_ws/install/duckietown_msgs/share/duckietown_msgs/cmake/duckietown_msgsConfig.cmake
[261.671s] -- Symlinking: /home/vboxuser/duckietown_ws/install/duckietown_msgs/share/duckietown_msgs/cmake/duckietown_msgsConfig-version.cmake
[261.691s] -- Symlinking: /home/vboxuser/duckietown_ws/install/duckietown_msgs/share/duckietown_msgs/package.xml
[261.714s] -- Installing: /home/vboxuser/duckietown_ws/install/duckietown_msgs/lib/libduckietown_msgs__rosidl_generator_c.so
[261.714s] -- Set runtime path of "/home/vboxuser/duckietown_ws/install/duckietown_msgs/lib/libduckietown_msgs__rosidl_generator_c.so" to ""
[261.715s] -- Installing: /home/vboxuser/duckietown_ws/install/duckietown_msgs/lib/libduckietown_msgs__rosidl_typesupport_fastrtps_c.so
[261.716s] -- Set runtime path of "/home/vboxuser/duckietown_ws/install/duckietown_msgs/lib/libduckietown_msgs__rosidl_typesupport_fastrtps_c.so" to ""
[261.716s] -- Installing: /home/vboxuser/duckietown_ws/install/duckietown_msgs/lib/libduckietown_msgs__rosidl_typesupport_introspection_c.so
[261.718s] -- Set runtime path of "/home/vboxuser/duckietown_ws/install/duckietown_msgs/lib/libduckietown_msgs__rosidl_typesupport_introspection_c.so" to ""
[261.719s] -- Installing: /home/vboxuser/duckietown_ws/install/duckietown_msgs/lib/libduckietown_msgs__rosidl_typesupport_c.so
[261.719s] -- Set runtime path of "/home/vboxuser/duckietown_ws/install/duckietown_msgs/lib/libduckietown_msgs__rosidl_typesupport_c.so" to ""
[261.719s] -- Installing: /home/vboxuser/duckietown_ws/install/duckietown_msgs/lib/libduckietown_msgs__rosidl_typesupport_fastrtps_cpp.so
[261.724s] -- Set runtime path of "/home/vboxuser/duckietown_ws/install/duckietown_msgs/lib/libduckietown_msgs__rosidl_typesupport_fastrtps_cpp.so" to ""
[261.725s] -- Installing: /home/vboxuser/duckietown_ws/install/duckietown_msgs/lib/libduckietown_msgs__rosidl_typesupport_introspection_cpp.so
[261.727s] -- Set runtime path of "/home/vboxuser/duckietown_ws/install/duckietown_msgs/lib/libduckietown_msgs__rosidl_typesupport_introspection_cpp.so" to ""
[261.728s] -- Installing: /home/vboxuser/duckietown_ws/install/duckietown_msgs/lib/libduckietown_msgs__rosidl_typesupport_cpp.so
[261.728s] -- Set runtime path of "/home/vboxuser/duckietown_ws/install/duckietown_msgs/lib/libduckietown_msgs__rosidl_typesupport_cpp.so" to ""
[261.880s] Listing '/home/vboxuser/duckietown_ws/install/duckietown_msgs/local/lib/python3.10/dist-packages/duckietown_msgs'...
[261.880s] Compiling '/home/vboxuser/duckietown_ws/install/duckietown_msgs/local/lib/python3.10/dist-packages/duckietown_msgs/__init__.py'...
[261.880s] Listing '/home/vboxuser/duckietown_ws/install/duckietown_msgs/local/lib/python3.10/dist-packages/duckietown_msgs/msg'...
[261.880s] Compiling '/home/vboxuser/duckietown_ws/install/duckietown_msgs/local/lib/python3.10/dist-packages/duckietown_msgs/msg/__init__.py'...
[261.880s] Compiling '/home/vboxuser/duckietown_ws/install/duckietown_msgs/local/lib/python3.10/dist-packages/duckietown_msgs/msg/_anti_instagram_health.py'...
[261.881s] Compiling '/home/vboxuser/duckietown_ws/install/duckietown_msgs/local/lib/python3.10/dist-packages/duckietown_msgs/msg/_anti_instagram_transform.py'...
[261.881s] Compiling '/home/vboxuser/duckietown_ws/install/duckietown_msgs/local/lib/python3.10/dist-packages/duckietown_msgs/msg/_anti_instagram_transform_cb.py'...
[261.881s] Compiling '/home/vboxuser/duckietown_ws/install/duckietown_msgs/local/lib/python3.10/dist-packages/duckietown_msgs/msg/_april_tag_detection.py'...
[261.881s] Compiling '/home/vboxuser/duckietown_ws/install/duckietown_msgs/local/lib/python3.10/dist-packages/duckietown_msgs/msg/_april_tag_detection_array.py'...
[261.881s] Compiling '/home/vboxuser/duckietown_ws/install/duckietown_msgs/local/lib/python3.10/dist-packages/duckietown_msgs/msg/_april_tags_with_infos.py'...
[261.881s] Compiling '/home/vboxuser/duckietown_ws/install/duckietown_msgs/local/lib/python3.10/dist-packages/duckietown_msgs/msg/_bool_stamped.py'...
[261.881s] Compiling '/home/vboxuser/duckietown_ws/install/duckietown_msgs/local/lib/python3.10/dist-packages/duckietown_msgs/msg/_bool_stamped_ethz17.py'...
[261.881s] Compiling '/home/vboxuser/duckietown_ws/install/duckietown_msgs/local/lib/python3.10/dist-packages/duckietown_msgs/msg/_car_control.py'...
[261.881s] Compiling '/home/vboxuser/duckietown_ws/install/duckietown_msgs/local/lib/python3.10/dist-packages/duckietown_msgs/msg/_coordination_clearance.py'...
[261.881s] Compiling '/home/vboxuser/duckietown_ws/install/duckietown_msgs/local/lib/python3.10/dist-packages/duckietown_msgs/msg/_coordination_clearance_ethz17.py'...
[261.881s] Compiling '/home/vboxuser/duckietown_ws/install/duckietown_msgs/local/lib/python3.10/dist-packages/duckietown_msgs/msg/_coordination_signal.py'...
[261.881s] Compiling '/home/vboxuser/duckietown_ws/install/duckietown_msgs/local/lib/python3.10/dist-packages/duckietown_msgs/msg/_coordination_signal_ethz17.py'...
[261.881s] Compiling '/home/vboxuser/duckietown_ws/install/duckietown_msgs/local/lib/python3.10/dist-packages/duckietown_msgs/msg/_duckie_sensor.py'...
[261.881s] Compiling '/home/vboxuser/duckietown_ws/install/duckietown_msgs/local/lib/python3.10/dist-packages/duckietown_msgs/msg/_fsm_state.py'...
[261.881s] Compiling '/home/vboxuser/duckietown_ws/install/duckietown_msgs/local/lib/python3.10/dist-packages/duckietown_msgs/msg/_intersection_pose.py'...
[261.881s] Compiling '/home/vboxuser/duckietown_ws/install/duckietown_msgs/local/lib/python3.10/dist-packages/duckietown_msgs/msg/_intersection_pose_img.py'...
[261.881s] Compiling '/home/vboxuser/duckietown_ws/install/duckietown_msgs/local/lib/python3.10/dist-packages/duckietown_msgs/msg/_intersection_pose_img_debug.py'...
[261.881s] Compiling '/home/vboxuser/duckietown_ws/install/duckietown_msgs/local/lib/python3.10/dist-packages/duckietown_msgs/msg/_kinematics_parameters.py'...
[261.881s] Compiling '/home/vboxuser/duckietown_ws/install/duckietown_msgs/local/lib/python3.10/dist-packages/duckietown_msgs/msg/_kinematics_weights.py'...
[261.882s] Compiling '/home/vboxuser/duckietown_ws/install/duckietown_msgs/local/lib/python3.10/dist-packages/duckietown_msgs/msg/_lane_pose.py'...
[261.882s] Compiling '/home/vboxuser/duckietown_ws/install/duckietown_msgs/local/lib/python3.10/dist-packages/duckietown_msgs/msg/_led_detection.py'...
[261.882s] Compiling '/home/vboxuser/duckietown_ws/install/duckietown_msgs/local/lib/python3.10/dist-packages/duckietown_msgs/msg/_led_detection_array.py'...
[261.882s] Compiling '/home/vboxuser/duckietown_ws/install/duckietown_msgs/local/lib/python3.10/dist-packages/duckietown_msgs/msg/_led_detection_debug_info.py'...
[261.882s] Compiling '/home/vboxuser/duckietown_ws/install/duckietown_msgs/local/lib/python3.10/dist-packages/duckietown_msgs/msg/_led_interpreter.py'...
[261.882s] Compiling '/home/vboxuser/duckietown_ws/install/duckietown_msgs/local/lib/python3.10/dist-packages/duckietown_msgs/msg/_maintenance_state.py'...
[261.882s] Compiling '/home/vboxuser/duckietown_ws/install/duckietown_msgs/local/lib/python3.10/dist-packages/duckietown_msgs/msg/_num.py'...
[261.882s] Compiling '/home/vboxuser/duckietown_ws/install/duckietown_msgs/local/lib/python3.10/dist-packages/duckietown_msgs/msg/_obstacle_image_detection.py'...
[261.882s] Compiling '/home/vboxuser/duckietown_ws/install/duckietown_msgs/local/lib/python3.10/dist-packages/duckietown_msgs/msg/_obstacle_image_detection_list.py'...
[261.882s] Compiling '/home/vboxuser/duckietown_ws/install/duckietown_msgs/local/lib/python3.10/dist-packages/duckietown_msgs/msg/_obstacle_projected_detection.py'...
[261.882s] Compiling '/home/vboxuser/duckietown_ws/install/duckietown_msgs/local/lib/python3.10/dist-packages/duckietown_msgs/msg/_obstacle_projected_detection_list.py'...
[261.882s] Compiling '/home/vboxuser/duckietown_ws/install/duckietown_msgs/local/lib/python3.10/dist-packages/duckietown_msgs/msg/_obstacle_type.py'...
[261.882s] Compiling '/home/vboxuser/duckietown_ws/install/duckietown_msgs/local/lib/python3.10/dist-packages/duckietown_msgs/msg/_pixel.py'...
[261.882s] Compiling '/home/vboxuser/duckietown_ws/install/duckietown_msgs/local/lib/python3.10/dist-packages/duckietown_msgs/msg/_pose2_d_stamped.py'...
[261.882s] Compiling '/home/vboxuser/duckietown_ws/install/duckietown_msgs/local/lib/python3.10/dist-packages/duckietown_msgs/msg/_rect.py'...
[261.882s] Compiling '/home/vboxuser/duckietown_ws/install/duckietown_msgs/local/lib/python3.10/dist-packages/duckietown_msgs/msg/_rects.py'...
[261.882s] Compiling '/home/vboxuser/duckietown_ws/install/duckietown_msgs/local/lib/python3.10/dist-packages/duckietown_msgs/msg/_scene_segments.py'...
[261.882s] Compiling '/home/vboxuser/duckietown_ws/install/duckietown_msgs/local/lib/python3.10/dist-packages/duckietown_msgs/msg/_segment.py'...
[261.883s] Compiling '/home/vboxuser/duckietown_ws/install/duckietown_msgs/local/lib/python3.10/dist-packages/duckietown_msgs/msg/_segment_list.py'...
[261.883s] Compiling '/home/vboxuser/duckietown_ws/install/duckietown_msgs/local/lib/python3.10/dist-packages/duckietown_msgs/msg/_signals_detection.py'...
[261.883s] Compiling '/home/vboxuser/duckietown_ws/install/duckietown_msgs/local/lib/python3.10/dist-packages/duckietown_msgs/msg/_signals_detection_ethz17.py'...
[261.883s] Compiling '/home/vboxuser/duckietown_ws/install/duckietown_msgs/local/lib/python3.10/dist-packages/duckietown_msgs/msg/_source_target_nodes.py'...
[261.883s] Compiling '/home/vboxuser/duckietown_ws/install/duckietown_msgs/local/lib/python3.10/dist-packages/duckietown_msgs/msg/_stop_line_reading.py'...
[261.883s] Compiling '/home/vboxuser/duckietown_ws/install/duckietown_msgs/local/lib/python3.10/dist-packages/duckietown_msgs/msg/_tag_info.py'...
[261.883s] Compiling '/home/vboxuser/duckietown_ws/install/duckietown_msgs/local/lib/python3.10/dist-packages/duckietown_msgs/msg/_theta_dot_sample.py'...
[261.883s] Compiling '/home/vboxuser/duckietown_ws/install/duckietown_msgs/local/lib/python3.10/dist-packages/duckietown_msgs/msg/_trajectory.py'...
[261.883s] Compiling '/home/vboxuser/duckietown_ws/install/duckietown_msgs/local/lib/python3.10/dist-packages/duckietown_msgs/msg/_turn_i_dand_type.py'...
[261.883s] Compiling '/home/vboxuser/duckietown_ws/install/duckietown_msgs/local/lib/python3.10/dist-packages/duckietown_msgs/msg/_twist2_d_stamped.py'...
[261.883s] Compiling '/home/vboxuser/duckietown_ws/install/duckietown_msgs/local/lib/python3.10/dist-packages/duckietown_msgs/msg/_twist2_d_stamped_ethz17.py'...
[261.883s] Compiling '/home/vboxuser/duckietown_ws/install/duckietown_msgs/local/lib/python3.10/dist-packages/duckietown_msgs/msg/_vector2_d.py'...
[261.883s] Compiling '/home/vboxuser/duckietown_ws/install/duckietown_msgs/local/lib/python3.10/dist-packages/duckietown_msgs/msg/_vehicle_corners.py'...
[261.883s] Compiling '/home/vboxuser/duckietown_ws/install/duckietown_msgs/local/lib/python3.10/dist-packages/duckietown_msgs/msg/_vehicle_pose.py'...
[261.883s] Compiling '/home/vboxuser/duckietown_ws/install/duckietown_msgs/local/lib/python3.10/dist-packages/duckietown_msgs/msg/_vsample.py'...
[261.894s] Compiling '/home/vboxuser/duckietown_ws/install/duckietown_msgs/local/lib/python3.10/dist-packages/duckietown_msgs/msg/_wheels_cmd.py'...
[261.894s] Compiling '/home/vboxuser/duckietown_ws/install/duckietown_msgs/local/lib/python3.10/dist-packages/duckietown_msgs/msg/_wheels_cmd_stamped.py'...
[261.894s] Listing '/home/vboxuser/duckietown_ws/install/duckietown_msgs/local/lib/python3.10/dist-packages/duckietown_msgs/srv'...
[261.894s] Compiling '/home/vboxuser/duckietown_ws/install/duckietown_msgs/local/lib/python3.10/dist-packages/duckietown_msgs/srv/__init__.py'...
[261.894s] Compiling '/home/vboxuser/duckietown_ws/install/duckietown_msgs/local/lib/python3.10/dist-packages/duckietown_msgs/srv/_get_variable.py'...
[261.894s] Compiling '/home/vboxuser/duckietown_ws/install/duckietown_msgs/local/lib/python3.10/dist-packages/duckietown_msgs/srv/_set_fsm_state.py'...
[261.894s] Compiling '/home/vboxuser/duckietown_ws/install/duckietown_msgs/local/lib/python3.10/dist-packages/duckietown_msgs/srv/_set_value.py'...
[261.894s] Compiling '/home/vboxuser/duckietown_ws/install/duckietown_msgs/local/lib/python3.10/dist-packages/duckietown_msgs/srv/_set_variable.py'...
[261.904s] -- Installing: /home/vboxuser/duckietown_ws/install/duckietown_msgs/lib/libduckietown_msgs__rosidl_generator_py.so
[261.906s] -- Set runtime path of "/home/vboxuser/duckietown_ws/install/duckietown_msgs/lib/libduckietown_msgs__rosidl_generator_py.so" to ""
[261.906s] -- Installing: /home/vboxuser/duckietown_ws/install/duckietown_msgs/share/duckietown_msgs/cmake/export_duckietown_msgs__rosidl_generator_cExport.cmake
[261.909s] -- Installing: /home/vboxuser/duckietown_ws/install/duckietown_msgs/share/duckietown_msgs/cmake/export_duckietown_msgs__rosidl_generator_cExport-noconfig.cmake
[261.909s] -- Installing: /home/vboxuser/duckietown_ws/install/duckietown_msgs/share/duckietown_msgs/cmake/export_duckietown_msgs__rosidl_typesupport_fastrtps_cExport.cmake
[261.910s] -- Installing: /home/vboxuser/duckietown_ws/install/duckietown_msgs/share/duckietown_msgs/cmake/export_duckietown_msgs__rosidl_typesupport_fastrtps_cExport-noconfig.cmake
[261.910s] -- Installing: /home/vboxuser/duckietown_ws/install/duckietown_msgs/share/duckietown_msgs/cmake/duckietown_msgs__rosidl_typesupport_introspection_cExport.cmake
[261.911s] -- Installing: /home/vboxuser/duckietown_ws/install/duckietown_msgs/share/duckietown_msgs/cmake/duckietown_msgs__rosidl_typesupport_introspection_cExport-noconfig.cmake
[261.911s] -- Installing: /home/vboxuser/duckietown_ws/install/duckietown_msgs/share/duckietown_msgs/cmake/duckietown_msgs__rosidl_typesupport_cExport.cmake
[261.912s] -- Installing: /home/vboxuser/duckietown_ws/install/duckietown_msgs/share/duckietown_msgs/cmake/duckietown_msgs__rosidl_typesupport_cExport-noconfig.cmake
[261.912s] -- Installing: /home/vboxuser/duckietown_ws/install/duckietown_msgs/share/duckietown_msgs/cmake/export_duckietown_msgs__rosidl_generator_cppExport.cmake
[261.913s] -- Installing: /home/vboxuser/duckietown_ws/install/duckietown_msgs/share/duckietown_msgs/cmake/export_duckietown_msgs__rosidl_typesupport_fastrtps_cppExport.cmake
[261.913s] -- Installing: /home/vboxuser/duckietown_ws/install/duckietown_msgs/share/duckietown_msgs/cmake/export_duckietown_msgs__rosidl_typesupport_fastrtps_cppExport-noconfig.cmake
[261.913s] -- Installing: /home/vboxuser/duckietown_ws/install/duckietown_msgs/share/duckietown_msgs/cmake/duckietown_msgs__rosidl_typesupport_introspection_cppExport.cmake
[261.914s] -- Installing: /home/vboxuser/duckietown_ws/install/duckietown_msgs/share/duckietown_msgs/cmake/duckietown_msgs__rosidl_typesupport_introspection_cppExport-noconfig.cmake
[261.914s] -- Installing: /home/vboxuser/duckietown_ws/install/duckietown_msgs/share/duckietown_msgs/cmake/duckietown_msgs__rosidl_typesupport_cppExport.cmake
[261.915s] -- Installing: /home/vboxuser/duckietown_ws/install/duckietown_msgs/share/duckietown_msgs/cmake/duckietown_msgs__rosidl_typesupport_cppExport-noconfig.cmake
[261.915s] -- Installing: /home/vboxuser/duckietown_ws/install/duckietown_msgs/share/duckietown_msgs/cmake/export_duckietown_msgs__rosidl_generator_pyExport.cmake
[261.915s] -- Installing: /home/vboxuser/duckietown_ws/install/duckietown_msgs/share/duckietown_msgs/cmake/export_duckietown_msgs__rosidl_generator_pyExport-noconfig.cmake
[261.922s] Invoked command in '/home/vboxuser/duckietown_ws/build/duckietown_msgs' returned '0': CMAKE_PREFIX_PATH=/opt/ros/humble /usr/bin/cmake --install /home/vboxuser/duckietown_ws/build/duckietown_msgs
